0,0.000458273911582163,0.00846568312947402,0.00137069456537034,0,0.000699924858258528,0.67273740138619,0.0382529529747675,0.00345673819885658,0.00500103201142039,0.000155553781834619,0.000290162692945314,0.000187814783805366,1.37579379177646,0,0.000644862519273904,0.036003157699788,0,0.000536631328547161,0.00260950103645166,0.00663441136778583,0.000154593764036742,0.0423656675871335,0.002524703038341,0.000129707580180365,0.000155345768361719,0.000193964333677149,0.0121208458801088,0.995942153904508,0.298076654104479,0,0.00110967448468696,0.00519896830269351,0.0246080234286447,1.60054241731827e-05,0,0,0.005149607857587,0.00105709732761946,0.000374913637585828,0,0.000174869457442722,0.00011342380205126,0,0.000179372699381231,0,0,0,0,0,0,0,0,0,0,0,0,0,0,0,0,0,0,0,0,0,0,0,0,0.000123188291150565,0,0,0,0,0,0,0,0,0.000105087168713556,0,0,0,0,0
0.000458273911582163,0,0.0147797349797271,0,0.00133714662855071,0.000185743409991666,4.87208276431566e-05,0,0.66630555649219,5.64482633622033e-05,0.059989228397456,0.0013172343162004,0.189920365259739,6.81288323939894e-05,0.00173016344533665,0.029774466774942,0.000512535945919268,0.00670241372427062,0.00292092734310052,0,0.000651872640119885,2.60901594986513,0.00117485368717101,0.0585055804787431,1.84298962365698,0.0210224531280328,0.836477082974535,0.00321362530228641,0.000289827740330234,0.00148679801955906,0.104681763904364,0.00190716147070397,0.000255440248499514,0.016299526169676,2.57109888076427e-05,0.00762258226799093,0.048778173576598,0.0122609114805068,0.000912762169129368,0.013740002066064,0,0.0405860159617954,0.00107420582195772,0.143563701841959,0.0152558483870025,0.00319581731769214,0.000124235198906305,0,0.00220630622663157,0,1.66174464719239,0.0131158685550126,0,0,0,0,0,0.00259494021589566,0,0.00225193544566809,8.05332675834908e-05,0.002184300420527,0,0,0.000271293554093416,0.00919871316058802,0.000899745339891372,0.000805227448600706,0.000259595577332895,0,0.0433610484612765,0.00085114878999956,0.000290379957220122,0.0245946169775716,0.0509211422518643,0.252464235816512,0,0,0,0.00162958931808782,0,0,0.00331949762805831,0
0.00846568312947402,0.0147797349797271,0,0.000720169265067312,0,0.0012716974441263,0.076985965202257,0.0119342547766987,0.00281558983090691,0.00493142260925114,0.000225441191454318,0.000132260002708456,0,0.00727133141026406,0,0.00312994121700055,0.892223191940641,0.00191447578873024,0.0484281601601585,9.45435257845698e-05,0.0575857654543515,0.00740756699617046,2.93222797735331,0.00532245715677031,0,1.35614350976669,2.00968860620997,0.0718266570085296,0.00283321985173596,0.0484780813699162,0.000438710196707465,0,0.00193244721493105,0.593696645686123,0.000273658121625824,0.0160860971832736,0.335926726117383,0.13049682347817,0.00509122522761316,0.000151330596721431,0.000315521648507174,0,0.000381623021647282,0.0281754433690643,0.000564901443878939,0.000256279552825887,0,0,0,0,0.0409975255715613,0.00729589485015179,0,0,0,5.95635865886252e-05,4.82125933538137e-05,0.000663392249135282,0,0,0.000224471147210019,0,0,0,7.38014608877334e-05,0,0,0.000170658293651009,0,0.000180478009154009,0.0085028776496579,0.00113786971136658,0.00024227814372068,0,0,0.0116056139554855,0.00063394121191761,0,6.2755179071913e-05,0,0,0,0.000985151119814971,0
0.00137069456537034,0,0.000720169265067312,0,0.00145601358003339,0.00976093552939926,0.00641405009725762,0.00179446596042663,0.462324750370312,0.713014618229838,0,0.850122167300352,0,0.000416768230109408,0.0113967187971822,0.00118242668671774,0,0,0,13.8287165435439,0.000660460346427257,0.000637996234035558,0.00101516281314724,2.82005059319503,0,0,0.000722050882026051,1.81184772387802,0.000713556605654486,0.00215618903088678,0,8.6744980064724e-05,0.00077107493011738,0.000333500259103522,0.000261216591751099,0.00342488626159688,0,0.000323785654513279,0.000473674256755081,0.0384273999664404,0.000761588098631806,0,0.00168416766176616,0,0,0,0.00449490190019887,0,0,0.000413384595988459,8.92900412146637e-05,0,2.34473494555441,0,0.00165019024798294,0.000767204925769055,8.71475486405532e-05,0.0257957325434737,0.00950392073784611,0,0.569520392476031,0,0,0.000918857856292005,8.90907742632646e-05,0,0,0,1.25150347390618,0,0.000161690994872291,5.6169510176337e-05,0.0457679105297671,0,0,8.85582040409242e-05,0.015132313585189,0,0,0,0,0,0,4.82822338431204e-05
0,0.00133714662855071,0,0.00145601358003339,0,0.5406376235491,0,0.116072535179095,0.0572950990039288,0.00110820825990487,0.0119378948155639,0.0114061466799864,0.00634118822904975,0.0129839335911084,1.22698404889603,0,0,0,0,0.00213532523984413,0,0.0010608670979985,0,0.0164251358332025,0.00142687975464915,0,0,0.000574729747500408,0.059328164184408,0,0,1.72486284200791,0,0.316894177350194,3.83468811182865e-05,0.00523419744512443,0.00177827968877146,0.0388690017720554,0.0106397001456542,3.2889467766077,4.93898580887482,0.00485122571816961,0,0,0,0,0.000486743254530528,0,0,0,0,0,0.000358751124402681,0,0.000122144475027333,0,0,0,0.000153353541688245,5.72676170017587e-05,0.00100996553998084,7.73975150365758e-05,0,0.000565905888904775,0,0,0,0,0.000353666491403674,0,0.000349123942619489,0,0.000149314098130807,0,0,0,0,0,0,0,0,0,0,0
0.000699924858258528,0.000185743409991666,0.0012716974441263,0.00976093552939926,0.5406376235491,0,0.0844451457701366,2.39405411688556,0.0229461037275374,1.6720043055377,0.00828965995123713,2.42051094308035,0.00512359339261865,0.109131914754401,0.713671692384331,0,0.000955029046043469,0,0,0.32824623944567,0.000657622935006255,0.000585840916381372,0.00333014751818237,0.0295223626310921,0.00158062339350627,0,0.000150426918624579,0.0360217461271069,0.0617662128235428,0.00300665557650616,0,0.453564923169634,0.00022624112898811,0.0545575909424859,0.0604011207390235,0.0173399407649764,0.00311194896352794,0.0491923166647646,0.0134033242497863,1.24843451568652,0.226506083949943,0.00291377078073427,0.000491329626152725,0.000226169224477536,0,0.000113647769737481,0.00172266810270513,7.79999223692799e-05,0.000121713190802671,0,0,0,0.00109406521809877,0,3.14864837901467e-05,0.00042810218175161,0,0.00151324340923393,0.00100406306409884,0,0.00240845047532651,0,0,0.000305172803205621,0,0,0,0,0.00163124076960677,0,0,0,0.00431947292827666,4.4902381884719e-05,0,0,0.00040715598005042,0,0,5.48957013938398e-05,0,0,0,0
0.67273740138619,4.87208276431566e-05,0.076985965202257,0.00641405009725762,0,0.0844451457701366,0,0.24221113597023,0.0477162711823813,1.76490847187409,0.000329466638345284,0.00944353683078588,0.000361941097105654,0.493071820847138,0.00039667282609665,0.00173464479956421,0.0201963519563737,6.07618116257869e-05,0.000567967448273973,0.0277208943222606,0.0471978168578295,0.00112445972932042,0.150052522538383,0.1387283316254,3.89472765827473e-05,0.000971151636284009,0.00518509446210969,2.59151994093412,0.0327196118396546,1.50067239521131,0,0.000633178848769528,0.000510546685546098,0.0174758511049528,0.000172772961309123,0.00142717908062354,0.00180002556263985,0.016525931216314,0.00122615859812943,0.00189317674654982,0.000115791033739487,5.12159536288225e-05,3.10959247738461e-05,4.06213801851405e-05,0,0,0.000357893458767869,0,0,0,0,0,0.00105561686480093,0,9.52892696438755e-05,0.000572945978300767,0,0.00298673039663502,0.00190438507883057,0,0.0011383690847221,0,0,0,0,0,0,0,0.00303412062793491,0,0,6.3903602619404e-05,0.00817432071390427,0,0,0,0.00184351104643422,0,0,0,0,0,0,0
0.0382529529747675,0,0.0119342547766987,0.00179446596042663,0.116072535179095,2.39405411688556,0.24221113597023,0,0.0028082919209983,0.544410632896637,0.0179420535596762,0.0857342430382493,0.00956521534241497,3.06700859778986,0.0148420838398817,0.000268313442396424,0.00633044478434176,0,5.85249442275485e-05,0.0292765169218356,0.00412835198493443,0.000538192165113389,0.0198780490836856,0.00571454107545604,0.00125138603276806,0.00036173050346708,0.000466330377259749,0.0159457237482082,0.254428283323464,0.0284113289337794,0.000339761719117277,0.353980559158188,0.000305378988243558,0.111530079878664,0.000203831313316684,0.0301691221017906,0.0056566605894438,0.0980797923447798,0.0223745864210816,0.223586546796824,0.0986024574688154,0.00643910917639587,0.000259446487590188,0.000398116062201583,0.000117285863589583,0,8.47399508241108e-05,0,0.00020823679344988,0,0,0,0.000294661577241548,0,0,0,0,9.48258729099923e-05,2.67323501424793e-05,6.69626614351968e-05,6.860794136888e-05,0.000443918342317371,0,0,0.000161509480248112,0,0,0,9.39175217623978e-05,0,0,0,0.000312824097635295,0,0,0,0.000157264608602303,0,0,0,0,0,0,0
0.00345673819885658,0.66630555649219,0.00281558983090691,0.462324750370312,0.0572950990039288,0.0229461037275374,0.0477162711823813,0.0028082919209983,0,0.101830128011654,0.00526058012554543,1.21546130530928,0.0235089609185213,0.00180694700790309,0.669441905775401,0.0442516705169064,0.00040086992893771,0.000720567620040857,0,0.320599982039117,0.00763187798971951,1.80802592681752,0.0150638508449248,4.86066260181365,0.146494573225422,0.00235184770220874,0.10753296921733,0.241773107201982,0.012941530525179,0.0607797272469348,0.00978966021061066,0.000843595083444906,0.0210446430911969,0.0120320593787129,0.000390234985481238,0.121500103296034,0.00608981709254163,0.0195638087445384,0.00871184442871949,1.01374009860244,0.00655152400185662,0.0031378341554086,0.0020298068308221,0.00057354787130858,0.000383295397058798,0.000106280982004893,0.00774530554296262,0,0,0,0.0104599775742509,9.58656947539251e-05,0.00894223115060604,0,0.000278556454582149,0.000247419932268155,0,0.114087993298864,0.00349309764179556,0.000177859788603191,0.0130632095660721,0,0,0.0015807626703789,0.000169135267230509,0,0.00010720693796532,0,0.0214823862075435,0,0.00683494654158746,0,0.0201631581637745,0,5.31480654077329e-05,0.000352357731573672,0.00347442693690646,0,0,0,0,0,0,2.23950555141878e-05
0.00500103201142039,5.64482633622033e-05,0.00493142260925114,0.713014618229838,0.00110820825990487,1.6720043055377,1.76490847187409,0.544410632896637,0.101830128011654,0,0.00110370777038677,1.64407832601293,0.000603496748703136,0.493954417035815,0.00508107627713174,0.000451318899568086,0.00019817141965763,4.22716851263523e-05,0,2.58330837159404,0.00284106150597047,0.000173455748651609,0.00485214916816681,0.183452076737418,0.00014189720250922,0.000120484372610981,0.000882504646417813,1.0021581641535,0.0152960600221249,0.00477884782449229,0,0.00094801106231549,0,0.00613827318503701,0.0329154196822108,0.00486775834720226,0.000617303204400022,0.00593478969685761,0.00117765573505378,0.0221925543164984,0.000338121800934983,0.000122799733810528,0.000947323319594904,0,4.7949936236536e-05,4.08324410477463e-05,0.00426175157251836,0,0,0,0.000115908198612178,0,0.0153634735211637,0.000154971605072367,0.000913798862572755,0.00299817026922832,2.13948416015023e-05,0.0272102348338968,0.0145481459869501,0,0.012633503417597,0,0.000138082231282607,0.000553405658826898,9.11522612535229e-05,0,0,0,0.0228299571547297,8.90603514393197e-05,0.000320842283883325,6.77549039176384e-05,0.057346092257058,0.000111261552027788,0,0.000157491622168038,0.00948984116530119,0,0,0,0,0,0.000145592296261165,0
0.000155553781834619,0.059989228397456,0.000225441191454318,0,0.0119378948155639,0.00828965995123713,0.000329466638345284,0.0179420535596762,0.00526058012554543,0.00110370777038677,0,0.00178177657974045,1.42211787315962,0.0150392155508206,0.000216890956095008,0.000300920314414378,0.0601950375269297,2.0060908647474,0.617216741728765,0.000489328758082873,0,0.00616595070778126,0,0.000615400901992609,0.500884908840545,0.944573434830251,0.0570704034805834,0.00022257215825896,0.0337132429037326,0.00030252113303772,0.794378249153111,0.0737942110384738,0,1.4527507859541,0,0.00685450076850813,0.659329794028311,0.554878941411985,0.00836414840659893,0.00405657299770006,0.0200766682812865,0.324792839739371,0,0.0432683762373706,0.00106739996508551,0.000107279493070926,0,0,0.00165377602346109,0,0.00449910657218441,0,0,0,0,0,0,7.10131563551215e-05,0,0.0448009092178805,0.000157499585419876,0.046863506235042,0,0,0,0,0.00908216310174997,0.000803081114954802,0,0,0.00029510476829694,0,2.25381265459706e-05,0.125527090771608,0.0135241377902974,0.00791421636829654,0,0,0,0.0285093406987755,0,0,0.000243604648819807,0
0.000290162692945314,0.0013172343162004,0.000132260002708456,0.850122167300352,0.0114061466799864,2.42051094308035,0.00944353683078588,0.0857342430382493,1.21546130530928,1.64407832601293,0.00178177657974045,0,0.0014325796872798,0.0257297262079058,1.12264293284605,6.97127907751931e-05,0.000215837577375796,0,0,9.55687277460327,0.000100468184839266,0.00172826630907834,0.0001390252669554,0.619530155005245,0.000409335659425962,0,0.000477106664301608,0.043816942827129,0.0221972134757937,0.000211869413557989,0,0.00902847878950088,0.000142037849570795,0.0123592271606423,0.144026239528368,0.0350605002052268,0.00106031860883744,0.0133069939898307,0.00330149171099526,0.630028605123122,0.00283146850279462,0.000941603201295056,0.00448859319232629,0,0.00018792803168833,0,0.0237561906982746,0,0,0,0.00151170034006537,0,0.0231488749988143,0.000846757644993716,0.000699253973508796,0.000333970322522186,7.27642929204009e-05,0.00858367335834173,0.00838996010294124,4.93935881538347e-05,0.0433892021643159,4.74720059669121e-05,0,0.00574218967963064,8.8265366020128e-05,0,7.39970640710073e-05,0,0.0322364916482064,0,0.000147198307775926,0,0.0283585628241871,0.000173755116863737,0,0.000175854082265178,0.00572044958724148,0,0,0,0,0,0,0
0.000187814783805366,0.189920365259739,0,0,0.00634118822904975,0.00512359339261865,0.000361941097105654,0.00956521534241497,0.0235089609185213,0.000603496748703136,1.42211787315962,0.0014325796872798,0,0.0051250566131008,8.99832510586895e-05,0.000594773003909851,0.000126390839660895,0.0319368165107009,0.00132507261168396,0.000140950086983248,0.000561663906353586,0.0367826816868918,0.0015750020856264,0.00290870115474662,2.73889587825307,0.0556175654418152,0.536521923441144,0.000457252942851966,0.0235241752423014,0.000539339528053245,2.3587760291761,0.036173225788861,0.0002632707522299,0.216476875636082,0.00202960768689331,0.82245709651426,0.2413841870438,0.60590312736516,0.464678408784135,0.0695937165985704,0.136199025256004,1.35552555598188,0.0139170473370329,0.0333876395300846,0.0135092684057121,0.00868253763272855,0.00235104421158007,0.00644197693096579,0.0262007953579009,0,0.00824786337850034,0,8.0585980919738e-05,0,5.53293473715133e-05,0,0.000328298693931558,0.000882871947360651,0,0.0329892712100123,0.000179584380213986,0.12478453686659,3.38378514742541e-05,0,0,0,0.0231492911667027,0.00133467978979805,0,0,0.00042949489769803,0,0.000209590898325906,0.139148713052012,0.0294620545680697,0.0205402947859139,3.89711393430324e-05,0.000239077426517514,0,0.0523649568052509,0.000237141637267718,0,0.000167647916268546,0.000201516396860209
1.37579379177646,6.81288323939894e-05,0.00727133141026406,0.000416768230109408,0.0129839335911084,0.109131914754401,0.493071820847138,3.06700859778986,0.00180694700790309,0.493954417035815,0.0150392155508206,0.0257297262079058,0.0051250566131008,0,0.00168068539416517,0.0001718521878054,0.013104172096544,5.18911677881411e-05,0.000116096349571174,0.012541564627121,0.0039336851416747,0.000432980351225121,0.0266333292692627,0.00335433981687066,0.000710337856851151,0.000352638695482832,0.000372444176097753,0.014634781238796,2.23936593011591,0.075701319427759,0.000294875025277957,0.293968582514099,0.000757279340258149,0.145335903438616,3.76843639103818e-05,0.0400334272305228,0.00438991886172746,0.0856916562985689,0.0129811958163877,0.0800551970861307,0.0154241080303256,0.0024246499104688,0.000269831315799243,0,0,3.42836543210717e-05,5.20730719831149e-05,0,9.72166853192345e-05,0,0,0,0,0,0,2.76977341550407e-05,0,0.000221915805251271,3.19872549779648e-05,6.11633141086546e-05,0.00018765451820448,0,0,6.51241027567733e-05,0,0,0,0,0.000258829438004552,0,0.000345004891645895,8.99519515182414e-05,0.000179205409987867,3.83506863035009e-05,0,0,8.50385491989371e-05,0,0.000146065001973608,0,0,0,0,0
0,0.00173016344533665,0,0.0113967187971822,1.22698404889603,0.713671692384331,0.00039667282609665,0.0148420838398817,0.669441905775401,0.00508107627713174,0.000216890956095008,1.12264293284605,8.99832510586895e-05,0.00168068539416517,0,0,0,0,0,0.0235725399455903,0,0.00491132389456938,0,0.115138318326006,0.000463844980630901,0,0.000883662659317135,0.00353317891981967,0.00111158917102269,0.000224181521051633,0,0.0129716735369623,0,0.000595600156098643,0.0252935276734986,0.00576412151111378,0.0010025007702463,0.00240788573988913,0.000142609501015164,2.77674389730854,0.103965304648684,0,0.00453572287204631,0.0104354205290002,0.00592531424249834,0.00867536342329883,0.00128228881233968,0,0,0,0.000146633792896672,0.000431429641425643,0.00110152708854544,0,9.74927521493725e-05,3.88244008123705e-05,0,0.00162891412907736,0.000141027379239297,0.000398775927664161,0.00290216659690999,9.58419300677998e-05,0,0,0,0,0,0,0.00137779368212059,0.000547419821979847,0.000193635627388129,0.000298242946269002,0.00146199824521878,0.000360069406941544,0,0.00158591028745188,0.000302074881155884,3.27112854329147e-05,0,0,0,0,0.000216067369033543,0.00217915206715036
0.000644862519273904,0.029774466774942,0.00312994121700055,0.00118242668671774,0,0,0.00173464479956421,0.000268313442396424,0.0442516705169064,0.000451318899568086,0.000300920314414378,6.97127907751931e-05,0.000594773003909851,0.0001718521878054,0,0,0.00223191676171978,0,0,0.000139201318749681,0.673765430638192,2.61948624908671,1.89284932935974,2.44490644920946,0.00538774597877488,0.000716193226670018,1.21521655201259,0.351678482111653,0.00275175599799032,0.0266836801501996,0.000493684403773703,0,0.0102334105083184,0.0176234235127119,0.000283263301980502,0.0151395810974898,0.00959483730231739,0.0259368407238973,0.00503652985061742,0.000467130779024345,0.00124976496496265,0.00046436725340011,0.000195619262627718,0.00146781346260175,0.000315600850755867,0.000138434078729641,0,0,0.000104070302799214,0.000561063893406249,0.00119310561349319,0.000213039464722072,0,0,0,0,0,0.000928273840571483,4.90839063959142e-05,0,0.000222802972252218,7.2071324582491e-05,0,0,0.277562838095689,0,0,0,0,0.000600197835626242,0.0205598307885086,0.000730352898037316,0.000514305910566493,0,0,0.000695078113651151,0.000312691467010604,0.000133772127845854,0.000706896514597074,0,0,0,0,0
0.036003157699788,0.000512535945919268,0.892223191940641,0,0,0.000955029046043469,0.0201963519563737,0.00633044478434176,0.00040086992893771,0.00019817141965763,0.0601950375269297,0.000215837577375796,0.000126390839660895,0.013104172096544,0,0.00223191676171978,0,0.0517420505152224,3.94500966943789,0,0.0467377277415028,0.00151127288944158,1.72834274098509,0.000561769833419183,0,0.849060374991618,0.0207868781997439,0.00502487242185038,0.0514907697560896,0.145005473437769,0.000204130655843023,0,0.0169316031489486,0.901935474575172,0,0.000801506463038071,0.0405092830818963,0.0170592808596927,0.000723689416598942,0,0,0,0,0.000373169763412409,0,0,0,0,0,0,0.000589624817140047,0,0,0,0,0,0,0,0,0,0,0,0,0,0,0,0,0,0,0,0,0,0,0,0,0.000235430075793335,0.000169978692174681,0,0,0,0,0,0,0
0,0.00670241372427062,0.00191447578873024,0,0,0,6.07618116257869e-05,0,0.000720567620040857,4.22716851263523e-05,2.0060908647474,0,0.0319368165107009,5.18911677881411e-05,0,0,0.0517420505152224,0,2.36195228608542,0,0,0.000826751844531436,0.000397450045513031,0,0.0133123410057097,1.10766730647402,0.0255051792218572,0,0,0,0.203266386540091,0,0,0.0063678505319578,0,0,0.0671477323827278,0.00269904560067777,0,0,0,0,0,0.00032658888104552,0,0,0,0,0,0,0.000270284559223236,0,0,0,0,0,0,0.000374377900770001,0,0.000701490354417279,0,0.000875592114151735,0,0,0,0,0.00246424708647102,0.000281811045919411,0,0,0,0,0,0.00306382866355222,0.00141135501708799,0.00115554505797202,0,0,0,0.000904298831633784,0,0,0,0
0.000536631328547161,0.00292092734310052,0.0484281601601585,0,0,0,0.000567967448273973,5.85249442275485e-05,0,0,0.617216741728765,0,0.00132507261168396,0.000116096349571174,0,0,3.94500966943789,2.36195228608542,0,0,0.000752745637677687,0.000177324538640933,0.0168846528835488,0,0.000383249891553291,1.70037884256312,0.0213573923831278,0,0.000801351898143971,0.00330085887544545,0.00641582134327172,0.000395530848131116,0,0.635286671972998,0,0,0.106531247073113,0.0718895787807559,0,0,0,0,0,0,0,0,0,0,0,0,0.000273834087983491,0,0,0,0,0,0,0,0,0.000209419875091515,0,0,0,0,0,0,8.9837959624299e-05,0,0,0,0,0,0,0,0.000261970409383322,6.57515825883083e-05,0,0,0,0.000356713766454374,0,0,0,0
0.00260950103645166,0,9.45435257845698e-05,13.8287165435439,0.00213532523984413,0.32824623944567,0.0277208943222606,0.0292765169218356,0.320599982039117,2.58330837159404,0.000489328758082873,9.55687277460327,0.000140950086983248,0.012541564627121,0.0235725399455903,0.000139201318749681,0,0,0,0,0.000106850055546124,0.000208122860519709,0.000516447409674534,1.02958672503243,9.35994697261978e-05,0,0.000155443265712952,0.427952853218116,0.00716140688303046,0.000622663568167719,0,0.00137114100083762,0,0.00538085920998028,0.00918731424644671,0.00556118888994549,0.000432694309613554,0.00302755580230165,0.000935112302973897,0.0362372330666567,0.000567662516479578,0.000613095946937635,0.00143198305434906,7.79628003466344e-05,0,0,0.00549956517261108,0,0,0,0.000119897962322542,0,0.0219533823590518,0.000481072984887232,0.000634437231746852,0.00105630102256176,0,0.0201746713636795,0.00874687409955668,0,0.0163049788298419,0.000371769206214092,0.000209280956845212,0.000387672605123256,0.000143811315388306,0,0,0,0.0325538317256629,0,0.000501565094402023,0,0.0400230375022161,0,0,0.000178710154003943,0.00513159192975385,0,0,0,0,0,0,0
0.00663441136778583,0.000651872640119885,0.0575857654543515,0.000660460346427257,0,0.000657622935006255,0.0471978168578295,0.00412835198493443,0.00763187798971951,0.00284106150597047,0,0.000100468184839266,0.000561663906353586,0.0039336851416747,0,0.673765430638192,0.0467377277415028,0,0.000752745637677687,0.000106850055546124,0,0.0348943808256984,6.41928303872796,0.116613755896065,0.000185820375533099,0.000635976463122024,0.0291762404791985,1.13606613326267,0.122982060860928,2.89255811751696,0,0,0.457870459172235,0.536007277514118,0.00124274556297951,0.04046775253393,0.0259507996409514,0.172974835241224,0.00636115912955881,0.000540654154452144,0.000134864782134376,5.83975058074566e-05,0.000541741210747505,2.88455501679748e-05,0.000752358410364827,0.000322313853570846,0,8.36632840486816e-05,0,0.000263381062355713,0,0,5.19241740793569e-05,0,0,7.56783181798254e-05,0,0.000493467412372314,2.38136894616472e-05,0,0.000226056329721591,0,2.60878365897109e-05,0,0.0039210048400168,0,0,0,0.000252503282478944,0.00142901896372017,0.0101786728021046,0.000682578932826453,0.000662557706912854,0,0,0.000252380320344005,0.0012497410490673,7.33334471577459e-05,0.000461190645747112,0,0,0.000173013567598649,0.000153421037409684,4.42542189101327e-05
0.000154593764036742,2.60901594986513,0.00740756699617046,0.000637996234035558,0.0010608670979985,0.000585840916381372,0.00112445972932042,0.000538192165113389,1.80802592681752,0.000173455748651609,0.00616595070778126,0.00172826630907834,0.0367826816868918,0.000432980351225121,0.00491132389456938,2.61948624908671,0.00151127288944158,0.000826751844531436,0.000177324538640933,0.000208122860519709,0.0348943808256984,0,0.0361565015957317,1.53624239783628,0.185598900696079,0.0024292279961048,0.810989279345117,0.0896487302491406,0.0131148951770408,0.0541850367478539,0.0141186945429699,0.000244563369627226,0.027432098555549,0.0187763657427328,0.000728329337406249,0.0551786292611289,0.0374479767987658,0.0474396966564424,0.014174191377667,0.0292237844192157,0.000609762075290649,0.00328806011531134,0.00104322386366643,0.00659782710841197,0.00195406319475663,0.000757524994135853,0,0,0,0,0.0167318399790309,0.0044368982494593,0.00037813632267307,0,0,0,0,0.00391707753620765,0.000130401680572365,9.89936323897316e-05,0.000306203758920872,0.000197528637956623,0,0,0.0230275267534677,0.000708149283722728,0,0,0.000420702643174516,0.000421037937232808,0.954585032433422,0.0140316811116017,0.000724107854964363,0.000578632026998788,7.57780404876079e-05,0.0124905146135304,0.000157543272779996,0.000113596069068518,0.00164817562019962,0,0,0,0.000593533320466957,0.000103616929634663
0.0423656675871335,0.00117485368717101,2.93222797735331,0.00101516281314724,0,0.00333014751818237,0.150052522538383,0.0198780490836856,0.0150638508449248,0.00485214916816681,0,0.0001390252669554,0.0015750020856264,0.0266333292692627,0,1.89284932935974,1.72834274098509,0.000397450045513031,0.0168846528835488,0.000516447409674534,6.41928303872796,0.0361565015957317,0,0.0514498733927549,3.83639786837931e-05,0.0228985613738812,1.14713128148077,0.407932151721968,0.295627361933122,0.419661232456895,0,0.000507251022587899,0.0732122510875584,0.724165632280524,0.00367296506011719,0.0845390447697152,0.199455734018569,0.447764421239771,0.0135686593776311,0.00118372163540897,0.000493708814865676,0.000153924415003752,0.00116908249186693,0.00048082427983645,0.00049944195369786,0.000424928552399245,2.73039120956536e-05,0,0,0.000103970282726677,0.000850828908283519,0.000406227427906382,0,0,2.06492306407998e-05,0,0,0.000509035498977527,7.99363795000885e-05,0,0.000140430326670047,4.31075497215904e-05,0,0,0.0476515107925957,0,0,0,0,0.000881380848613938,0.00579454414446168,0.000615658801971754,0.00102544642239949,0,0,0.000949240827622337,0.000800829358700068,0.000302253734227553,0.000636734671714404,0,0,0.000100681378702243,4.07417439105082e-05,0.00029864479698952
0.002524703038341,0.0585055804787431,0.00532245715677031,2.82005059319503,0.0164251358332025,0.0295223626310921,0.1387283316254,0.00571454107545604,4.86066260181365,0.183452076737418,0.000615400901992609,0.619530155005245,0.00290870115474662,0.00335433981687066,0.115138318326006,2.44490644920946,0.000561769833419183,0,0,1.02958672503243,0.116613755896065,1.53624239783628,0.0514498733927549,0,0.0129042187925384,0.000759276362022427,0.123329741526296,2.61248331409592,0.0128418494859774,0.067679830694145,0.000355031433751706,0.000672263738315344,0.0129533900627439,0.0124086800399729,0.000490502250033572,0.0683260039659966,0.00594991833511716,0.0200393553619802,0.00440226954645998,0.374696479023449,0.0037436058958928,7.38713242335416e-05,0.00463383905998351,0.000757028594339298,0.000928762643521739,3.74893622959865e-05,0.0163531284473468,0,0,0,0.00181915316757708,5.61754931648704e-05,0.0351449433276396,0.000575517506496609,0.00208174732035798,0.00414852896967524,0.000164754335211983,0.051233834870889,0.0189136284620702,0,0.0328253239226513,0.000108214545955679,4.37722571555682e-05,0.0021410041564292,0.00156422552470424,0,0,0,0.0509109457659244,0.000608422161957993,0.0102381655506856,0.000534898998564418,0.073524894349263,5.62073359721468e-05,0,0.000811103164971987,0.0146071828759783,0.000196369084270732,0.000322408856325083,0,0,0.000275809443660353,0.000385161936259593,2.33058105689656e-05
0.000129707580180365,1.84298962365698,0,0,0.00142687975464915,0.00158062339350627,3.89472765827473e-05,0.00125138603276806,0.146494573225422,0.00014189720250922,0.500884908840545,0.000409335659425962,2.73889587825307,0.000710337856851151,0.000463844980630901,0.00538774597877488,0,0.0133123410057097,0.000383249891553291,9.35994697261978e-05,0.000185820375533099,0.185598900696079,3.83639786837931e-05,0.0129042187925384,0,0.0409162064428642,0.841976779678147,0.000694267376994778,0.00339636199283376,0,0.289825616034963,0.00928216369497605,0.000202060637904075,0.0377248040510656,0,0.025204874354899,0.169273120580805,0.0550238430519886,0.00264787466476706,0.00369216583128193,0.00471638157866741,0.475378642913144,0.0275819516884869,0.165152096807575,0.0167266255571393,0.00749136505334745,0.000291466209953989,0.00201905713308336,0.052400552789436,7.92936320506629e-05,0.193399464808551,0,0,0,0.000127934423349856,0,0.000297286774168413,0.00102715471666756,0,0.066366986825456,7.35017838874134e-05,0.0834986825479143,0.000338525915957542,0,0,0.000165812452580117,0.0311230412230479,0.00472368585616667,0,0,0.00157434680754704,0,0,0.674237714595473,0.0744663107359137,0.145066171036487,7.35771326685463e-05,0.00015768871701116,0,0.0351104242160626,0,0,0.00155457617467037,0
0.000155345768361719,0.0210224531280328,1.35614350976669,0,0,0,0.000971151636284009,0.00036173050346708,0.00235184770220874,0.000120484372610981,0.944573434830251,0,0.0556175654418152,0.000352638695482832,0,0.000716193226670018,0.849060374991618,1.10766730647402,1.70037884256312,0,0.000635976463122024,0.0024292279961048,0.0228985613738812,0.000759276362022427,0.0409162064428642,0,1.59971177876076,0.000915459441550872,0.000461757573533536,0.0014262484112,0.693299216915391,0.000277323266287231,4.7749703799599e-05,0.141098398972629,6.02013890535144e-06,0.00092753960427077,0.0851504674435031,0.013184001641494,7.22154199315865e-05,0,0,0.000494608710951056,9.15531043294219e-05,0.00158551039519123,0.000100459304331446,0,0,0,0,0,0.00229717032856558,0,0,0,0,0,0,0,0,0.00224053287270474,0,0.00297518104857958,0,0,7.45321673886242e-05,0,0.00538434764387063,0.000728714814646931,0,0,0,0,0,0.014331482207266,0.00713789611250423,0.00914673120276364,0,0,0,0.00420265450728915,0,0,0,0
0.000193964333677149,0.836477082974535,2.00968860620997,0.000722050882026051,0,0.000150426918624579,0.00518509446210969,0.000466330377259749,0.10753296921733,0.000882504646417813,0.0570704034805834,0.000477106664301608,0.536521923441144,0.000372444176097753,0.000883662659317135,1.21521655201259,0.0207868781997439,0.0255051792218572,0.0213573923831278,0.000155443265712952,0.0291762404791985,0.810989279345117,1.14713128148077,0.123329741526296,0.841976779678147,1.59971177876076,0,0.136781995022305,0.00224801116295795,0.0158113588168413,0.41257786074955,0.000210112568586233,0.00229757278758503,0.17699399543475,0.000802806438003402,0.0311081163312574,0.24523735605381,0.179315352460499,0.00633939390334538,0.00522925034124293,0.000224769114447537,0.000749234875124423,0.00209372122571932,0.0666506452366282,0.00538851999534963,0.000498872267798572,2.12879026870996e-05,0,0,3.35727056145799e-05,0.282291668752031,0.0272114946829974,0,0,0,0.000338082151332115,0,0.00119911274512028,2.06627937285193e-05,0.0034508246129901,0.000115590764661225,0.00259338210963646,2.49549891881773e-05,0,0.00985822993847387,0.00114938939026901,0.00460852056102373,0.000773345021509216,1.96048271441838e-05,0.000228403893927268,0.113163244246027,0.00502547700649479,0.000545926657012115,0.0403956354279593,0.0259021418091973,0.126748144852705,0.000433846618098107,0,7.10868861479438e-05,0.0050256509059337,0,0.000172922324549291,0.00146365410546598,0.000197154206347862
0.0121208458801088,0.00321362530228641,0.0718266570085296,1.81184772387802,0.000574729747500408,0.0360217461271069,2.59151994093412,0.0159457237482082,0.241773107201982,1.0021581641535,0.00022257215825896,0.043816942827129,0.000457252942851966,0.014634781238796,0.00353317891981967,0.351678482111653,0.00502487242185038,0,0,0.427952853218116,1.13606613326267,0.0896487302491406,0.407932151721968,2.61248331409592,0.000694267376994778,0.000915459441550872,0.136781995022305,0,0.0337633609017318,0.930955898644518,0,0.000110477390323223,0.041570465744687,0.0728875398934251,0.00106490616931559,0.0376074253510024,0.00902058549961859,0.0757346490258767,0.00956581959042688,0.0177529116920985,0.000477663324064174,0.000187973287958245,0.00204177436496105,0.000516800974182177,0.00129008662898779,0.000313881621441381,0.00246247565492211,9.39827805351758e-05,0,9.44851121650638e-05,0.000743693507716809,0.000386168910916398,0.0350652821031081,9.43386791420371e-05,0.000646089958113507,0.00113535355218538,7.57039143298647e-05,0.0152415365394709,0.00699976670345161,2.55691239364059e-05,0.0105406620552787,0.000113840633978104,7.94684386429625e-05,0.000235858080863436,0.00218130639206644,0,0,0,0.012732371419908,0.00134076376568782,0.0106712388643538,0.00129324621178349,0.0259679825147137,0.000106977390328316,0,0.000778214384138043,0.0117065410800776,0.000426270424219111,0.00132452464039179,0,0,0.000395411258310737,0.00030715255699647,7.24669393690287e-05
0.995942153904508,0.000289827740330234,0.00283321985173596,0.000713556605654486,0.059328164184408,0.0617662128235428,0.0327196118396546,0.254428283323464,0.012941530525179,0.0152960600221249,0.0337132429037326,0.0221972134757937,0.0235241752423014,2.23936593011591,0.00111158917102269,0.00275175599799032,0.0514907697560896,0,0.000801351898143971,0.00716140688303046,0.122982060860928,0.0131148951770408,0.295627361933122,0.0128418494859774,0.00339636199283376,0.000461757573533536,0.00224801116295795,0.0337633609017318,0,1.78494591997864,0.00109434529218688,0.874648688340233,2.217671435796,1.28737285429647,0.00220057051328407,0.202820149703249,0.0319919516370474,0.457042893643505,0.0785289250006175,0.0673015937878783,0.0820764926663097,0.00984210629557636,0.000156389951822961,0.000516792620989042,0.000429639090899385,0.000130250925289092,2.04858214356649e-05,0,9.75739137276388e-05,0,0,0,0.00017909021640836,0,0,0,0,0.000319569478846927,4.38369022515302e-05,4.20513216525436e-05,0.000283799717124916,0.000208973839142972,0,0,4.50948338912432e-05,0,0,0,0.000174215557880669,0.000219608380063518,0.00203080571858916,0.000377590810035991,0.000576379301246444,0.000403912146471389,0,0,0.000259490639096624,6.82638498651852e-05,5.86737542905441e-05,4.27167141941443e-05,0,0.000100703771657984,0,0.000286509068122125
0.298076654104479,0.00148679801955906,0.0484780813699162,0.00215618903088678,0,0.00300665557650616,1.50067239521131,0.0284113289337794,0.0607797272469348,0.00477884782449229,0.00030252113303772,0.000211869413557989,0.000539339528053245,0.075701319427759,0.000224181521051633,0.0266836801501996,0.145005473437769,0,0.00330085887544545,0.000622663568167719,2.89255811751696,0.0541850367478539,0.419661232456895,0.067679830694145,0,0.0014262484112,0.0158113588168413,0.930955898644518,1.78494591997864,0,0,5.93908225204089e-05,0.513062435471294,0.715845182978603,0.000248484323555138,0.00947585703740169,0.00421659658163601,0.0722042027918115,0.00376130562876401,0.00072272473166643,0,0.000272656518310364,0.00121010606019353,0,0.000421982525436233,0.000609180256717471,0,0,0,0.000103976306869996,0.000119797858781999,7.5060267818376e-05,0,0,5.93904630804237e-05,0,0,0.00078360838391715,0,5.69659171489713e-05,0.000159487214106038,0,7.79178411100707e-05,0,0.00086218855829838,4.83427472058873e-05,0,0,0.000442685523441318,0.00138149892905182,0.00979904718997718,0.000955032637454917,0.0011847901986316,0,0,0.000100323228268265,0.00195861106872895,0.000385406655807958,0.00120201095014602,0,0,0.000317771745511879,0.000158057819646768,0
0,0.104681763904364,0.000438710196707465,0,0,0,0,0.000339761719117277,0.00978966021061066,0,0.794378249153111,0,2.3587760291761,0.000294875025277957,0,0.000493684403773703,0.000204130655843023,0.203266386540091,0.00641582134327172,0,0,0.0141186945429699,0,0.000355031433751706,0.289825616034963,0.693299216915391,0.41257786074955,0,0.00109434529218688,0,0,0.00132047629551622,0.000559413838129318,0.0106451063265246,0,0.00112811729565533,0.101103593115295,0.0190059020656329,0.000702400690018673,8.47956115039503e-05,0,0.0074007760145141,0.000156751857157314,0.00633855875119769,0.00110217230177937,0,0,0,0,0,0.00389448143998203,0,0,0,0,0,0,0.000258275515986651,0,0.0103942572372136,0,0.0185950595265214,0,0,0,0.000399801674580364,0.0229000209638455,0.00356737592668021,0,0,0.000306050031297836,0,0,0.0777801281263305,0.0154616468402345,0.0131165654440921,0,0,0,0.0405999688166967,0,0,0,0
0.00110967448468696,0.00190716147070397,0,8.6744980064724e-05,1.72486284200791,0.453564923169634,0.000633178848769528,0.353980559158188,0.000843595083444906,0.00094801106231549,0.0737942110384738,0.00902847878950088,0.036173225788861,0.293968582514099,0.0129716735369623,0,0,0,0.000395530848131116,0.00137114100083762,0,0.000244563369627226,0.000507251022587899,0.000672263738315344,0.00928216369497605,0.000277323266287231,0.000210112568586233,0.000110477390323223,0.874648688340233,5.93908225204089e-05,0.00132047629551622,0,0.000633149914606321,0.94907128536385,0.000306021218874826,0.0339824228992003,0.0188187180220611,0.222912126409324,0.102929942594035,0.20418241360615,0.961799183280456,0.0321569641661622,0,0.000149499436842689,0.000214288561089652,0.000218537216977147,0.000170165740675195,0,0.000915574085329919,0,0,0,0,0,0,0,0,0.00044361565489359,0,0.000222742933905947,0.000274915541475816,0.000680624319511752,0,0,0,0,0,0,0.000176848112928498,0,0,0,0,0.000410090801009297,0,3.28011814209666e-05,0,0,0,0,0,0,0,0
0.00519896830269351,0.000255440248499514,0.00193244721493105,0.00077107493011738,0,0.00022624112898811,0.000510546685546098,0.000305378988243558,0.0210446430911969,0,0,0.000142037849570795,0.0002632707522299,0.000757279340258149,0,0.0102334105083184,0.0169316031489486,0,0,0,0.457870459172235,0.027432098555549,0.0732122510875584,0.0129533900627439,0.000202060637904075,4.7749703799599e-05,0.00229757278758503,0.041570465744687,2.217671435796,0.513062435471294,0.000559413838129318,0.000633149914606321,0,1.45442003290015,0.000142309421462214,0.00617992238352515,0.00159782978812403,0.190881736574324,0.0127138190348487,0.000257061311818799,0.00229259659549438,0.000563233664598361,0,0,0.000507187452518099,0,0,0,0,0,0,0,0,0,0,9.37396853996743e-05,0,0.000673368522279635,0,0,0.000270372814644593,0,0,0,0.000520368262248248,0,0,0,0,0.000800379981167311,0.00598577045711674,0.000435512501080954,0.000537129064042797,0,0,0,0.000209773127991348,0,0.000482159466028684,0,0,0,0.000175049119833072,0
0.0246080234286447,0.016299526169676,0.593696645686123,0.000333500259103522,0.316894177350194,0.0545575909424859,0.0174758511049528,0.111530079878664,0.0120320593787129,0.00613827318503701,1.4527507859541,0.0123592271606423,0.216476875636082,0.145335903438616,0.000595600156098643,0.0176234235127119,0.901935474575172,0.0063678505319578,0.635286671972998,0.00538085920998028,0.536007277514118,0.0187763657427328,0.724165632280524,0.0124086800399729,0.0377248040510656,0.141098398972629,0.17699399543475,0.0728875398934251,1.28737285429647,0.715845182978603,0.0106451063265246,0.94907128536385,1.45442003290015,0,0.000648855062925611,0.115213386858058,1.92810408252196,4.54449094946728,0.228407744767516,0.0361898695382851,0.360187142627364,0.0602381415672129,0.00110660460961916,0.0088484273063268,0.000159825664259232,0.00109349796310794,7.48203546369064e-05,0,0.000658884379472983,0.000100616350701347,0.0144365745372642,0.00351526357257057,7.54775000119364e-05,0,2.74503732939027e-05,0,0,0.00056053886960189,7.17437337135591e-05,0.000963622795399079,0.000380139482854971,0.00245230604563915,0,0,0.000415951719006612,0,0.000141555245962734,0,0.00039240672298282,0.000218627667418522,0.00349604974695082,0.000229555842339421,0.000615992053999241,0.00180936268149272,0.000236930222431069,0.00310655027277722,0.000273594731955127,6.41861515003625e-05,0.000128927846382954,0.000226921928489218,0,0,0.000230129112706076,5.52545831570455e-05
1.60054241731827e-05,2.57109888076427e-05,0.000273658121625824,0.000261216591751099,3.83468811182865e-05,0.0604011207390235,0.000172772961309123,0.000203831313316684,0.000390234985481238,0.0329154196822108,0,0.144026239528368,0.00202960768689331,3.76843639103818e-05,0.0252935276734986,0.000283263301980502,0,0,0,0.00918731424644671,0.00124274556297951,0.000728329337406249,0.00367296506011719,0.000490502250033572,0,6.02013890535144e-06,0.000802806438003402,0.00106490616931559,0.00220057051328407,0.000248484323555138,0,0.000306021218874826,0.000142309421462214,0.000648855062925611,0,0.0198401606494967,0.0260871833086168,0.0531267536193539,0.024012221474618,0.00113430920059964,0.000850939437879805,0.000112430330318738,0.024802235173281,0.0198350173922006,0.0135232127043111,0.0184282651347705,5.76448297378816e-05,0.000125846590018991,0.000119167753385532,1.18350031271244e-05,9.36900869808019e-05,0.000654766046235414,0,0,0,0.000141217710729838,1.16063959565483e-05,3.83030608882852e-05,0.000151164990508641,6.81076847803077e-05,4.26138684160067e-06,0.000403778468796455,3.60086549348777e-05,0,0.000148479134364639,9.65101710343697e-05,0,0,0,0.000497036139210648,0.000194250164308127,0.000830130567582647,0.000168013686554752,3.53567234410751e-05,0.000253080703073101,0.00158025333727292,0.000555722088935215,0.000242300647871375,8.64496149883764e-05,0,0,0.000183926818434429,0.000158237003811254,1.31451880925836
0,0.00762258226799093,0.0160860971832736,0.00342488626159688,0.00523419744512443,0.0173399407649764,0.00142717908062354,0.0301691221017906,0.121500103296034,0.00486775834720226,0.00685450076850813,0.0350605002052268,0.82245709651426,0.0400334272305228,0.00576412151111378,0.0151395810974898,0.000801506463038071,0,0,0.00556118888994549,0.04046775253393,0.0551786292611289,0.0845390447697152,0.0683260039659966,0.025204874354899,0.00092753960427077,0.0311081163312574,0.0376074253510024,0.202820149703249,0.00947585703740169,0.00112811729565533,0.0339824228992003,0.00617992238352515,0.115213386858058,0.0198401606494967,0,4.22343151122215,1.85196575616819,0.836077140416624,0.430458862035644,0.141281565958273,0.199714461851007,0.0784581146199448,0.0185970399997072,0.00853516494612768,0.0125693690006151,0.0486448420342108,0.000531380655978353,0.00854667468263132,0.000110934391124978,0.00225151002147471,0.000786500055426067,0.0115663758639389,0.000786270547612329,0.00186242668147994,0.000252897846647286,0,0.00845709678991418,0.00522344569416067,0.000370851614605913,0.0514247444039157,0.0139209515916748,0.00010101135067652,0.00596871670278518,0.000995010323516067,0,0,0,0.0223699749708262,0.00131914097711092,0.0102462760758714,0.00112295554742441,0.0108352914825027,0,0,0.00156614743954293,0.00389042841467265,0.000444586381220965,0.00122167658797269,0,0,0.000537522419292905,0.00107839712234363,0.00419705352625977
0,0.048778173576598,0.335926726117383,0,0.00177827968877146,0.00311194896352794,0.00180002556263985,0.0056566605894438,0.00608981709254163,0.000617303204400022,0.659329794028311,0.00106031860883744,0.2413841870438,0.00438991886172746,0.0010025007702463,0.00959483730231739,0.0405092830818963,0.0671477323827278,0.106531247073113,0.000432694309613554,0.0259507996409514,0.0374479767987658,0.199455734018569,0.00594991833511716,0.169273120580805,0.0851504674435031,0.24523735605381,0.00902058549961859,0.0319919516370474,0.00421659658163601,0.101103593115295,0.0188187180220611,0.00159782978812403,1.92810408252196,0.0260871833086168,4.22343151122215,0,4.32158918550861,1.0100195310641,0.0145753426500624,0.014248981327833,0.711205424224909,0.0186113319470828,0.123761114783729,0.0232153673080687,0.0165246075225934,0.000331532444101034,0.00177963617052673,0.0561660359998861,0.000220204742945357,0.0568978606044695,0.0105105679034602,0.000163578817814172,0,4.30822920574822e-05,0,0.000317956913675517,0.000661312535704926,0,0.0354896175675777,5.19443496960984e-05,0.0661609206981334,2.20792887169197e-05,0,0.00033832163781655,0.00120953335548036,0.00128118712640776,0.000122237632148674,0,0.000790268956831447,0.0178598225916882,0.00184737903266562,0.000185019188425777,0.0710525081186472,0.00256811053761932,0.0144167493821912,0.000316207528121169,0.000187440720398477,0.000626513020265909,0.00878540382323631,0,0.000320337941963178,0.0014433227233641,0.00592810433145565
0.005149607857587,0.0122609114805068,0.13049682347817,0.000323785654513279,0.0388690017720554,0.0491923166647646,0.016525931216314,0.0980797923447798,0.0195638087445384,0.00593478969685761,0.554878941411985,0.0133069939898307,0.60590312736516,0.0856916562985689,0.00240788573988913,0.0259368407238973,0.0170592808596927,0.00269904560067777,0.0718895787807559,0.00302755580230165,0.172974835241224,0.0474396966564424,0.447764421239771,0.0200393553619802,0.0550238430519886,0.013184001641494,0.179315352460499,0.0757346490258767,0.457042893643505,0.0722042027918115,0.0190059020656329,0.222912126409324,0.190881736574324,4.54449094946728,0.0531267536193539,1.85196575616819,4.32158918550861,0,2.68845617598412,0.233866733765933,0.326313127566863,1.24256468592654,0.0222591728150422,0.0270918794146605,0.0109813363781663,0.0112608848128979,0.000748834945625946,0.000578804989406148,0.021579236177703,0.000560563541931738,0.0156562914178507,0.00266921495790162,0,0,7.6060733693456e-05,8.53465596478559e-05,4.05529194722094e-05,0.00108457906208364,6.5128888196448e-05,0.00176999741494784,0.00120617432943919,0.0148149809425719,6.94265023627747e-05,0,0.000457586229231279,0.000121244612497907,0.000251928779968073,6.4972524212864e-05,0.000657195719522824,0.000615317161429513,0.0103643114689446,0.00103502152356006,0.00114325856866273,0.00423663010995412,0.000421120899583925,0.00425215693514781,0.00103342722631173,0.000507056432861215,0.00112037440846531,0.000187946677098227,0.000263560381366501,0.000183134791689457,0.000190853779630033,0.0131460839549474
0.00105709732761946,0.000912762169129368,0.00509122522761316,0.000473674256755081,0.0106397001456542,0.0134033242497863,0.00122615859812943,0.0223745864210816,0.00871184442871949,0.00117765573505378,0.00836414840659893,0.00330149171099526,0.464678408784135,0.0129811958163877,0.000142609501015164,0.00503652985061742,0.000723689416598942,0,0,0.000935112302973897,0.00636115912955881,0.014174191377667,0.0135686593776311,0.00440226954645998,0.00264787466476706,7.22154199315865e-05,0.00633939390334538,0.00956581959042688,0.0785289250006175,0.00376130562876401,0.000702400690018673,0.102929942594035,0.0127138190348487,0.228407744767516,0.024012221474618,0.836077140416624,1.0100195310641,2.68845617598412,0,0.176606322339772,0.735196528449948,0.582672259263271,0.0198673601642025,0.01922767900563,0.0115901899612358,0.0180642338250413,0.000902334599722267,0.000611356469629987,0.0162151622250395,0,0.00118384915775942,0.000413387456895047,0,0,0,2.39074720617346e-05,0,0.0003478079583841,3.08217629551365e-05,0,0.000124571832732006,0.00789559355274144,0.000275702333483563,0,0,0.000128944844009254,0,0,0.000285756163914287,0.000263639459071305,0.00177224544379092,0.000738273084879589,0.000349160990990966,0,2.8806083448803e-05,0.00116491604753891,0.000865932744526545,0.0001057420899601,7.45337381331413e-05,0,0,0.000479820155723915,0.000426631513713705,0.00774515425296996
0.000374913637585828,0.013740002066064,0.000151330596721431,0.0384273999664404,3.2889467766077,1.24843451568652,0.00189317674654982,0.223586546796824,1.01374009860244,0.0221925543164984,0.00405657299770006,0.630028605123122,0.0695937165985704,0.0800551970861307,2.77674389730854,0.000467130779024345,0,0,0,0.0362372330666567,0.000540654154452144,0.0292237844192157,0.00118372163540897,0.374696479023449,0.00369216583128193,0,0.00522925034124293,0.0177529116920985,0.0673015937878783,0.00072272473166643,8.47956115039503e-05,0.20418241360615,0.000257061311818799,0.0361898695382851,0.00113430920059964,0.430458862035644,0.0145753426500624,0.233866733765933,0.176606322339772,0,1.17642123361815,0.0122809301033548,0.0161847566065444,0.000411654842829675,0.000103410469074683,0.000616401593787421,0.0545881499675797,0.000214609618384161,0,0.00010197399417323,0.00031194638795261,0,0.0211967137204105,0.000389342616935777,0.00298709156442924,3.21059063877636e-05,0,0.0165828393451109,0.00709633216206242,0.000327310001986457,0.0814073679835921,0.00226695824838672,0,0.00803940172635259,9.48844193895734e-05,0,0,0,0.0400730660846832,0,0.00185521217190198,0.000577148718624757,0.0176748966452559,0,0,0.00024292123427179,0.00490564818142418,0,0.00020907495517862,0,0,0,0.000155028860626363,0
0,0,0.000315521648507174,0.000761588098631806,4.93898580887482,0.226506083949943,0.000115791033739487,0.0986024574688154,0.00655152400185662,0.000338121800934983,0.0200766682812865,0.00283146850279462,0.136199025256004,0.0154241080303256,0.103965304648684,0.00124976496496265,0,0,0,0.000567662516479578,0.000134864782134376,0.000609762075290649,0.000493708814865676,0.0037436058958928,0.00471638157866741,0,0.000224769114447537,0.000477663324064174,0.0820764926663097,0,0,0.961799183280456,0.00229259659549438,0.360187142627364,0.000850939437879805,0.141281565958273,0.014248981327833,0.326313127566863,0.735196528449948,1.17642123361815,0,0.0879409974119982,0.000973468482213091,0.000101089287897577,0.000155954815057181,0,0.000562200452115625,0,0.0012175822565124,0,0,0,0.000426453177240597,0,0,0,0,0.000138166489193414,0,7.47065956182196e-05,0.000503141861342532,0.00293573234926897,0,0,0,0,0,0,0,0,0,0,0,0.000309912287335797,0,2.32726772880907e-05,0,0,0,0,0,0,0,0
0.000174869457442722,0.0405860159617954,0,0,0.00485122571816961,0.00291377078073427,5.12159536288225e-05,0.00643910917639587,0.0031378341554086,0.000122799733810528,0.324792839739371,0.000941603201295056,1.35552555598188,0.0024246499104688,0,0.00046436725340011,0,0,0,0.000613095946937635,5.83975058074566e-05,0.00328806011531134,0.000153924415003752,7.38713242335416e-05,0.475378642913144,0.000494608710951056,0.000749234875124423,0.000187973287958245,0.00984210629557636,0.000272656518310364,0.0074007760145141,0.0321569641661622,0.000563233664598361,0.0602381415672129,0.000112430330318738,0.199714461851007,0.711205424224909,1.24256468592654,0.582672259263271,0.0122809301033548,0.0879409974119982,0,0.0101674167417312,0.0598493429217263,0.0333198410774594,0.03477794199226,0.000289622740202028,0.00385104235640479,0.328465182536137,0,0.000841174739690032,0,0,0.000260694157850145,0.000308658192603713,3.52910045341415e-05,4.78381008211983e-05,0,2.98794469268328e-05,0.00376827610807778,0,0.0466607759634828,0.000412818013828528,0,0,0,0.00111909038654251,0,0,0,0.000140075360008853,0,0,0.00900972484388475,0.000518427439389802,0.000378819645486804,2.20700350881476e-05,0.000139825273839791,0,0.00280460943649451,0.000217109162876516,0,0.000249914825253555,2.0827856136693e-05
0.00011342380205126,0.00107420582195772,0.000381623021647282,0.00168416766176616,0,0.000491329626152725,3.10959247738461e-05,0.000259446487590188,0.0020298068308221,0.000947323319594904,0,0.00448859319232629,0.0139170473370329,0.000269831315799243,0.00453572287204631,0.000195619262627718,0,0,0,0.00143198305434906,0.000541741210747505,0.00104322386366643,0.00116908249186693,0.00463383905998351,0.0275819516884869,9.15531043294219e-05,0.00209372122571932,0.00204177436496105,0.000156389951822961,0.00121010606019353,0.000156751857157314,0,0,0.00110660460961916,0.024802235173281,0.0784581146199448,0.0186113319470828,0.0222591728150422,0.0198673601642025,0.0161847566065444,0.000973468482213091,0.0101674167417312,0,4.02401710476475,1.30458238160022,0.654994879504869,0.447188453007021,0.337948872241435,0.278261521222062,0.0669432403419894,0.00988111913880715,0.0445105590815368,0.00427632468815703,0.00889608485250252,0.0176440616296132,0.0320440649667157,0.0260293471330252,0.0416467703769795,0.026430257951608,0.0665885762193293,0.0420136215409483,0.426430547583866,0.0392901703228085,0.00640448519234855,0.0210319314038313,0.0077659930660238,0.00162249171898167,0.00021220498799495,0.0121950168783689,0.0584559904641868,0.0462457473681473,0.0956556175180693,0.0222227564789094,0.000791133262157831,0.00686591413529074,0.0874563372132084,0.0476013948399353,0.0770395156315172,0.0131424800459634,0.000959483033273867,0.023465062038554,0.0295202130819088,0.0383482505171383,0.0194428137634421
0,0.143563701841959,0.0281754433690643,0,0,0.000226169224477536,4.06213801851405e-05,0.000398116062201583,0.00057354787130858,0,0.0432683762373706,0,0.0333876395300846,0,0.0104354205290002,0.00146781346260175,0.000373169763412409,0.00032658888104552,0,7.79628003466344e-05,2.88455501679748e-05,0.00659782710841197,0.00048082427983645,0.000757028594339298,0.165152096807575,0.00158551039519123,0.0666506452366282,0.000516800974182177,0.000516792620989042,0,0.00633855875119769,0.000149499436842689,0,0.0088484273063268,0.0198350173922006,0.0185970399997072,0.123761114783729,0.0270918794146605,0.01922767900563,0.000411654842829675,0.000101089287897577,0.0598493429217263,4.02401710476475,0,4.99211465416769,1.55819066451835,0.00216155452039217,0.0242490011073432,0.755246650816225,0.00463819644881151,0.376043010390319,0.454348761026795,0.000405356445518677,0.000925312495124926,0.00092937957303034,0.00493378336859521,0.0016058081670621,0.0103372108228816,0.00112077039564313,1.35186744189123,5.81208080024532e-05,0.403699345100423,0.00352402797864115,6.94120730107784e-05,0.0254661208110702,0.299332823634132,0.0954928338461224,0.0905984945871919,0.000479220751851951,0.01967891650372,0.176631254548484,0.242415708795772,0.00266309043795935,0.505495512634575,0.740485979688791,0.550045605839425,0.00721772655608818,0.00893875137855352,0.00428088422514368,0.061471793573448,0.0070062047228679,0.00179693677071228,0.539286667036857,0.013842526123103
0.000179372699381231,0.0152558483870025,0.000564901443878939,0,0,0,0,0.000117285863589583,0.000383295397058798,4.7949936236536e-05,0.00106739996508551,0.00018792803168833,0.0135092684057121,0,0.00592531424249834,0.000315600850755867,0,0,0,0,0.000752358410364827,0.00195406319475663,0.00049944195369786,0.000928762643521739,0.0167266255571393,0.000100459304331446,0.00538851999534963,0.00129008662898779,0.000429639090899385,0.000421982525436233,0.00110217230177937,0.000214288561089652,0.000507187452518099,0.000159825664259232,0.0135232127043111,0.00853516494612768,0.0232153673080687,0.0109813363781663,0.0115901899612358,0.000103410469074683,0.000155954815057181,0.0333198410774594,1.30458238160022,4.99211465416769,0,3.19685896214996,0.135321120289184,0.609758313103452,1.75909914678537,0.0907902773797823,0.0532230181631768,0.289176475458171,0.00388491712165711,0.0417233146913844,0.0530008410838548,0.0527107151914766,0.119520443241666,0.0159455239871358,0.0301418386743302,1.04734669373927,0.00765520523786112,0.343842614316766,0.233837003143788,0.00256875034698147,0.0239616150883339,0.0996639498662073,0.0426033846949888,0.0874863873192191,0.00770744024892932,0.462685731536339,0.0602335103780442,0.5610255309692,0.0175693333337808,0.0369202855655087,0.380803269492853,0.361587591628463,0.0918650451541662,0.498164629084948,0.257745689783475,0.0178785678370285,0.150214789505081,0.15290132146519,5.18912792348438,0.0115385247145407
0,0.00319581731769214,0.000256279552825887,0,0,0.000113647769737481,0,0,0.000106280982004893,4.08324410477463e-05,0.000107279493070926,0,0.00868253763272855,3.42836543210717e-05,0.00867536342329883,0.000138434078729641,0,0,0,0,0.000322313853570846,0.000757524994135853,0.000424928552399245,3.74893622959865e-05,0.00749136505334745,0,0.000498872267798572,0.000313881621441381,0.000130250925289092,0.000609180256717471,0,0.000218537216977147,0,0.00109349796310794,0.0184282651347705,0.0125693690006151,0.0165246075225934,0.0112608848128979,0.0180642338250413,0.000616401593787421,0,0.03477794199226,0.654994879504869,1.55819066451835,3.19685896214996,0,0.10390057618392,0.947375494673284,0.334138795913212,0.0191620377421043,0.0164671527677029,0.0411964272715011,0.00152580901229875,0.00863336925074049,0.00993642004669758,0.00832010607759869,0.0169030674280902,0.00503217064929461,0.00681878865036061,0.144502258428904,0.00237759800590089,0.165890077260181,0.0160183656630647,0.000727021209870945,0.00545735798120733,0.010877209609108,0.00315085945119277,0.0021880226882517,0.00282922279729563,0.0223682953438775,0.0202704905552001,0.042224772247833,0.00367750306995196,0.00193004454971201,0.0112093067797512,0.0494792812180813,0.0121923749882593,0.0374924635780083,0.0058629708093996,0.00196845019267495,0.0295775614713831,0.0205885152804153,0.0632293872784707,0.00997080597702001
0,0.000124235198906305,0,0.00449490190019887,0.000486743254530528,0.00172266810270513,0.000357893458767869,8.47399508241108e-05,0.00774530554296262,0.00426175157251836,0,0.0237561906982746,0.00235104421158007,5.20730719831149e-05,0.00128228881233968,0,0,0,0,0.00549956517261108,0,0,2.73039120956536e-05,0.0163531284473468,0.000291466209953989,0,2.12879026870996e-05,0.00246247565492211,2.04858214356649e-05,0,0,0.000170165740675195,0,7.48203546369064e-05,5.76448297378816e-05,0.0486448420342108,0.000331532444101034,0.000748834945625946,0.000902334599722267,0.0545881499675797,0.000562200452115625,0.000289622740202028,0.447188453007021,0.00216155452039217,0.135321120289184,0.10390057618392,0,1.27980827808129,0.00672016775392288,0.0077977116046225,0.0145351570516013,0,0.0262716156636667,4.27540868711276,1.4143530551442,0.00773156655260418,0.208076721425319,0.995869709708264,0.0153608564948712,0.028327766188466,0.399845496312492,0.0377712866700696,0.0662379003743198,4.66471665114478,0.00140979929775894,0.000166401299945163,0,0,0.0517076056909573,0.000125615358869682,0.0179686487968014,0.000434667153675832,0.214127900025969,0.00259039530278685,0.000809509763345734,0.00402217509481831,0.00993310111727201,0.0612885919904019,9.60606109221269e-05,0,0.0714696709063856,0,0.0153400306091852,0.000265340431360837
0,0,0,0,0,7.79999223692799e-05,0,0,0,0,0,0,0.00644197693096579,0,0,0,0,0,0,0,8.36632840486816e-05,0,0,0,0.00201905713308336,0,0,9.39827805351758e-05,0,0,0,0,0,0,0.000125846590018991,0.000531380655978353,0.00177963617052673,0.000578804989406148,0.000611356469629987,0.000214609618384161,0,0.00385104235640479,0.337948872241435,0.0242490011073432,0.609758313103452,0.947375494673284,1.27980827808129,0,0.0762012268345504,0.0214010843192078,0.000330755221133891,0.00130385490884226,0.000470208949722828,5.82013506086277,0.1091924437805,0.00266743856168709,0.173525810758268,0.0182367231875679,0.00320824595373493,0.495466370681082,0.00327653976246507,0.151263763150334,0.0660229746705264,0.163818636073209,0.000540517615540114,0,0,0,0.00451490704852775,0.00180634894869585,0.00182753631619289,0.00131664597958229,0.00228278859171061,0,0,0.000690202194106954,0.000989389688944263,0.180101139682466,0.000437554597512747,0,1.25144128387827,0.00309537505412543,0.30543074118495,0.000477326912909092
0,0.00220630622663157,0,0,0,0.000121713190802671,0,0.00020823679344988,0,0,0.00165377602346109,0,0.0262007953579009,9.72166853192345e-05,0,0.000104070302799214,0,0,0,0,0,0,0,0,0.052400552789436,0,0,0,9.75739137276388e-05,0,0,0.000915574085329919,0,0.000658884379472983,0.000119167753385532,0.00854667468263132,0.0561660359998861,0.021579236177703,0.0162151622250395,0,0.0012175822565124,0.328465182536137,0.278261521222062,0.755246650816225,1.75909914678537,0.334138795913212,0.00672016775392288,0.0762012268345504,0,0.00140467792036775,0.00913971566182488,0,0,0.00310766672049421,0.00254368349636528,0.000715181507907114,0.00404389132344848,0.000579723427424027,0.000504741884997385,0.478323884067488,0.000478322657831261,2.3247802716212,0.00443813805421819,0,0.00046512848511718,0,0.00170828345882251,0,0.000105962470471674,0.000185875056227233,0.000585297057283432,0.000134387751340559,0.000100005750384045,0.309957268330317,0.00104771876693903,0.000886924519018644,0.000120820652573403,0.00781672613940411,5.09294381187734e-05,0.0074489969029607,0.0211870788806974,0.000340149726451439,0.0589304768586812,0.000243579665568663
0,0,0,0.000413384595988459,0,0,0,0,0,0,0,0,0,0,0,0.000561063893406249,0,0,0,0,0.000263381062355713,0,0.000103970282726677,0,7.92936320506629e-05,0,3.35727056145799e-05,9.44851121650638e-05,0,0.000103976306869996,0,0,0,0.000100616350701347,1.18350031271244e-05,0.000110934391124978,0.000220204742945357,0.000560563541931738,0,0.00010197399417323,0,0,0.0669432403419894,0.00463819644881151,0.0907902773797823,0.0191620377421043,0.0077977116046225,0.0214010843192078,0.00140467792036775,0,0.000119509234384345,0.00300459531236337,0.00519058733515482,0.00254960569289922,0.0105974895543369,0.799992753105273,0.0430670973721351,0.0152218578593442,0.041075311214061,0.00321899054839988,0.0224238466310842,0.00122267451491018,1.51565794788851,0,0.00402576145890354,0.00965318193542124,0,0.00126481568318833,0.0196530014828273,0.0129355934504643,0.00710004676240783,0.0193667906209387,0.00826261145808155,0,0.000431039090833126,0.00162445232543573,0.0302929905621152,1.55987961559097,0.544739214324902,0,0.00403502715880085,0.0750406034787588,0.0666289143712037,3.86743879938062e-05
0,1.66174464719239,0.0409975255715613,8.92900412146637e-05,0,0,0,0,0.0104599775742509,0.000115908198612178,0.00449910657218441,0.00151170034006537,0.00824786337850034,0,0.000146633792896672,0.00119310561349319,0.000589624817140047,0.000270284559223236,0.000273834087983491,0.000119897962322542,0,0.0167318399790309,0.000850828908283519,0.00181915316757708,0.193399464808551,0.00229717032856558,0.282291668752031,0.000743693507716809,0,0.000119797858781999,0.00389448143998203,0,0,0.0144365745372642,9.36900869808019e-05,0.00225151002147471,0.0568978606044695,0.0156562914178507,0.00118384915775942,0.00031194638795261,0,0.000841174739690032,0.00988111913880715,0.376043010390319,0.0532230181631768,0.0164671527677029,0.0145351570516013,0.000330755221133891,0.00913971566182488,0.000119509234384345,0,0.148004178074753,0.000132409467349071,0.000880629592631696,7.13504443024659e-05,0.000612967560121986,0,0.450432512079476,0.000177376140271944,0.0293146069731431,0.00227144876466819,0.0549842942163173,0,0.00225018628099156,0.019355682476821,0.0258908276574554,0.0147945665246462,0.0037565243339753,0.000588505413622237,0.001581969295559,1.10567947493981,0.0161936698251274,0.0156575287501873,1.15239947911691,0.142928254925239,1.56312616543646,0.00231140671752273,0.000218783811630852,0.00117848882578511,0.0189292229152661,0.000124631599890461,0.00101368081070477,0.0209867727752159,4.60838841139578e-05
0,0.0131158685550126,0.00729589485015179,0,0,0,0,0,9.58656947539251e-05,0,0,0,0,0,0.000431429641425643,0.000213039464722072,0,0,0,0,0,0.0044368982494593,0.000406227427906382,5.61754931648704e-05,0,0,0.0272114946829974,0.000386168910916398,0,7.5060267818376e-05,0,0,0,0.00351526357257057,0.000654766046235414,0.000786500055426067,0.0105105679034602,0.00266921495790162,0.000413387456895047,0,0,0,0.0445105590815368,0.454348761026795,0.289176475458171,0.0411964272715011,0,0.00130385490884226,0,0.00300459531236337,0.148004178074753,0,0.000860743949560033,0,0.000144232789583228,0.0700881967199866,0.000974332333527735,0.00203453631815081,0.00348905180406272,0.000249495770873093,0,8.9514008703051e-05,0.00706103099527094,0,0.0017982630833168,1.19832505498482,0.00154453778915995,0.0508906658830298,0.000238122603052383,0.0478083761697525,0.0376485158181738,2.84719384882581,0.000976648718797921,0.000486192500273042,1.42262371298654,1.1831940397788,0.0627088868657942,0.00112788809625994,0.0100007961009402,0,0,0.000866409365308663,0.212423873926704,0.000373451320715908
0,0,0,2.34473494555441,0.000358751124402681,0.00109406521809877,0.00105561686480093,0.000294661577241548,0.00894223115060604,0.0153634735211637,0,0.0231488749988143,8.0585980919738e-05,0,0.00110152708854544,0,0,0,0,0.0219533823590518,5.19241740793569e-05,0.00037813632267307,0,0.0351449433276396,0,0,0,0.0350652821031081,0.00017909021640836,0,0,0,0,7.54775000119364e-05,0,0.0115663758639389,0.000163578817814172,0,0,0.0211967137204105,0.000426453177240597,0,0.00427632468815703,0.000405356445518677,0.00388491712165711,0.00152580901229875,0.0262716156636667,0.000470208949722828,0,0.00519058733515482,0.000132409467349071,0.000860743949560033,0,0.00233064655012747,0.0149913850001249,0.00629623759948028,0.00212125558265325,0.109420262682541,0.906440438965622,0,1.10221043916279,7.00100790990837e-05,0.00303922899591114,0.0209110205781509,0.000308224625665597,0,0,0,13.1417864522466,5.09329136170224e-05,0.000423426134780342,8.32778366847975e-05,2.18109339292357,0,0,0.000537837329593116,1.22769688249822,0.00226650724426111,6.11915649276909e-05,0,0,0.00116815189203393,0.000885750424481828,0.000315194296961521
0,0,0,0,0,0,0,0,0,0.000154971605072367,0,0.000846757644993716,0,0,0,0,0,0,0,0.000481072984887232,0,0,0,0.000575517506496609,0,0,0,9.43386791420371e-05,0,0,0,0,0,0,0,0.000786270547612329,0,0,0,0.000389342616935777,0,0.000260694157850145,0.00889608485250252,0.000925312495124926,0.0417233146913844,0.00863336925074049,4.27540868711276,5.82013506086277,0.00310766672049421,0.00254960569289922,0.000880629592631696,0,0.00233064655012747,0,1.0757319717113,0.000196302960551139,0.358348540712428,0.112978681288641,0.00077403086782306,0.0177304029466601,0.0132628904435402,0.00359703044288652,0.0242745118176211,1.98215698945834,0.000126170044149693,0,0,0,0.00545812541558452,0.000141675900914849,0.00156802964789352,0,0.0164630374710481,0.000766243492977478,0,0.000352824042223304,0.000410897391754585,0.046678361602361,0,0,1.35095506833816,0,0.0477155377855846,0
0,0,0,0.00165019024798294,0.000122144475027333,3.14864837901467e-05,9.52892696438755e-05,0,0.000278556454582149,0.000913798862572755,0,0.000699253973508796,5.53293473715133e-05,0,9.74927521493725e-05,0,0,0,0,0.000634437231746852,0,0,2.06492306407998e-05,0.00208174732035798,0.000127934423349856,0,0,0.000646089958113507,0,5.93904630804237e-05,0,0,0,2.74503732939027e-05,0,0.00186242668147994,4.30822920574822e-05,7.6060733693456e-05,0,0.00298709156442924,0,0.000308658192603713,0.0176440616296132,0.00092937957303034,0.0530008410838548,0.00993642004669758,1.4143530551442,0.1091924437805,0.00254368349636528,0.0105974895543369,7.13504443024659e-05,0.000144232789583228,0.0149913850001249,1.0757319717113,0,0.0260793429024423,2.63746254324238,0.0262908329198438,2.15450318845397,0.0126150298372977,1.66902767303291,0.0031843030824186,0.166097532676193,0.773123939541312,0.000359262964767328,0,0,0,0.142535255623411,8.36919432445041e-05,0.000137889251085521,0.000714598480303406,0.0284724965016278,0,0,0.000387467903614062,0.026657963647572,0.055810908961996,0.000109623653686539,6.47856638310166e-05,0.231987483096328,0.000764460861975029,0.0193577157620684,0.0986614925100414
0,0,5.95635865886252e-05,0.000767204925769055,0,0.00042810218175161,0.000572945978300767,0,0.000247419932268155,0.00299817026922832,0,0.000333970322522186,0,2.76977341550407e-05,3.88244008123705e-05,0,0,0,0,0.00105630102256176,7.56783181798254e-05,0,0,0.00414852896967524,0,0,0.000338082151332115,0.00113535355218538,0,0,0,0,9.37396853996743e-05,0,0.000141217710729838,0.000252897846647286,0,8.53465596478559e-05,2.39074720617346e-05,3.21059063877636e-05,0,3.52910045341415e-05,0.0320440649667157,0.00493378336859521,0.0527107151914766,0.00832010607759869,0.00773156655260418,0.00266743856168709,0.000715181507907114,0.799992753105273,0.000612967560121986,0.0700881967199866,0.00629623759948028,0.000196302960551139,0.0260793429024423,0,0.085220713933375,0.0946794745904379,1.218569587945,0.000365586859530189,0.00424527192996823,0.000564988382021454,1.07087107693352,0.001751983108972,0.00302435971328726,0.0187083793844094,0,0.000888721531948349,0.0141711466933531,0.0455175002560249,0.00418744223413904,0.228433574797975,0.142952080568238,0,0.0027170998353347,0.0288662469396493,1.93233420867299,0.0464993601909176,0.887743038327016,0,0.0010529592005849,0.00836661036487404,0.0243342358623987,0.000151659675866167
0,0,4.82125933538137e-05,8.71475486405532e-05,0,0,0,0,0,2.13948416015023e-05,0,7.27642929204009e-05,0.000328298693931558,0,0,0,0,0,0,0,0,0,0,0.000164754335211983,0.000297286774168413,0,0,7.57039143298647e-05,0,0,0,0,0,0,1.16063959565483e-05,0,0.000317956913675517,4.05529194722094e-05,0,0,0,4.78381008211983e-05,0.0260293471330252,0.0016058081670621,0.119520443241666,0.0169030674280902,0.208076721425319,0.173525810758268,0.00404389132344848,0.0430670973721351,0,0.000974332333527735,0.00212125558265325,0.358348540712428,2.63746254324238,0.085220713933375,0,0.00288764135394623,1.38108868051029,0.0311146797736477,0.0143879229979818,0.00586155208474676,2.61381279210628,0.0320427173285925,9.66007769948301e-05,0.000196790183131034,0,0,0.0086055721316608,0.00128153945064908,0,0.00314089900124487,0.00411351006754696,0.000434976700050583,0,0.000231066719502286,0.0103945315222407,0.233881673539933,0.00307963298919406,0.000120687741184242,0.624257573748245,0.000368610095724146,0.0583954996953719,5.83576236754644e-05
0,0.00259494021589566,0.000663392249135282,0.0257957325434737,0,0.00151324340923393,0.00298673039663502,9.48258729099923e-05,0.114087993298864,0.0272102348338968,7.10131563551215e-05,0.00858367335834173,0.000882871947360651,0.000221915805251271,0.00162891412907736,0.000928273840571483,0,0.000374377900770001,0,0.0201746713636795,0.000493467412372314,0.00391707753620765,0.000509035498977527,0.051233834870889,0.00102715471666756,0,0.00119911274512028,0.0152415365394709,0.000319569478846927,0.00078360838391715,0.000258275515986651,0.00044361565489359,0.000673368522279635,0.00056053886960189,3.83030608882852e-05,0.00845709678991418,0.000661312535704926,0.00108457906208364,0.0003478079583841,0.0165828393451109,0.000138166489193414,0,0.0416467703769795,0.0103372108228816,0.0159455239871358,0.00503217064929461,0.995869709708264,0.0182367231875679,0.000579723427424027,0.0152218578593442,0.450432512079476,0.00203453631815081,0.109420262682541,0.112978681288641,0.0262908329198438,0.0946794745904379,0.00288764135394623,0,0.0500148165748371,0.00262239653066463,0.657879407731177,0.00501500904148018,0.00324257653122777,0.927822083119154,0.123312217221653,0.00120843924423871,0.00283400192395814,0.000126551178816665,0.144282535567848,0.0208780542251693,1.22143119893519,0.017593232689293,3.22231946924026,0.0480802134576998,0.0166500918110551,0.090842860122908,0.34664692759325,0.0129698475968346,0.0229768264341181,0.00246244063043696,0.000480253846184688,0.0127609184412321,0.00657448162793255,0.000220341677961008
0,0,0,0.00950392073784611,0.000153353541688245,0.00100406306409884,0.00190438507883057,2.67323501424793e-05,0.00349309764179556,0.0145481459869501,0,0.00838996010294124,0,3.19872549779648e-05,0.000141027379239297,4.90839063959142e-05,0,0,0,0.00874687409955668,2.38136894616472e-05,0.000130401680572365,7.99363795000885e-05,0.0189136284620702,0,0,2.06627937285193e-05,0.00699976670345161,4.38369022515302e-05,0,0,0,0,7.17437337135591e-05,0.000151164990508641,0.00522344569416067,0,6.5128888196448e-05,3.08217629551365e-05,0.00709633216206242,0,2.98794469268328e-05,0.026430257951608,0.00112077039564313,0.0301418386743302,0.00681878865036061,0.0153608564948712,0.00320824595373493,0.000504741884997385,0.041075311214061,0.000177376140271944,0.00348905180406272,0.906440438965622,0.00077403086782306,2.15450318845397,1.218569587945,1.38108868051029,0.0500148165748371,0,0.00100110657754064,1.5253127064689,0.000565392538380794,0.137190710706673,0.0142001999719917,0.000873698258064561,0.000162487055030009,0,0,2.62515004955051,0.00100078300563177,0.000573587233375621,0.00854170410987122,0.198334595754776,0.000120989270763282,2.78763075371258e-05,0.00278840151958409,0.965300830225193,0.0229666192393162,0.00083286916106544,0,0.00113333859949027,0.00256056225816525,0.00908363783616665,0.0819707133279633
0,0.00225193544566809,0,0,5.72676170017587e-05,0,0,6.69626614351968e-05,0.000177859788603191,0,0.0448009092178805,4.93935881538347e-05,0.0329892712100123,6.11633141086546e-05,0.000398775927664161,0,0,0.000701490354417279,0.000209419875091515,0,0,9.89936323897316e-05,0,0,0.066366986825456,0.00224053287270474,0.0034508246129901,2.55691239364059e-05,4.20513216525436e-05,5.69659171489713e-05,0.0103942572372136,0.000222742933905947,0,0.000963622795399079,6.81076847803077e-05,0.000370851614605913,0.0354896175675777,0.00176999741494784,0,0.000327310001986457,7.47065956182196e-05,0.00376827610807778,0.0665885762193293,1.35186744189123,1.04734669373927,0.144502258428904,0.028327766188466,0.495466370681082,0.478323884067488,0.00321899054839988,0.0293146069731431,0.000249495770873093,0,0.0177304029466601,0.0126150298372977,0.000365586859530189,0.0311146797736477,0.00262239653066463,0.00100110657754064,0,0.000485229477612373,1.93392116941952,0.0313558216406482,0.000454093173202566,0,0.0267375943471203,2.82581604074852,0.930394779592246,0.000354762975898013,0.000161720174878546,0.00204530321531092,0.000395517465762572,0.000226626847121231,0.451316577848349,0.918714493721254,0.0587775458392943,0.000209003773183248,0.0853135383006191,0,0.735013760708145,0.0952475809048593,0.00149581677235504,1.95219628783749,0.000144008762526636
0,8.05332675834908e-05,0.000224471147210019,0.569520392476031,0.00100996553998084,0.00240845047532651,0.0011383690847221,6.860794136888e-05,0.0130632095660721,0.012633503417597,0.000157499585419876,0.0433892021643159,0.000179584380213986,0.00018765451820448,0.00290216659690999,0.000222802972252218,0,0,0,0.0163049788298419,0.000226056329721591,0.000306203758920872,0.000140430326670047,0.0328253239226513,7.35017838874134e-05,0,0.000115590764661225,0.0105406620552787,0.000283799717124916,0.000159487214106038,0,0.000274915541475816,0.000270372814644593,0.000380139482854971,4.26138684160067e-06,0.0514247444039157,5.19443496960984e-05,0.00120617432943919,0.000124571832732006,0.0814073679835921,0.000503141861342532,0,0.0420136215409483,5.81208080024532e-05,0.00765520523786112,0.00237759800590089,0.399845496312492,0.00327653976246507,0.000478322657831261,0.0224238466310842,0.00227144876466819,0,1.10221043916279,0.0132628904435402,1.66902767303291,0.00424527192996823,0.0143879229979818,0.657879407731177,1.5253127064689,0.000485229477612373,0,0.000615978963981693,0.00658400384265403,1.8276846329121,8.39084998610455e-05,0,0,0,7.33474715212594,3.8186925218715e-05,0.00147152377565276,7.01481015580778e-05,0.686866878324811,0.000343147195672801,0,0.00047650744864795,0.0628888093924583,0.00412251914223486,0,0,0.000516237460499332,0.00103836133788499,0.00379251068798545,0.0770519692052252
0,0.002184300420527,0,0,7.73975150365758e-05,0,0,0.000443918342317371,0,0,0.046863506235042,4.74720059669121e-05,0.12478453686659,0,9.58419300677998e-05,7.2071324582491e-05,0,0.000875592114151735,0,0.000371769206214092,0,0.000197528637956623,4.31075497215904e-05,0.000108214545955679,0.0834986825479143,0.00297518104857958,0.00259338210963646,0.000113840633978104,0.000208973839142972,0,0.0185950595265214,0.000680624319511752,0,0.00245230604563915,0.000403778468796455,0.0139209515916748,0.0661609206981334,0.0148149809425719,0.00789559355274144,0.00226695824838672,0.00293573234926897,0.0466607759634828,0.426430547583866,0.403699345100423,0.343842614316766,0.165890077260181,0.0377712866700696,0.151263763150334,2.3247802716212,0.00122267451491018,0.0549842942163173,8.9514008703051e-05,7.00100790990837e-05,0.00359703044288652,0.0031843030824186,0.000564988382021454,0.00586155208474676,0.00501500904148018,0.000565392538380794,1.93392116941952,0.000615978963981693,0,0.00475698742774248,0,0.000608365398262901,0.000301826792003791,0.0243162785708201,0.00128379337376895,0.000150003319677988,0.000451767515620434,0.00435559538163095,0.000376876176272229,0.000101428902119936,2.39272820433001,0.0661924851052779,0.355788249891308,0.000295075687256476,0.0109497419739947,0.000123082473032934,1.03318154942091,0.0122162072119546,7.24177911433938e-05,0.0909934514900488,0.000244611857695092
0,0,0,0,0,0,0,0,0,0.000138082231282607,0,0,3.38378514742541e-05,0,0,0,0,0,0,0.000209280956845212,2.60878365897109e-05,0,0,4.37722571555682e-05,0.000338525915957542,0,2.49549891881773e-05,7.94684386429625e-05,0,7.79178411100707e-05,0,0,0,0,3.60086549348777e-05,0.00010101135067652,2.20792887169197e-05,6.94265023627747e-05,0.000275702333483563,0,0,0.000412818013828528,0.0392901703228085,0.00352402797864115,0.233837003143788,0.0160183656630647,0.0662379003743198,0.0660229746705264,0.00443813805421819,1.51565794788851,0,0.00706103099527094,0.00303922899591114,0.0242745118176211,0.166097532676193,1.07087107693352,2.61381279210628,0.00324257653122777,0.137190710706673,0.0313558216406482,0.00658400384265403,0.00475698742774248,0,0.00370446315781421,0.000474462201379842,0.00405489059530312,0.000149594890117643,0.000371483823875945,0.0100761258904968,0.00716697106584127,0.000920453478436833,0.0292977304485952,0.00489228527691098,0.000158830344596596,0.000458660273274136,0.00115681593550579,0.0242894489145925,1.07878072710565,0.0473732997940078,3.91046890185738e-05,0.13987167552041,0.0143480636979306,0.116603807580284,0.000176085029356539
0,0,0,0.000918857856292005,0.000565905888904775,0.000305172803205621,0,0,0.0015807626703789,0.000553405658826898,0,0.00574218967963064,0,6.51241027567733e-05,0,0,0,0,0,0.000387672605123256,0,0,0,0.0021410041564292,0,0,0,0.000235858080863436,0,0,0,0,0,0,0,0.00596871670278518,0,0,0,0.00803940172635259,0,0,0.00640448519234855,6.94120730107784e-05,0.00256875034698147,0.000727021209870945,4.66471665114478,0.163818636073209,0,0,0.00225018628099156,0,0.0209110205781509,1.98215698945834,0.773123939541312,0.001751983108972,0.0320427173285925,0.927822083119154,0.0142001999719917,0.000454093173202566,1.8276846329121,0,0.00370446315781421,0,0.000414230134587685,0,0,0,0.0350707685075539,0,0.00334417161817232,9.74600272332258e-05,0.131351597933348,0.00071800215007049,6.22177281269422e-05,0.000759727018959735,0.00393258714030691,0.00174279000335844,0,0,0.00135092956550055,0,0.000153589573701251,0.000287329120530832
0,0.000271293554093416,7.38014608877334e-05,8.90907742632646e-05,0,0,0,0.000161509480248112,0.000169135267230509,9.11522612535229e-05,0,8.8265366020128e-05,0,0,0,0.277562838095689,0,0,0,0.000143811315388306,0.0039210048400168,0.0230275267534677,0.0476515107925957,0.00156422552470424,0,7.45321673886242e-05,0.00985822993847387,0.00218130639206644,4.50948338912432e-05,0.00086218855829838,0,0,0.000520368262248248,0.000415951719006612,0.000148479134364639,0.000995010323516067,0.00033832163781655,0.000457586229231279,0,9.48844193895734e-05,0,0,0.0210319314038313,0.0254661208110702,0.0239616150883339,0.00545735798120733,0.00140979929775894,0.000540517615540114,0.00046512848511718,0.00402576145890354,0.019355682476821,0.0017982630833168,0.000308224625665597,0.000126170044149693,0.000359262964767328,0.00302435971328726,9.66007769948301e-05,0.123312217221653,0.000873698258064561,0,8.39084998610455e-05,0.000608365398262901,0.000474462201379842,0.000414230134587685,0,0.00218739349379093,0.000354215696485717,0,0.00013161296476757,0.699069906320161,2.33722760898008,1.51277145720292,1.45373876272991,0.00162285348125161,0.0035154929299427,0.595144744233651,0.206246451360738,0.00496370345640565,0.0309351543886382,0.000251869627956029,0,0.00605953753748348,0.00812663589485353,8.37915482130285e-05
0,0.00919871316058802,0,0,0,0,0,0,0,0,0,0,0,0,0,0,0,0,0,0,0,0.000708149283722728,0,0,0.000165812452580117,0,0.00114938939026901,0,0,4.83427472058873e-05,0.000399801674580364,0,0,0,9.65101710343697e-05,0,0.00120953335548036,0.000121244612497907,0.000128944844009254,0,0,0,0.0077659930660238,0.299332823634132,0.0996639498662073,0.010877209609108,0.000166401299945163,0,0,0.00965318193542124,0.0258908276574554,1.19832505498482,0,0,0,0.0187083793844094,0.000196790183131034,0.00120843924423871,0.000162487055030009,0.0267375943471203,0,0.000301826792003791,0.00405489059530312,0,0.00218739349379093,0,0.0191037186033732,3.05853939296692,0,0.0757559913302552,0.00850868322900054,2.03609316517525,0.000691547671353578,0.000130630598773863,0.816288094607202,0.0971901478129012,0.0124896213870074,0.00136296788763148,0.0752232594317414,0,0,0.00216821026883646,0.964998954827871,2.52994210828242e-05
0,0.000899745339891372,0,0,0,0,0,0,0.00010720693796532,0,0.00908216310174997,7.39970640710073e-05,0.0231492911667027,0,0,0,0,0.00246424708647102,8.9837959624299e-05,0,0,0,0,0,0.0311230412230479,0.00538434764387063,0.00460852056102373,0,0,0,0.0229000209638455,0,0,0.000141555245962734,0,0,0.00128118712640776,0.000251928779968073,0,0,0,0.00111909038654251,0.00162249171898167,0.0954928338461224,0.0426033846949888,0.00315085945119277,0,0,0.00170828345882251,0,0.0147945665246462,0.00154453778915995,0,0,0,0,0,0.00283400192395814,0,2.82581604074852,0,0.0243162785708201,0.000149594890117643,0,0.000354215696485717,0.0191037186033732,0,1.6800722241765,0,6.5413090092753e-05,0.00126179223597622,0.000624699331587132,0.000155881124774602,0.110746170151675,1.17908628147208,0.066312204237,6.62993419168301e-05,0.000126203667940287,0,0.241092853211819,0.000187532816501412,0,0.00455761806172923,2.48265415838449e-05
0,0.000805227448600706,0.000170658293651009,0,0,0,0,0,0,0,0.000803081114954802,0,0.00133467978979805,0,0,0,0,0.000281811045919411,0,0,0,0,0,0,0.00472368585616667,0.000728714814646931,0.000773345021509216,0,0,0,0.00356737592668021,0,0,0,0,0,0.000122237632148674,6.4972524212864e-05,0,0,0,0,0.00021220498799495,0.0905984945871919,0.0874863873192191,0.0021880226882517,0,0,0,0.00126481568318833,0.0037565243339753,0.0508906658830298,0,0,0,0.000888721531948349,0,0.000126551178816665,0,0.930394779592246,0,0.00128379337376895,0.000371483823875945,0,0,3.05853939296692,1.6800722241765,0,0,0.00384853967396337,0.000319199225035635,0.0287951115616555,0,0.0106725606271633,2.12530135184375,0.0176808661813778,0.00117463037366715,0.000138719029839697,0.0047935114374618,0.0111054532189131,0,0.000282608889349154,0.286996566096958,0
0,0.000259595577332895,0,1.25150347390618,0.000353666491403674,0.00163124076960677,0.00303412062793491,9.39175217623978e-05,0.0214823862075435,0.0228299571547297,0,0.0322364916482064,0,0.000258829438004552,0.00137779368212059,0,0,0,0,0.0325538317256629,0.000252503282478944,0.000420702643174516,0,0.0509109457659244,0,0,1.96048271441838e-05,0.012732371419908,0.000174215557880669,0.000442685523441318,0,0.000176848112928498,0,0.00039240672298282,0,0.0223699749708262,0,0.000657195719522824,0.000285756163914287,0.0400730660846832,0,0,0.0121950168783689,0.000479220751851951,0.00770744024892932,0.00282922279729563,0.0517076056909573,0.00451490704852775,0.000105962470471674,0.0196530014828273,0.000588505413622237,0.000238122603052383,13.1417864522466,0.00545812541558452,0.142535255623411,0.0141711466933531,0.0086055721316608,0.144282535567848,2.62515004955051,0.000354762975898013,7.33474715212594,0.000150003319677988,0.0100761258904968,0.0350707685075539,0.00013161296476757,0,0,0,0,0.000530441440289329,0.000643719383669458,0.000477952728058135,1.77619330454181,0,0,0.000516352194987774,0.323236700748323,0.00444215231308639,6.61467132286073e-05,0,0.00011108817968446,0.00220221857282904,0.00171935756296859,0.00604676733653693
0.000123188291150565,0,0.000180478009154009,0,0,0,0,0,0,8.90603514393197e-05,0,0,0,0,0.000547419821979847,0.000600197835626242,0,0,0,0,0.00142901896372017,0.000421037937232808,0.000881380848613938,0.000608422161957993,0,0,0.000228403893927268,0.00134076376568782,0.000219608380063518,0.00138149892905182,0,0,0.000800379981167311,0.000218627667418522,0.000497036139210648,0.00131914097711092,0.000790268956831447,0.000615317161429513,0.000263639459071305,0,0,0,0.0584559904641868,0.01967891650372,0.462685731536339,0.0223682953438775,0.000125615358869682,0.00180634894869585,0.000185875056227233,0.0129355934504643,0.001581969295559,0.0478083761697525,5.09329136170224e-05,0.000141675900914849,8.36919432445041e-05,0.0455175002560249,0.00128153945064908,0.0208780542251693,0.00100078300563177,0.000161720174878546,3.8186925218715e-05,0.000451767515620434,0.00716697106584127,0,0.699069906320161,0.0757559913302552,6.5413090092753e-05,0.00384853967396337,0.000530441440289329,0,0.127759172346745,5.35377055140221,0.0963265940937633,6.93046400743321e-05,0.00237484406566385,0.0433260483642459,1.1272575099711,0.0283651213053852,2.60276162095515,0,0.000457116291611218,0.0414430307525459,0.846309826385422,0.0008425691333403
0,0.0433610484612765,0.0085028776496579,0.000161690994872291,0.000349123942619489,0,0,0,0.00683494654158746,0.000320842283883325,0.00029510476829694,0.000147198307775926,0.00042949489769803,0.000345004891645895,0.000193635627388129,0.0205598307885086,0,0,0,0.000501565094402023,0.0101786728021046,0.954585032433422,0.00579454414446168,0.0102381655506856,0.00157434680754704,0,0.113163244246027,0.0106712388643538,0.00203080571858916,0.00979904718997718,0.000306050031297836,0,0.00598577045711674,0.00349604974695082,0.000194250164308127,0.0102462760758714,0.0178598225916882,0.0103643114689446,0.00177224544379092,0.00185521217190198,0,0.000140075360008853,0.0462457473681473,0.176631254548484,0.0602335103780442,0.0202704905552001,0.0179686487968014,0.00182753631619289,0.000585297057283432,0.00710004676240783,1.10567947493981,0.0376485158181738,0.000423426134780342,0.00156802964789352,0.000137889251085521,0.00418744223413904,0,1.22143119893519,0.000573587233375621,0.00204530321531092,0.00147152377565276,0.00435559538163095,0.000920453478436833,0.00334417161817232,2.33722760898008,0.00850868322900054,0.00126179223597622,0.000319199225035635,0.000643719383669458,0.127759172346745,0,0.340572332612645,0.920070177724925,0.0487943235139749,0.0255216776987125,0.878186800065387,0.0625896736501345,0.0156246502581548,0.0627132963611775,0.00327695248507377,0,0.0178323563605297,0.0133380918560725,0.00013502260108879
0,0.00085114878999956,0.00113786971136658,5.6169510176337e-05,0,0,6.3903602619404e-05,0,0,6.77549039176384e-05,0,0,0,8.99519515182414e-05,0.000298242946269002,0.000730352898037316,0,0,0,0,0.000682578932826453,0.0140316811116017,0.000615658801971754,0.000534898998564418,0,0,0.00502547700649479,0.00129324621178349,0.000377590810035991,0.000955032637454917,0,0,0.000435512501080954,0.000229555842339421,0.000830130567582647,0.00112295554742441,0.00184737903266562,0.00103502152356006,0.000738273084879589,0.000577148718624757,0,0,0.0956556175180693,0.242415708795772,0.5610255309692,0.042224772247833,0.000434667153675832,0.00131664597958229,0.000134387751340559,0.0193667906209387,0.0161936698251274,2.84719384882581,8.32778366847975e-05,0,0.000714598480303406,0.228433574797975,0.00314089900124487,0.017593232689293,0.00854170410987122,0.000395517465762572,7.01481015580778e-05,0.000376876176272229,0.0292977304485952,9.74600272332258e-05,1.51277145720292,2.03609316517525,0.000624699331587132,0.0287951115616555,0.000477952728058135,5.35377055140221,0.340572332612645,0,0.0353483810706328,0.000276354895967212,0.0881001508759361,1.08480495336975,0.409756527151785,0.010837676093014,0.289132434651741,0,3.64106188046158e-05,0.00854985606496249,0.466145829760186,0.000841048355310871
0,0.000290379957220122,0.00024227814372068,0.0457679105297671,0.000149314098130807,0.00431947292827666,0.00817432071390427,0.000312824097635295,0.0201631581637745,0.057346092257058,2.25381265459706e-05,0.0283585628241871,0.000209590898325906,0.000179205409987867,0.00146199824521878,0.000514305910566493,0,0,0,0.0400230375022161,0.000662557706912854,0.000724107854964363,0.00102544642239949,0.073524894349263,0,0,0.000545926657012115,0.0259679825147137,0.000576379301246444,0.0011847901986316,0,0,0.000537129064042797,0.000615992053999241,0.000168013686554752,0.0108352914825027,0.000185019188425777,0.00114325856866273,0.000349160990990966,0.0176748966452559,0,0,0.0222227564789094,0.00266309043795935,0.0175693333337808,0.00367750306995196,0.214127900025969,0.00228278859171061,0.000100005750384045,0.00826261145808155,0.0156575287501873,0.000976648718797921,2.18109339292357,0.0164630374710481,0.0284724965016278,0.142952080568238,0.00411351006754696,3.22231946924026,0.198334595754776,0.000226626847121231,0.686866878324811,0.000101428902119936,0.00489228527691098,0.131351597933348,1.45373876272991,0.000691547671353578,0.000155881124774602,0,1.77619330454181,0.0963265940937633,0.920070177724925,0.0353483810706328,0,0.00234657924068175,0.00136500029594624,0.0962024203823503,2.4703692538308,0.0107156874061955,0.0320153454943428,0,3.3902256271345e-05,0.00823003280786205,0.00847213323902954,0.000281948891120707
0,0.0245946169775716,0,0,0,4.4902381884719e-05,0,0,0,0.000111261552027788,0.125527090771608,0.000173755116863737,0.139148713052012,3.83506863035009e-05,0.000360069406941544,0,0,0.00306382866355222,0,0,0,0.000578632026998788,0,5.62073359721468e-05,0.674237714595473,0.014331482207266,0.0403956354279593,0.000106977390328316,0.000403912146471389,0,0.0777801281263305,0.000410090801009297,0,0.00180936268149272,3.53567234410751e-05,0,0.0710525081186472,0.00423663010995412,0,0,0.000309912287335797,0.00900972484388475,0.000791133262157831,0.505495512634575,0.0369202855655087,0.00193004454971201,0.00259039530278685,0,0.309957268330317,0,1.15239947911691,0.000486192500273042,0,0.000766243492977478,0,0,0.000434976700050583,0.0480802134576998,0.000120989270763282,0.451316577848349,0.000343147195672801,2.39272820433001,0.000158830344596596,0.00071800215007049,0.00162285348125161,0.000130630598773863,0.110746170151675,0.0106725606271633,0,6.93046400743321e-05,0.0487943235139749,0.000276354895967212,0.00234657924068175,0,0.18953108720592,0.803231763457656,0.000213655687077871,0.00172083686668961,0,0.294098481639066,0.00175452532197476,0,0.0164462873850965,9.09389476572343e-06
0,0.0509211422518643,0,0,0,0,0,0,5.31480654077329e-05,0,0.0135241377902974,0,0.0294620545680697,0,0,0,0,0.00141135501708799,0.000261970409383322,0,0,7.57780404876079e-05,0,0,0.0744663107359137,0.00713789611250423,0.0259021418091973,0,0,0,0.0154616468402345,0,0,0.000236930222431069,0.000253080703073101,0,0.00256811053761932,0.000421120899583925,2.8806083448803e-05,0,0,0.000518427439389802,0.00686591413529074,0.740485979688791,0.380803269492853,0.0112093067797512,0.000809509763345734,0,0.00104771876693903,0.000431039090833126,0.142928254925239,1.42262371298654,0,0,0,0.0027170998353347,0,0.0166500918110551,2.78763075371258e-05,0.918714493721254,0,0.0661924851052779,0.000458660273274136,6.22177281269422e-05,0.0035154929299427,0.816288094607202,1.17908628147208,2.12530135184375,0,0.00237484406566385,0.0255216776987125,0.0881001508759361,0.00136500029594624,0.18953108720592,0,2.15268277907905,0.00270858006139249,0.000420770070406208,0.00343880734962436,0.807827226231613,0,0,0.151453050201799,0.000122748915376363
0,0.252464235816512,0.0116056139554855,8.85582040409242e-05,0,0,0,0,0.000352357731573672,0.000157491622168038,0.00791421636829654,0.000175854082265178,0.0205402947859139,0,0.00158591028745188,0.000695078113651151,0.000235430075793335,0.00115554505797202,6.57515825883083e-05,0.000178710154003943,0.000252380320344005,0.0124905146135304,0.000949240827622337,0.000811103164971987,0.145066171036487,0.00914673120276364,0.126748144852705,0.000778214384138043,0,0.000100323228268265,0.0131165654440921,3.28011814209666e-05,0,0.00310655027277722,0.00158025333727292,0.00156614743954293,0.0144167493821912,0.00425215693514781,0.00116491604753891,0.00024292123427179,2.32726772880907e-05,0.000378819645486804,0.0874563372132084,0.550045605839425,0.361587591628463,0.0494792812180813,0.00402217509481831,0.000690202194106954,0.000886924519018644,0.00162445232543573,1.56312616543646,1.1831940397788,0.000537837329593116,0.000352824042223304,0.000387467903614062,0.0288662469396493,0.000231066719502286,0.090842860122908,0.00278840151958409,0.0587775458392943,0.00047650744864795,0.355788249891308,0.00115681593550579,0.000759727018959735,0.595144744233651,0.0971901478129012,0.066312204237,0.0176808661813778,0.000516352194987774,0.0433260483642459,0.878186800065387,1.08480495336975,0.0962024203823503,0.803231763457656,2.15268277907905,0,0.101783494616209,0.00203593514706583,0.00952584452933084,0.186322050846866,0,0.000868342632479855,0.0850005046892947,0.00103939224757226
0,0,0.00063394121191761,0.015132313585189,0,0.00040715598005042,0.00184351104643422,0.000157264608602303,0.00347442693690646,0.00948984116530119,0,0.00572044958724148,3.89711393430324e-05,8.50385491989371e-05,0.000302074881155884,0.000312691467010604,0.000169978692174681,0,0,0.00513159192975385,0.0012497410490673,0.000157543272779996,0.000800829358700068,0.0146071828759783,7.35771326685463e-05,0,0.000433846618098107,0.0117065410800776,0.000259490639096624,0.00195861106872895,0,0,0.000209773127991348,0.000273594731955127,0.000555722088935215,0.00389042841467265,0.000316207528121169,0.00103342722631173,0.000865932744526545,0.00490564818142418,0,2.20700350881476e-05,0.0476013948399353,0.00721772655608818,0.0918650451541662,0.0121923749882593,0.00993310111727201,0.000989389688944263,0.000120820652573403,0.0302929905621152,0.00231140671752273,0.0627088868657942,1.22769688249822,0.000410897391754585,0.026657963647572,1.93233420867299,0.0103945315222407,0.34664692759325,0.965300830225193,0.000209003773183248,0.0628888093924583,0.000295075687256476,0.0242894489145925,0.00393258714030691,0.206246451360738,0.0124896213870074,6.62993419168301e-05,0.00117463037366715,0.323236700748323,1.1272575099711,0.0625896736501345,0.409756527151785,2.4703692538308,0.000213655687077871,0.00270858006139249,0.101783494616209,0,0.0334513087026904,0.613703143586279,0,2.43444973209192e-05,0.0342804943431845,0.0562874834411726,0.000599695150022831
0,0,0,0,0,0,0,0,0,0,0,0,0.000239077426517514,0,3.27112854329147e-05,0.000133772127845854,0,0,0,0,7.33334471577459e-05,0.000113596069068518,0.000302253734227553,0.000196369084270732,0.00015768871701116,0,0,0.000426270424219111,6.82638498651852e-05,0.000385406655807958,0,0,0,6.41861515003625e-05,0.000242300647871375,0.000444586381220965,0.000187440720398477,0.000507056432861215,0.0001057420899601,0,0,0.000139825273839791,0.0770395156315172,0.00893875137855352,0.498164629084948,0.0374924635780083,0.0612885919904019,0.180101139682466,0.00781672613940411,1.55987961559097,0.000218783811630852,0.00112788809625994,0.00226650724426111,0.046678361602361,0.055810908961996,0.0464993601909176,0.233881673539933,0.0129698475968346,0.0229666192393162,0.0853135383006191,0.00412251914223486,0.0109497419739947,1.07878072710565,0.00174279000335844,0.00496370345640565,0.00136296788763148,0.000126203667940287,0.000138719029839697,0.00444215231308639,0.0283651213053852,0.0156246502581548,0.010837676093014,0.0107156874061955,0.00172083686668961,0.000420770070406208,0.00203593514706583,0.0334513087026904,0,1.05595857345519,0.000193588299726797,0.831351176331782,1.2255313907924,1.07486921722269,0.000434175868893411
0.000105087168713556,0,6.2755179071913e-05,0,0,0,0,0,0,0,0,0,0,0.000146065001973608,0,0.000706896514597074,0,0,0,0,0.000461190645747112,0.00164817562019962,0.000636734671714404,0.000322408856325083,0,0,7.10868861479438e-05,0.00132452464039179,5.86737542905441e-05,0.00120201095014602,0,0,0.000482159466028684,0.000128927846382954,8.64496149883764e-05,0.00122167658797269,0.000626513020265909,0.00112037440846531,7.45337381331413e-05,0.00020907495517862,0,0,0.0131424800459634,0.00428088422514368,0.257745689783475,0.0058629708093996,9.60606109221269e-05,0.000437554597512747,5.09294381187734e-05,0.544739214324902,0.00117848882578511,0.0100007961009402,6.11915649276909e-05,0,0.000109623653686539,0.887743038327016,0.00307963298919406,0.0229768264341181,0.00083286916106544,0,0,0.000123082473032934,0.0473732997940078,0,0.0309351543886382,0.0752232594317414,0,0.0047935114374618,6.61467132286073e-05,2.60276162095515,0.0627132963611775,0.289132434651741,0.0320153454943428,0,0.00343880734962436,0.00952584452933084,0.613703143586279,1.05595857345519,0,0,0.000136836307595263,0.290794867451486,0.730296966977648,7.02125055773011e-05
0,0.00162958931808782,0,0,0,5.48957013938398e-05,0,0,0,0,0.0285093406987755,0,0.0523649568052509,0,0,0,0,0.000904298831633784,0.000356713766454374,0,0,0,0,0,0.0351104242160626,0.00420265450728915,0.0050256509059337,0,4.27167141941443e-05,0,0.0405999688166967,0,0,0.000226921928489218,0,0,0.00878540382323631,0.000187946677098227,0,0,0,0.00280460943649451,0.000959483033273867,0.061471793573448,0.0178785678370285,0.00196845019267495,0,0,0.0074489969029607,0,0.0189292229152661,0,0,0,6.47856638310166e-05,0,0.000120687741184242,0.00246244063043696,0,0.735013760708145,0,1.03318154942091,3.91046890185738e-05,0,0.000251869627956029,0,0.241092853211819,0.0111054532189131,0,0,0.00327695248507377,0,0,0.294098481639066,0.807827226231613,0.186322050846866,0,0.000193588299726797,0,0,0.000469949957194866,0,0.00205358330201949,0
0,0,0,0,0,0,0,0,0,0,0,0,0.000237141637267718,0,0,0,0,0,0,0,0,0,0,0,0,0,0,0,0,0,0,0,0,0,0,0,0,0.000263560381366501,0,0,0,0.000217109162876516,0.023465062038554,0.0070062047228679,0.150214789505081,0.0295775614713831,0.0714696709063856,1.25144128387827,0.0211870788806974,0.00403502715880085,0.000124631599890461,0,0,1.35095506833816,0.231987483096328,0.0010529592005849,0.624257573748245,0.000480253846184688,0.00113333859949027,0.0952475809048593,0.000516237460499332,0.0122162072119546,0.13987167552041,0.00135092956550055,0,0,0.000187532816501412,0,0.00011108817968446,0.000457116291611218,0,3.64106188046158e-05,3.3902256271345e-05,0.00175452532197476,0,0,2.43444973209192e-05,0.831351176331782,0.000136836307595263,0.000469949957194866,0,0,1.21198840372329,0
0,0,0,0,0,0,0,0,0,0,0,0,0,0,0,0,0,0,0,0,0.000173013567598649,0,0.000100681378702243,0.000275809443660353,0,0,0.000172922324549291,0.000395411258310737,0.000100703771657984,0.000317771745511879,0,0,0,0,0.000183926818434429,0.000537522419292905,0.000320337941963178,0.000183134791689457,0.000479820155723915,0,0,0,0.0295202130819088,0.00179693677071228,0.15290132146519,0.0205885152804153,0,0.00309537505412543,0.000340149726451439,0.0750406034787588,0.00101368081070477,0.000866409365308663,0.00116815189203393,0,0.000764460861975029,0.00836661036487404,0.000368610095724146,0.0127609184412321,0.00256056225816525,0.00149581677235504,0.00103836133788499,7.24177911433938e-05,0.0143480636979306,0,0.00605953753748348,0.00216821026883646,0,0.000282608889349154,0.00220221857282904,0.0414430307525459,0.0178323563605297,0.00854985606496249,0.00823003280786205,0,0,0.000868342632479855,0.0342804943431845,1.2255313907924,0.290794867451486,0,0,0,0.614085115601009,0.000192537877458037
0,0.00331949762805831,0.000985151119814971,0,0,0,0,0,0,0.000145592296261165,0.000243604648819807,0,0.000167647916268546,0,0.000216067369033543,0,0,0,0,0,0.000153421037409684,0.000593533320466957,4.07417439105082e-05,0.000385161936259593,0.00155457617467037,0,0.00146365410546598,0.00030715255699647,0,0.000158057819646768,0,0,0.000175049119833072,0.000230129112706076,0.000158237003811254,0.00107839712234363,0.0014433227233641,0.000190853779630033,0.000426631513713705,0.000155028860626363,0,0.000249914825253555,0.0383482505171383,0.539286667036857,5.18912792348438,0.0632293872784707,0.0153400306091852,0.30543074118495,0.0589304768586812,0.0666289143712037,0.0209867727752159,0.212423873926704,0.000885750424481828,0.0477155377855846,0.0193577157620684,0.0243342358623987,0.0583954996953719,0.00657448162793255,0.00908363783616665,1.95219628783749,0.00379251068798545,0.0909934514900488,0.116603807580284,0.000153589573701251,0.00812663589485353,0.964998954827871,0.00455761806172923,0.286996566096958,0.00171935756296859,0.846309826385422,0.0133380918560725,0.466145829760186,0.00847213323902954,0.0164462873850965,0.151453050201799,0.0850005046892947,0.0562874834411726,1.07486921722269,0.730296966977648,0.00205358330201949,1.21198840372329,0.614085115601009,0,0.000172516536696352
0,0,0,4.82822338431204e-05,0,0,0,0,2.23950555141878e-05,0,0,0,0.000201516396860209,0,0.00217915206715036,0,0,0,0,0,4.42542189101327e-05,0.000103616929634663,0.00029864479698952,2.33058105689656e-05,0,0,0.000197154206347862,7.24669393690287e-05,0.000286509068122125,0,0,0,0,5.52545831570455e-05,1.31451880925836,0.00419705352625977,0.00592810433145565,0.0131460839549474,0.00774515425296996,0,0,2.0827856136693e-05,0.0194428137634421,0.013842526123103,0.0115385247145407,0.00997080597702001,0.000265340431360837,0.000477326912909092,0.000243579665568663,3.86743879938062e-05,4.60838841139578e-05,0.000373451320715908,0.000315194296961521,0,0.0986614925100414,0.000151659675866167,5.83576236754644e-05,0.000220341677961008,0.0819707133279633,0.000144008762526636,0.0770519692052252,0.000244611857695092,0.000176085029356539,0.000287329120530832,8.37915482130285e-05,2.52994210828242e-05,2.48265415838449e-05,0,0.00604676733653693,0.0008425691333403,0.00013502260108879,0.000841048355310871,0.000281948891120707,9.09389476572343e-06,0.000122748915376363,0.00103939224757226,0.000599695150022831,0.000434175868893411,7.02125055773011e-05,0,0,0.000192537877458037,0.000172516536696352,0
