0,0,0,0.00172228993180417,0,0.00559126054528552,0.384343893525374,0.111529351237025,0.00136370077660596,0.0322311788559957,0,0.0326623240442943,0,1.45775345029619,0.000268788257450858,0,0,0,0,0.00229717416459437,0.00072183067367917,0,0.000760688408637297,0.0275859559375679,0,0,7.71646069909126e-05,0.00022317227758189,0.0761835604579693,0.0938309940044479,0,0,0.0170541579614215,0.0058883393745212,2.32055112804821e-05,0.000652975014367743,0.000555976376619942,0.00489014216410272,0,0,0,0,0,0,0,0,0,0,0,0,0,0,0.000646440710738876,0,0,0,0,0.00057321403514668,0,0,0.000322939248130767,0,0,0,0.000129230671436935,0,0,0,0,0,0,0,0,0,0,0,0,0,0,0,0,0,0,0
0,0,0.0940354310067715,0.0025416433950659,0,0,0,0.00031124769815164,0.443214239699237,0,0.0263986634782113,0.0013089602328398,0.0736981474547937,0.000150670106416704,0.00194841385139393,0.000849927348284076,0.00223207484116227,0.00381105082370344,0,0.000275082510329381,0.00037937883712065,1.17564758511555,0.0012718898617951,0.00688432657848742,1.20025475968224,0.00137752182492282,0.52682262647367,0,0,7.91501364958841e-05,0,0,0,0.00668205888146315,0,0.00449762275139076,1.08134209717927,0.0417517591342731,0.00408721124346029,0.000277110992723009,0.000850915155027832,0,0.0017489802660017,0.505137170498008,0.000456252555532315,0,0.000452749924348714,0,0,0,0,0,0.00131834758128871,0,0,0,0,0.0831278948499335,0,0.00240280656635438,0.00258309118178497,0.00279711509042268,6.70066018359991e-05,0.000321294825240959,0.00225996899663924,0,0.00509843891171582,0.00503093761967353,0,5.93727908946712e-05,0.0203866154162348,0.000333977335695225,0.0026591929281293,0.00101545847238532,0.000209377801268101,0.0189463537655738,0,0,0,0.000933329765803514,0,0,0.00173518452376743,0.000138177990996779
0,0.0940354310067715,0,0.00111416086599672,0,0.00173097483217128,0.00185907545627771,0,0.003642751744487,0.00177965815386395,0,0.00550412750424457,0,0.000191162886411547,0.000155527527961253,0.0166503147900268,0.0336320377549875,0,0,0.0101592683818065,0.00336475256666779,0.0318165536820574,0.0392941687744604,0.0164810894341931,0,0.132465155357707,0.193817994915361,0.00154049101493375,0.000192750942370458,0.00161185457666757,0,0,0.000167394583594308,1.28773218095493,0.000117583761458165,0.00337474253985963,1.43929482451859,0.0179168283969151,0.00332066323298899,0.000676940610070991,0,0,0.000734479589254482,0.000131388926723791,0,0,0,0,0,0,0,0,0,0,0,0,0,0,0,0,0,0,0,0,0.000703163254070906,0,0,0,0,0,0.000140161580116545,0,0.000166991129982661,0,8.32358776892994e-05,4.09811886376498e-05,0,0,0,0,0,0,0,0
0.00172228993180417,0.0025416433950659,0.00111416086599672,0,0.00609203552775098,0.0776803770296381,0.0608177501449124,0.0404623392075976,0.120850201006853,0.615655386526605,4.91982921701781e-05,2.69406339911222,0,0.0319614316974338,0.0868685254224498,0.035471948378982,0.000201370882029414,0,0,10.3714233680727,0.00116754271331851,0.0345777130917561,0.000781895300183385,2.76887388073424,0,0,0.00502601222538987,0.435980578689212,0.00396349961291773,0.000871385629044815,0,0.00047606729614413,0.000740282162293776,0.00223793467115544,0.0335035202962958,0.00853384343324762,0.0100770544860524,0.00248000752597888,0.00832266113674368,0.0556870573797492,0.00159073751235179,0,0.000610444014287179,0.00113118166298922,0.000203178094871901,0,0.00118193287822407,0,0,0,0,0,3.85754653422759,0,0.00194592094050379,0.00119750513029102,0.00218829918333479,0.0616766691303101,0.042398462901202,0,0.965730254991374,0,0.000784121872610094,0.00035539433364523,0.00320906719273649,0,0,0,0.609748689321616,0,0.0020469944662917,7.45259204609078e-05,0.0416401782308493,0,0,0,0.129576759181275,0,0,0,0.000279112131150269,0,0,0.00216285468158855
0,0,0,0.00609203552775098,0,1.38732332374417,0,0.126270756992511,0.0176731664961372,0.00667359686775328,0.124483008270738,0.0395222456369439,0.000401930047210106,0.00301439127315318,1.56146135108015,0.000747043650776283,0,0.000759435710236305,0,0.010772883904969,0,0,5.76106993393369e-05,0.011890261781756,0.00182106147810994,0,8.69897645113544e-05,0.000105257599030279,0.0121555118875609,0,0,0.119678002455955,0.00619649128870789,0.1114581238691,0.0023244306231707,0.0102648388546136,0.000620264628115326,0.00287083382730761,0.000270527054871565,2.51898484091854,4.34708689194212,0,0,0,0,0,0.000192103087459279,0.000801711422621879,0,0,0,0,0.00325528043858016,0,0,0,0.000680859167738702,0.00883278998803107,0,0,0.00124065055795864,0,0.00076719999916316,0.000462778185071355,0,0,0,0,0,0,0,0,0.000872877582376672,0,0,0,0,0.000158959390201031,0,0,0,0,0,0.000239290808456681
0.00559126054528552,0,0.00173097483217128,0.0776803770296381,1.38732332374417,0,0.0297398338923933,4.12116089717521,0.0954970069591369,0.779161767416733,0.0341872738594123,2.6896960807503,0,0.533225396927787,0.855398341409297,0.00421390900264356,0.000517738572740914,0,0,0.626992620630366,0.0015157294002214,0.00374956394390813,0.00210331516119069,0.372864994191524,0.000232993328964235,0,0.000732693821173022,0.014305223097411,0.375469507114917,0.00739216935580374,0,0.253500273160218,0.0299395210370741,0.0323809363961242,1.75164841258565,0.0756823403926309,0.0256577784534448,0.0162376817081133,0.00463248431010917,0.837115734203273,0.111305919140095,0,0.000554357700523495,0.000145720910417118,0.000243206918234089,0.000435520090453861,0.012216809447679,0.000946865603702079,0,0,0,0,0.0316934916973283,7.34796468236584e-05,0.028722195500577,0.00426234537096854,0.0247897574139435,0.177881255885585,0.0242932836762985,0,0.0734625255657119,0,0.0101904317819692,0.0117404959597587,0.00038930889233153,0,0,0,0.00754466093937901,0,0.000191530059955059,0.000179448718685549,0.0152261034129669,0,0,0.000103098636090104,0.00388696712576478,0.000523801360093715,0,0,0.000429127591354822,0,0.000786231215981168,0.0421785848592572
0.384343893525374,0,0.00185907545627771,0.0608177501449124,0,0.0297398338923933,0,0.380268472951452,0.000660607442072516,0.649931135885001,0,0.0702449399915374,0,1.07631560967485,0.00415245028045564,0.00874120353443151,0.00225390737524104,0,0,0.773678065773329,0.00869325703544858,0.00788142599275798,0.00806577530311503,0.650425441039885,0,0,0.00251017183889051,0.857850885180819,0.035725721645098,0.999761786634763,0,0,0.0703439513315076,0.0589812997571316,0.000961558837901482,0.0165286273566143,0.0737078490158209,0.066081650760646,0.00950290312962828,0.00337898808947231,0.000662229451762657,0,0.000191773874999246,0,0,0,0,0,0,0,0,0,0.0040643349756061,0,0,0,0,6.91149989794498e-05,0,0,0.000130985818120647,0,0,0,0.00151503115994215,0,0,0,0,0,0.000153903598708167,0,0.00216056905315716,0,0,0,0.000134451669999393,0,0,0,0,0,6.13002291437511e-05,0
0.111529351237025,0.00031124769815164,0,0.0404623392075976,0.126270756992511,4.12116089717521,0.380268472951452,0,0.0785050195385914,0.263416926974786,0.00349284031954743,0.810333013115271,7.26403112736272e-05,2.53010513818512,0.133498765514198,0.00180309972941251,0.000186424703613878,0,0,0.121488506375873,0.00150838328752622,0.0011908497844356,0.00165375884028146,0.370810196738934,0,0,0.000435438299388375,0.00342145088003383,0.400769481729146,0.0247553577503586,0,0.296435740291294,0.0339904050689843,0.0110850921405103,0.255072082489949,0.0563610860097983,0.00444492028515945,0.0184955949375046,0.00319502546381494,0.699344737667285,0.00920311068048937,0,0,0,0.000305192982408658,2.88009930862782e-05,0.00155180389396168,0.00034766182492023,0,0,0,0,0.0113131807468048,0.000143911607157939,0.00181098780135889,0.000274859132260234,0.00372631387871005,0.0438153882410664,0.00128172177115542,0,0.015550836704141,0,0.00133969403868234,0.00170878921318691,0.000170497169550976,0,0,0,0.0013802659337387,0,0.000136123098842722,0,0.00945212264060195,0,0,0,0.00121412509555677,0.00012531638141426,0.00010200013258664,0,0,0,0.000328355749942421,0.00664643807089816
0.00136370077660596,0.443214239699237,0.003642751744487,0.120850201006853,0.0176731664961372,0.0954970069591369,0.000660607442072516,0.0785050195385914,0,0.00245442187983785,0.10484996420377,0.315676369940853,0.141673143265857,0.0588650370851621,0.608912015118611,0.267722610956183,0.000378020726419168,0.00296801438830188,0,0.023976500037248,0.00313039554636711,2.4143574702833,0.00522352727207961,2.91922000130941,0.167863359930803,0,0.0789274224121453,0.00558276503472018,0.00485736744931038,0.00813161654344594,0.00198014855511422,0,0.0101435557690586,0.0250425765980934,0.00127860503989413,0.0738563945057161,0.105606771449088,0.0174809496015331,0.00965220623491704,0.337002268389522,0.00408937127387723,0,0.1127948682,0.201322331209342,0.0110054041932246,0.0110587268851961,0.147917835277339,0.0154467414840275,0,0.000727435464819317,0,9.33787899459609e-05,0.448057147861192,0.000328072952390877,0.016556157719879,0.00142516548650692,0.0246179278808119,5.10167329197352,0.000687192450500952,0.000574708480391247,0.266648275381105,0.000590223541696917,0.0119923784437405,0.127107405170759,0.119694929108042,0,0.000312594613993116,0,0.0790684453738311,0.00179192514817594,0.23544243430145,0.00800150466189017,0.915344676797286,0,0,0.00535413994924384,0.0181205708813998,0.00224138459049606,0.0106297275663079,0,0.00185619866159324,0.000282217747793714,0.0109026734303395,0.00265159425677117
0.0322311788559957,0,0.00177965815386395,0.615655386526605,0.00667359686775328,0.779161767416733,0.649931135885001,0.263416926974786,0.00245442187983785,0,0,3.01739527745586,0,0.227288864462498,0.119990198571238,0.00367050188891785,0.000865311473975753,0,0,1.52230332226468,0.00262423332155123,0.00399725122832371,0.00280011778098079,0.439347056023034,0,0,0.00139820939752274,0.186515239806679,0.00303567818938623,0.00616447344646969,0,0.000481622464003791,0.00784298562340763,0.0166125207625768,0.814834426428731,0.00766214655517953,0.0396195486886154,0.0162202201432461,0.0049920951426296,0.0813859227949113,0.00275228460463237,0,0.00022980796396286,0,3.39227677409459e-05,0,0.0022775352898272,0.000243931686093552,0,0,0,0,0.0358395774080697,0,0.00881001504489196,0.00338289320462232,0.00989179514635337,0.0387702548499275,0.0877530036056805,0,0.176627179171453,0,0.00283716540335038,0.000924930033430472,0.000272928613028363,0,0,0,0.0253317132145674,0,7.37658048445638e-05,0,0.00532975533283273,0,0,0,0.00181698101641356,0.000139559960669774,0,0,5.13082541062767e-05,0,0.000181179464516731,0.0716245314958979
0,0.0263986634782113,0,4.91982921701781e-05,0.124483008270738,0.0341872738594123,0,0.00349284031954743,0.10484996420377,0,0,6.91848500882436e-05,8.98932579665616,0.000348937373410886,0,0.000387038390240534,0.0262297634667615,7.41190497292512,2.24272782871547,0,0,0.0151292569011113,8.82303509112323e-05,0.00408890920702401,1.65851699228201,2.27747940145155,0.196490800024012,0,0.156954624887132,0,0.678721171414911,0.699991937222476,0,1.0753447913945,5.40935049490759e-05,0.0144806383842557,1.05878252489554,2.26303205685372,0.00916624686894236,0.3553425532541,0.708032142082915,0,0.0134794306853034,0.0422072772797195,0,0,8.164466803629e-05,4.57931908730818e-05,0,0,0,0,0.000141230315201385,0,0.000372666212805562,0,0,0.179658178677591,0,0.301887690506732,0.00223798934574955,0.964892157198905,0,6.74286132173098e-05,7.27328888692671e-05,9.15519247804471e-05,0.152749111149117,0.0147426337318142,0,0,0.0165682245538479,0,0.00154243385214084,0.012885584107182,0.0289821410896728,0.000179899100409547,0,0,0,0.0147785334189802,0.000126676918029006,0,0.00227452892147571,0.000585527034937619
0.0326623240442943,0.0013089602328398,0.00550412750424457,2.69406339911222,0.0395222456369439,2.6896960807503,0.0702449399915374,0.810333013115271,0.315676369940853,3.01739527745586,6.91848500882436e-05,0,0.000395591360024025,0.536155784718591,0.951338856955347,0.0100368093745587,0.00522000496680424,0,0,4.88778998800777,0.00492563379930152,0.0114313419437618,0.00602717978511498,1.53527806704909,0.000364386802174939,0,0.00456520361799041,0.0377433826939418,0.0423545138293971,0.0351053935355895,0,0.00525322681186556,0.142372650333768,0.0698981849325521,1.11456129466786,0.0826669558561188,0.152094619726713,0.0965194284114016,0.0230533850040122,0.547712759377318,0.0141885832275604,0,0.00253641360891676,0.000900063674184394,0.00248629773001995,0.00284283915512723,0.154432688573831,0.0226270943128205,0,0.00061165787548579,0,0,1.28243340973449,0.00644434103909029,0.294450852263992,0.083775724734802,0.373017053594637,2.39629917743925,0.553087633105662,0.000216446647342014,5.16282321427623,0,0.12626391349837,0.091381640141437,0.00151948772582165,0,0,0,1.0293804406348,0.000576082346746077,0.000674720751156927,0.000531143716782446,0.122162748841627,0,0,0.000189485167688151,0.0562511575738398,0.00641091237857001,0.000368993506497814,0,0.010946169276236,0.001783111836647,0.0144233000253113,0.859861012634964
0,0.0736981474547937,0,0,0.000401930047210106,0,0,7.26403112736272e-05,0.141673143265857,0,8.98932579665616,0.000395591360024025,0,0,0.000272715648730873,0.00128691988504341,0.000143653707264517,0.0746444737940444,0.000603371634253606,0,0.0001756237547487,0.023851376001608,5.04561702806402e-05,0.00346457389609166,1.56084338827571,0.508544671057675,1.26888964277744,0,4.16524911342215e-05,0,1.5343296843371,0.0259158956523356,0,0.00451704155062253,0.00101167880966949,0.0546163649229698,0.146208973542606,0.412359761644447,0.0272224891350971,0.000683680918600289,0.000501008703047055,0.021286989864428,0.036442530411054,0.0439892988269729,0.000502340220743512,0.00122884102457451,0.00799968290403935,0.00363745742862488,0,0,0,0,0.000476250440827725,0.00192419921255821,0.000487639018517831,0,0,0.219064363186604,0,0.315918471027563,0.00253272884041727,2.20367213235593,0.000424923555245012,0.00165412242395718,0,8.45815976472449e-05,0.145723149909714,0.0176720712894225,0,0,0.0331032360307401,0.000114287269966595,0.0025180384259197,0.0127605795068134,0.0262939202724505,0.000126416008580574,0,0,0,0.017991572553274,0.00034445012750348,0,0.00276083911216725,0.00669990115670955
1.45775345029619,0.000150670106416704,0.000191162886411547,0.0319614316974338,0.00301439127315318,0.533225396927787,1.07631560967485,2.53010513818512,0.0588650370851621,0.227288864462498,0.000348937373410886,0.536155784718591,0,0,0.0355688508734029,0.00133119218386983,0.000130786803096443,0,0,0.0762933510289834,0.00173135312480908,0.000736847936447548,0.00117851775427675,0.240651372070345,5.92491087434595e-05,0,0.00032581065753485,0.00175612725129054,0.722197978751536,0.0430765008310282,0,0.00115686903703622,0.0501445394851912,0.0109320126455171,0.00376608298804147,0.0125771799794833,0.00161166437743142,0.0218192446051827,0.00155540018793384,0.0317068473156721,0.00110447999336972,0,0,0,4.48148810509134e-05,0,0.00123779272217158,0,0,0,0,0,0.00913064006837819,0,0.000215553702627436,0,0.000845792734883843,0.0273305677479384,0.000138924689302511,0,0.00664767884679136,0,0.000558520207018356,0.000633601967525814,8.38553187576703e-05,0,0,0,0.000462088853704514,0.000110156927057192,8.48384041338898e-05,0,0.00457540991361573,0,0,2.12404761742323e-05,0.000188054614152799,0,0,0,0,0,5.48601749444239e-05,0.000146798119949636
0.000268788257450858,0.00194841385139393,0.000155527527961253,0.0868685254224498,1.56146135108015,0.855398341409297,0.00415245028045564,0.133498765514198,0.608912015118611,0.119990198571238,0,0.951338856955347,0.000272715648730873,0.0355688508734029,0,0.401558712355417,0.000100463429460958,0,0,0.25632366353202,0.0102755008806213,0.164409471761569,0.00299487903368554,0.83972946820449,0.000153207509772661,0,0.00279017492998544,0.0356287884520178,0.0425911743247193,0.060163455343453,0,0.00580996403664426,0.222460314272426,0.0670150050909552,0.340766781758145,0.349204855731292,0.0317169690031609,0.035958083091981,0.0143641511013896,2.98467050265203,0.039408477551155,0,0.00206872617922234,0.000612746797137536,0.00492640238876268,0.00976318785138122,0.0390617203591014,0.0194716441741722,0,0,0,0,0.0251179261816455,0.000612980334996752,0.00712985928302064,0.000757171254139209,0.00736228604464451,0.236930669767555,0.000522078932172848,0.000925720354049092,0.0180058327934681,0,0.00615007307844311,0.013773869076573,0.083522874136247,0,0,0,0.003767233367906,0,0.0231957447066851,0.000985218987132118,0.0520596136924168,0,0,9.77288212169868e-05,0.00404216258429839,0.000308171099272525,0.000751476172722275,0,0.00100233693313936,0,0.00190624068839251,0.00550000986682075
0,0.000849927348284076,0.0166503147900268,0.035471948378982,0.000747043650776283,0.00421390900264356,0.00874120353443151,0.00180309972941251,0.267722610956183,0.00367050188891785,0.000387038390240534,0.0100368093745587,0.00128691988504341,0.00133119218386983,0.401558712355417,0,0.00467018368742864,0,0,0.0444250330372653,0.137142613458294,2.8540899469713,0.757189015255681,2.36229676504577,0.000136722342530878,0,0.356828578409384,0.0268400640108687,0.0363462111793153,0.0788385478990867,0,0.000120870427848127,0.210497334980491,0.233544870979176,0.0013509694232464,1.08296139806666,0.410394253552734,0.160646839557848,0.432631151437123,0.270050482471621,0.0458738185953738,0,0.23504743606886,0.230354127435603,0.00993160285414576,0.00361043996429092,0.0159026261679374,0.00250616647024375,0,0,0,0,0.0153459811251572,0,0,0.000226929331388348,0.000382403366083928,0.0121292553415594,0,0,0.000813131792442374,0,0.000163139137370216,0.00610382112934697,1.4655078661678,0,0,0,9.65708044935454e-05,0.00208810688199103,0.407424009141398,0.0123922435607166,0.369931755882156,0,0,0.01424492935502,0.00195436045631769,0.000138862127234074,0.000799455832013789,0,0,0,0.0152062098304734,0.00348884553591521
0,0.00223207484116227,0.0336320377549875,0.000201370882029414,0,0.000517738572740914,0.00225390737524104,0.000186424703613878,0.000378020726419168,0.000865311473975753,0.0262297634667615,0.00522000496680424,0.000143653707264517,0.000130786803096443,0.000100463429460958,0.00467018368742864,0,0.00332004545040204,1.2427195937423,0.00415075858554345,0.00877150620548419,0.00532113617581912,0.119712398168859,0.0235147240423433,0.00154082481824908,0.299463168358715,0.00803180068328557,0.000823010846977687,0.00178414320966014,0.00101633713342073,0,0,0.000247166850207781,3.3916157159488,4.35776859295888e-05,0.000202404167910214,0.733481587974891,1.68144190738061,0.000304293985809258,0.000221920558228147,0.000174582118937675,0,6.1450976970202e-05,0.000140349382136626,0,0,0,0,0,0,0,0,0,0,0,0,0,0,0,0,0,8.38394129013351e-05,0,0,0.000460898555283594,0,0,0,0,0,0,3.63764178332154e-05,9.06177624691701e-05,0,0,0,0,0,0,0,0,0,0,0
0,0.00381105082370344,0,0,0.000759435710236305,0,0,0,0.00296801438830188,0,7.41190497292512,0,0.0746444737940444,0,0,0,0.00332004545040204,0,0.237783178646273,0,0,0.000200268175856635,0,8.34421609285296e-05,0.0624342900734514,0.026788857570917,0.0109481335061204,0,0.0053503026672744,0,0.00217935905455231,0.00359763783321048,0,0.0130125233946149,0,0,0.0107069738917006,0.00363396288029742,0,0.00213367006829391,0.00116697872285204,0,0,0.00540979552313303,0,0,0,0,0,0,0,0,0,0,0.000223836106623992,0,0,0.00459236134599854,0,0.0523848374201785,9.3065211174147e-05,0.0606816867882991,0,0,0,0,0.0318423475663897,0.00325884172205565,0,0,0.000237143165983593,0,0.000114658063133649,0.00242011501725675,0.00400571035929092,4.52582384792596e-05,0,0,0,0.0029650159519938,0,0,0.000210297532867785,0
0,0,0,0,0,0,0,0,0,0,2.24272782871547,0,0.000603371634253606,0,0,0,1.2427195937423,0.237783178646273,0,0,0,0,0,0,0.000858032960111452,0.138657220737171,0.00177098693264361,0,0,0,0,0,0,1.49050116180822,0,0,0.301167654083197,0.00333519216141201,0,0,0,0,0,0,0,0,0,0,0,0,0,0,0,0,0,0,0,0,0,0,0,0,0,0,0,0,0,0,0,0,0,0,0,0,0,0,0,0,0,0,0,0,0,0
0.00229717416459437,0.000275082510329381,0.0101592683818065,10.3714233680727,0.010772883904969,0.626992620630366,0.773678065773329,0.121488506375873,0.023976500037248,1.52230332226468,0,4.88778998800777,0,0.0762933510289834,0.25632366353202,0.0444250330372653,0.00415075858554345,0,0,0,0.0047370746111491,0.0396614724511155,0.00787726706556799,1.10716656693509,0,0,0.00458401132624322,0.821521597602898,0.00685164727755811,0.00356119516351198,0,0.00074212587577463,0.0103736391694692,0.0336202419437634,0.0792019885860947,0.0420252949007009,0.153675483340283,0.0177841358392428,0.031203913937245,0.142446799130266,0.00733755716757678,0,7.1258329074203e-05,0.000530533738236806,3.21022226124762e-05,0,0.00392404902635716,0,0,0,0,0,1.47963077916479,0,0.00405586827792527,0.0012813283572439,0.00430211379631812,0.0545587427251036,0.0115791921456008,0,0.0756394977575483,0,0.00155211669524357,0.00198171466504179,0.00390050553734409,0,0,0,0.123922987463168,0,0.000789867637584737,0,0.0206018399616548,0,0,0,0.00814164479108179,0,0,0,0,0,0.000247316867922045,0.00286091195636031
0.00072183067367917,0.00037937883712065,0.00336475256666779,0.00116754271331851,0,0.0015157294002214,0.00869325703544858,0.00150838328752622,0.00313039554636711,0.00262423332155123,0,0.00492563379930152,0.0001756237547487,0.00173135312480908,0.0102755008806213,0.137142613458294,0.00877150620548419,0,0,0.0047370746111491,0,0.0937470950485185,0.79878039312371,0.0753568407949666,0,0,0.0416450445153841,0.346021357834752,0.361746753836029,0.709135342402992,0,0,0.508777715710227,0.545391124505033,0.000121872909857055,0.107168215036371,0.224820978490118,0.291627628491423,0.0364861144936829,0.011062596021735,0.00314209137537772,0,0.00343174064226203,0.0109207654917989,0.00153367819956094,0.000147520179138755,0.000487576425474163,0.000511689313416288,0,0,0,0,0.00025061490219958,0,4.44331910447364e-05,0,0,0.00034361510634214,0,0,0,0,0,0.000279862683525577,0.0183112071922141,0,0,0,0,0.000210150100263351,0.0021595463169605,0.000549115470432654,0.00197628553518998,0,0,0.000447052185815955,0.000167141175336913,0,0,0,0,0,0.00108409186868303,4.7691682582186e-05
0,1.17564758511555,0.0318165536820574,0.0345777130917561,0,0.00374956394390813,0.00788142599275798,0.0011908497844356,2.4143574702833,0.00399725122832371,0.0151292569011113,0.0114313419437618,0.023851376001608,0.000736847936447548,0.164409471761569,2.8540899469713,0.00532113617581912,0.000200268175856635,0,0.0396614724511155,0.0937470950485185,0,0.589479902484497,1.05313430732137,0.0488751737763606,0.000244908343564717,0.410678773448508,0.0459033871878543,0.0212015674569876,0.0353019453364767,0.000224681459012929,0,0.103698895551566,0.168801120369274,0.000175229599112668,0.560370752484453,0.948813322780968,0.125687478487956,0.249670697644829,0.0896788140642557,0.0177707152007147,0,0.521310938601526,1.67419942476977,0.0690534949895955,0.0183723434502983,0.0367617585991576,0.0199196721378323,0,0,0,0.00171043055735431,0.0255131714108429,0.00130262532336833,0.000609695537801548,0.00030851459012885,0.00037359452513322,0.0770255301643887,0.000109051337708116,0.000212814338492001,0.00496524342363228,0.000459532254248294,0.000252506263952518,0.0113622630245231,1.44427372916328,0,0,0,0.0011151735415743,0.0194963452784809,6.09860685821296,0.044673409377344,0.334163703535152,0,0.000188929429035547,0.0508169680152821,0.00516680360989216,0.000127749351210505,0.000980085384393015,0,0,0,0.0627956245072391,0.00254011788151252
0.000760688408637297,0.0012718898617951,0.0392941687744604,0.000781895300183385,5.76106993393369e-05,0.00210331516119069,0.00806577530311503,0.00165375884028146,0.00522352727207961,0.00280011778098079,8.82303509112323e-05,0.00602717978511498,5.04561702806402e-05,0.00117851775427675,0.00299487903368554,0.757189015255681,0.119712398168859,0,0,0.00787726706556799,0.79878039312371,0.589479902484497,0,0.0733402986799551,0.000223535221163585,0,0.309019436128341,0.0191074064478222,0.0635428397958194,0.039517340303884,0,0,0.0597221257400237,1.44306456884153,0.000101926047158145,0.0972328337948914,0.727333479509531,0.661804150295597,0.047897471177534,0.00850629075687993,0.00392463039292357,0,0.0118214368603332,0.0170434508617545,0.00186734546652871,0.000126899428255238,0.00061173442987788,0.000245651878011538,0,0,0,0,0.000784880897169854,0,0,0,0,0.000275053086650108,0,0,9.11937473122701e-05,0,0,0,0.00853755688163272,0,0,0,0,0.000298646420047861,0.0018099776766034,0.000878440420976691,0.00121362038697482,0,0,0.0015955733843997,7.37526092779595e-05,0,0,0,0,0,0.00166743443385376,0.000117806720902943
0.0275859559375679,0.00688432657848742,0.0164810894341931,2.76887388073424,0.011890261781756,0.372864994191524,0.650425441039885,0.370810196738934,2.91922000130941,0.439347056023034,0.00408890920702401,1.53527806704909,0.00346457389609166,0.240651372070345,0.83972946820449,2.36229676504577,0.0235147240423433,8.34421609285296e-05,0,1.10716656693509,0.0753568407949666,1.05313430732137,0.0733402986799551,0,0.00197963595156339,0,0.072848924932113,2.33376997299024,0.0408245362262336,0.220169438945667,0.00039680710546358,0.000621015737805769,0.332220605612908,0.541865597575695,0.0110715764901793,0.655043469528924,0.492122689536021,1.07919731069938,0.156082501039513,0.575632585588093,0.0172703200551605,0,0.0188698488978005,0.0137261440668201,0.00324560898419709,0.0020064309448529,0.0583084514541145,0.00662416241783992,0,0.000493429114180955,0,0.000104754897190004,2.97305049456403,0.000896460800226537,0.0243134700453239,0.00514327430592366,0.055628931212837,1.5331154818206,0.00912149327012959,3.97635292155819e-05,0.347121345513515,0,0.0244779560672728,0.0335386428781623,0.286858611608526,0,0,0,0.106421671730488,0.000447907117819065,0.0198873398624446,0.00166585112506407,3.4371481901268,0,0,0.0013321471315944,0.0238663452998623,0.000707016082943954,0.00187317269557699,0,0.00191181732404121,0.000330314877806652,0.00491805751309212,0.00763051730935489
0,1.20025475968224,0,0,0.00182106147810994,0.000232993328964235,0,0,0.167863359930803,0,1.65851699228201,0.000364386802174939,1.56084338827571,5.92491087434595e-05,0.000153207509772661,0.000136722342530878,0.00154082481824908,0.0624342900734514,0.000858032960111452,0,0,0.0488751737763606,0.000223535221163585,0.00197963595156339,0,0.0571826630602522,1.21657888048764,0,4.3038941453374e-05,0,0.0480926352230083,0.00381235654701147,0,0.00108027534307193,0,0.000189187937114615,0.0900808521336363,0.00875513891323333,0.000880781129028674,0.000978826919168588,0.000709650978074419,0,0,0.139244901782737,0,0,0,0,0,0,0,9.59433480896962e-05,0.000102568281852638,0,0.000626322413200316,0,0,0.213758052534027,0,0.208896914462952,0.00211872385155192,0.197475243449908,0,0.000179702840102108,0.000360115129326555,0.000340146321658477,0.132605815672243,0.0482335675605425,0,0,0.0459764869975735,0,0.00218646644064817,0.0207556633586923,0.0150617833651312,0.00537378202201264,0,0,0,0.0165008274002003,0.000177844582651077,0,0.000565223978292442,0.000250884614271094
0,0.00137752182492282,0.132465155357707,0,0,0,0,0,0,0,2.27747940145155,0,0.508544671057675,0,0,0,0.299463168358715,0.026788857570917,0.138657220737171,0,0,0.000244908343564717,0,0,0.0571826630602522,0,0.4626422104733,0,0,0,0.0346121542926983,0,0,0.109261985866781,0,0,0.0201557812689489,0.000757357150641234,0,0,0,0,0,0.000474148030763845,0,0,0,0,0,0,0,0,0,0,0,0,0,0.00132669147424092,0,0.00300090601234265,0.000169759487235363,0.00446559478405908,0,0,0,0,0.0013990643294335,0.000697681244715095,0,0,0,0,0,0.000168369342341229,0.000168266474072556,0.000117041085927535,0,0,0,0,0,0,0.00012725323541563,0
7.71646069909126e-05,0.52682262647367,0.193817994915361,0.00502601222538987,8.69897645113544e-05,0.000732693821173022,0.00251017183889051,0.000435438299388375,0.0789274224121453,0.00139820939752274,0.196490800024012,0.00456520361799041,1.26888964277744,0.00032581065753485,0.00279017492998544,0.356828578409384,0.00803180068328557,0.0109481335061204,0.00177098693264361,0.00458401132624322,0.0416450445153841,0.410678773448508,0.309019436128341,0.072848924932113,1.21657888048764,0.4626422104733,0,0.00363503217835089,0.0119876063117871,0.00241272731026472,0.127279629953124,0,0.00504571583258856,0.112934264699053,0.000185173253608395,0.194913640867586,1.91299448081718,0.217830701671834,0.0873106069798175,0.00367478825062738,0.00210814578846476,0,0.00706037748284873,0.0932756823382354,0.00232838195746329,0.000510194152054713,0.00124324820027128,0.000348363266203289,0,0,0,0.000315298990553019,0.0045556872505544,0,0.000425161080586127,0,4.34897054768348e-05,0.00897549461392811,0,0.0170023190615856,0.00107094416883734,0.0117780548441796,0,0.000180324493200359,0.0204301870683131,0,0.00663086935141658,0.00295458141830228,0.000142751219386747,0.00134557557004302,0.0172950836780343,0.00192120825768776,0.00466994946033497,0.00102143308338257,0.00234866531701007,0.197805312814406,0.000140128592431064,0,4.97274167000927e-05,0.000367424070657861,0.000118404026724586,0,0.0014373501503068,0.000439319008711806
0.00022317227758189,0,0.00154049101493375,0.435980578689212,0.000105257599030279,0.014305223097411,0.857850885180819,0.00342145088003383,0.00558276503472018,0.186515239806679,0,0.0377433826939418,0,0.00175612725129054,0.0356287884520178,0.0268400640108687,0.000823010846977687,0,0,0.821521597602898,0.346021357834752,0.0459033871878543,0.0191074064478222,2.33376997299024,0,0,0.00363503217835089,0,0.00162875709198206,0.229839753150398,0,4.18416366113933e-05,0.00634873004232086,0.0781263821118848,0.00147365019954552,0.0355849150002605,0.0794019086138477,0.0210219558167895,0.0111102211979771,0.0290637160649268,0.00071844960389083,0,0.000302749148763585,0.000414562361277904,6.33504008251571e-05,0.000206431953159359,0.000445789233846436,0,0,0,0,0,0.0143045401748146,0,0,0,0.000211842622734323,0.00241670665385115,5.97277173706194e-05,0,6.57369168798878e-05,0,0,0.000819926287645315,0.00373589653511988,0,0,0,0,0,0.000124808481967173,0,0.00277753367950374,0,0,2.71315935322465e-05,0.00332851421189514,0,0,0,0,0,0,4.32078308229439e-05
0.0761835604579693,0,0.000192750942370458,0.00396349961291773,0.0121555118875609,0.375469507114917,0.035725721645098,0.400769481729146,0.00485736744931038,0.00303567818938623,0.156954624887132,0.0423545138293971,4.16524911342215e-05,0.722197978751536,0.0425911743247193,0.0363462111793153,0.00178414320966014,0.0053503026672744,0,0.00685164727755811,0.361746753836029,0.0212015674569876,0.0635428397958194,0.0408245362262336,4.3038941453374e-05,0,0.0119876063117871,0.00162875709198206,0,0.732820138440958,0,0.00739262208668208,1.17080861036731,0.697377133665127,0.000937251298814016,0.0387471365707418,0.0321140724338589,0.0564417602630975,0.015080516760942,0.195659424004519,0.0107935985071536,0,0.00159387150785348,0.00377660540383832,0.000197907382649447,0,0.000262630835065614,0,0,0,0,0,0.00136521027094143,0,0,2.3428563944352e-05,0.000169039951038086,0.00293555449930099,0,0,0.000413193573803631,0,0,0,0.0080128385685792,0,0,0,4.10579927895231e-05,6.69316277732432e-05,0.00101304492888878,0.000145005733967951,0.00096742547957147,0,0,0.000202492818972813,0.000145110117204898,0,0,0,0,0,0.000730291393786187,5.63069605431242e-05
0.0938309940044479,7.91501364958841e-05,0.00161185457666757,0.000871385629044815,0,0.00739216935580374,0.999761786634763,0.0247553577503586,0.00813161654344594,0.00616447344646969,0,0.0351053935355895,0,0.0430765008310282,0.060163455343453,0.0788385478990867,0.00101633713342073,0,0,0.00356119516351198,0.709135342402992,0.0353019453364767,0.039517340303884,0.220169438945667,0,0,0.00241272731026472,0.229839753150398,0.732820138440958,0,0,0,1.36663593488362,0.396865734152737,3.71389651056247e-05,0.0562686800681569,0.0880695511045866,0.0652642696838983,0.00832907083683953,0.0548152676480323,0.00117761011624196,0,8.83520889403055e-05,0.000381002853264436,4.42363435866296e-05,0,0,0,0,0,0,0,0.000189671060614151,0,0,0,0,6.73577986390604e-05,0,0,0,0,0,0,0.0146519187166668,0,0,0,0,0,0.00414984593539319,2.8007601900838e-05,0.00453792127828627,0,0,0,0,0,0,0,0,0,3.46633246479371e-05,1.98425479546729e-05
0,0,0,0,0,0,0,0,0.00198014855511422,0,0.678721171414911,0,1.5343296843371,0,0,0,0,0.00217935905455231,0,0,0,0.000224681459012929,0,0.00039680710546358,0.0480926352230083,0.0346121542926983,0.127279629953124,0,0,0,0,0,0,0,0,0,0,0,0,0,0,0,0,0.00067664034680896,0,0,0,0,0,0,0,0,0,0,0,0,0,0.00470163624187506,0,0.0042997410812981,0,0.00448672928205735,0,0,0,0,0.00363101276796361,0.000167836583359875,0,0,0,0,0,0.00038326654224069,0.000198083311684109,0,0,0,0,0.00108740903854579,0,0,0,0
0,0,0,0.00047606729614413,0.119678002455955,0.253500273160218,0,0.296435740291294,0,0.000481622464003791,0.699991937222476,0.00525322681186556,0.0259158956523356,0.00115686903703622,0.00580996403664426,0.000120870427848127,0,0.00359763783321048,0,0.00074212587577463,0,0,0,0.000621015737805769,0.00381235654701147,0,0,4.18416366113933e-05,0.00739262208668208,0,0,0,0,0.0017623338703292,0.00402215778092996,0.00010461113745819,0,0,0,0.0634445493248676,0.0877085433263151,0,0,0,0,0,0,0,0,0,0,0,0,0,0,0,0,0.000357698016125138,0,0.000340815106340334,0.000344573131344018,0.00105284539321227,0,0.000117784692267316,0,0,0,0,0,0,0,0,0,0,0,0,3.38283752911333e-05,0,0,0,0,0,0,0.000126157982337553
0.0170541579614215,0,0.000167394583594308,0.000740282162293776,0.00619649128870789,0.0299395210370741,0.0703439513315076,0.0339904050689843,0.0101435557690586,0.00784298562340763,0,0.142372650333768,0,0.0501445394851912,0.222460314272426,0.210497334980491,0.000247166850207781,0,0,0.0103736391694692,0.508777715710227,0.103698895551566,0.0597221257400237,0.332220605612908,0,0,0.00504571583258856,0.00634873004232086,1.17080861036731,1.36663593488362,0,0,0,1.54132845334979,0.000117413794101996,0.660756648071849,0.0231697543847399,0.24997374458541,0.33792356041258,0.269462278226961,0.0307553319155791,0,0.00375978837574673,0.0119196409276524,0.000570096879050904,0.000368781472070978,0.00124228497362192,0,0,0,0,0,0.000398870102363794,0,0,0,0.000403602733475356,0,0,0,0.000272403144576796,0,0,0,0.0347783550591801,0,0,0,0,0,0.00481181808750954,0.00035500788482486,0.00226191853533549,0,0,0.000223983221408036,0,0,0,0,0,0,0.000987159844357507,0.000126393327395095
0.0058883393745212,0.00668205888146315,1.28773218095493,0.00223793467115544,0.1114581238691,0.0323809363961242,0.0589812997571316,0.0110850921405103,0.0250425765980934,0.0166125207625768,1.0753447913945,0.0698981849325521,0.00451704155062253,0.0109320126455171,0.0670150050909552,0.233544870979176,3.3916157159488,0.0130125233946149,1.49050116180822,0.0336202419437634,0.545391124505033,0.168801120369274,1.44306456884153,0.541865597575695,0.00108027534307193,0.109261985866781,0.112934264699053,0.0781263821118848,0.697377133665127,0.396865734152737,0,0.0017623338703292,1.54132845334979,0,0.00106620600572002,0.366764745600942,1.85258791462344,7.03883686706107,0.189984408144903,0.683300046510719,1.31675640328702,0,0.00922466868732541,0.0194558999160717,0.0020125713518051,0.000245886696508839,0.00164216716950605,0.000373569324541648,0,0,0,0,0.001341150965061,0.000145811277170291,0,0,0.000167866789743185,0.00112391774889329,0,0,0,0,0,0.00034622594819579,0.0385645681447624,0,0,0,0,0.00077333478020623,0.0111301150806412,0.00121620200558322,0.00950684586886907,0,0,0.00156509188378403,0.000114538867787718,0,0.000180037475581446,0,0,0,0.000717587181915005,0.00118548028143282
2.32055112804821e-05,0,0.000117583761458165,0.0335035202962958,0.0023244306231707,1.75164841258565,0.000961558837901482,0.255072082489949,0.00127860503989413,0.814834426428731,5.40935049490759e-05,1.11456129466786,0.00101167880966949,0.00376608298804147,0.340766781758145,0.0013509694232464,4.35776859295888e-05,0,0,0.0792019885860947,0.000121872909857055,0.000175229599112668,0.000101926047158145,0.0110715764901793,0,0,0.000185173253608395,0.00147365019954552,0.000937251298814016,3.71389651056247e-05,0,0.00402215778092996,0.000117413794101996,0.00106620600572002,0,0.0137225370109852,0.00321120487571483,0.0014216186497436,0.00606780593787902,0.0384305463615114,0.000222634287954267,0,2.50714258480242e-05,9.77855143753207e-05,0.00767526276073302,0.00588253566810177,0.0155849684931409,0.00604927194574341,0,5.89938994911829e-05,0,0,0.00755959141139049,0.000105757017023035,0.0655650326648304,0.00605275761164939,0.0133491372564974,0.0238217812131326,0.0372502097871551,0.000328282319947281,0.155549637592168,0,0.00335347897545273,0.0163066920134963,0.000380123199699486,0,0,0,0.00602448701145734,0.000140556854828802,2.69534667765873e-05,0.00101002626989432,0.00391461249709637,0,0,3.5569957720083e-05,0.00306101427394271,0.000120775259679356,0.000631799208211923,0,0.000225595773408069,0,0.00159517754608219,3.00480621485799
0.000652975014367743,0.00449762275139076,0.00337474253985963,0.00853384343324762,0.0102648388546136,0.0756823403926309,0.0165286273566143,0.0563610860097983,0.0738563945057161,0.00766214655517953,0.0144806383842557,0.0826669558561188,0.0546163649229698,0.0125771799794833,0.349204855731292,1.08296139806666,0.000202404167910214,0,0,0.0420252949007009,0.107168215036371,0.560370752484453,0.0972328337948914,0.655043469528924,0.000189187937114615,0,0.194913640867586,0.0355849150002605,0.0387471365707418,0.0562686800681569,0,0.00010461113745819,0.660756648071849,0.366764745600942,0.0137225370109852,0,2.72775430596058,1.02285836434043,2.66305536732041,0.982750134213315,0.0224540592071309,0,0.281073300070183,0.0896057110084279,0.0169552706556401,0.00841623879594738,0.0952476508041223,0.0256580359885587,0.000686560870269567,0,0,0,0.00506759381309478,0.00205699586050815,2.64205310815946e-05,0.00015957628310299,0.00020703702998697,0.0107540120558443,9.31569306536022e-05,0.00109222349980805,0.00177610868113657,0.015237940774692,0,0.0157713310026945,0.20123608676713,0,0,0,0,0.00236986520140878,0.0490696399623965,0.00767876078300891,0.0244454656023897,0,0,0.00527912127232366,0.0016958278658572,0.000134171804788703,0.00105016913529858,0,0,0,0.0104133033803093,0.0792068802515676
0.000555976376619942,1.08134209717927,1.43929482451859,0.0100770544860524,0.000620264628115326,0.0256577784534448,0.0737078490158209,0.00444492028515945,0.105606771449088,0.0396195486886154,1.05878252489554,0.152094619726713,0.146208973542606,0.00161166437743142,0.0317169690031609,0.410394253552734,0.733481587974891,0.0107069738917006,0.301167654083197,0.153675483340283,0.224820978490118,0.948813322780968,0.727333479509531,0.492122689536021,0.0900808521336363,0.0201557812689489,1.91299448081718,0.0794019086138477,0.0321140724338589,0.0880695511045866,0,0,0.0231697543847399,1.85258791462344,0.00321120487571483,2.72775430596058,0,8.98191576927671,1.29074613538786,0.0359913389552248,0.0566617083681624,0.0194821552036866,0.0719545288645786,0.129331276033039,0.00421828901212145,0.000424628155777118,0.00444128233258335,0.000323243914846817,0,0,0,0.000250437110504228,0.00582494334610173,0.000594720853474285,0,0,0,0.00775492997635248,0,7.20670878956182e-05,0.000771740815215082,0.0016945277274143,0.00017289862377692,0.0010817154855989,0.0356207716810662,0,0.000659254011321983,0.000643744895561255,0.000372663863903638,0.00155598128365624,0.0288677426213142,0.00234260216370946,0.00698584727668477,0,5.29023940638073e-05,0.0333456625093398,0,0,7.59116956975487e-05,0,0,0,0.00215545541192012,0.00226721189249508
0.00489014216410272,0.0417517591342731,0.0179168283969151,0.00248000752597888,0.00287083382730761,0.0162376817081133,0.066081650760646,0.0184955949375046,0.0174809496015331,0.0162202201432461,2.26303205685372,0.0965194284114016,0.412359761644447,0.0218192446051827,0.035958083091981,0.160646839557848,1.68144190738061,0.00363396288029742,0.00333519216141201,0.0177841358392428,0.291627628491423,0.125687478487956,0.661804150295597,1.07919731069938,0.00875513891323333,0.000757357150641234,0.217830701671834,0.0210219558167895,0.0564417602630975,0.0652642696838983,0,0,0.24997374458541,7.03883686706107,0.0014216186497436,1.02285836434043,8.98191576927671,0,4.20464148352933,0.451108528487468,1.0043651688993,0,0.104223425117693,0.0054165124378291,0.000147104720400684,0.000108211650383182,0.010461185896344,0.00297878082637981,0,0,0,0,0.00183886804359942,0.000895129080744773,0,0,0.000221476355419135,0.000930169569681004,0,0.00424973218967661,0.000126537168791605,0.00335328077152934,0,0.0012628649315829,0.0111492460100979,0,0.00221598874302109,0.00117702933686253,0,0,0.00493175337428759,0.000158297220438568,0.00471412592480769,0.000187596094972453,0.000300050124885272,0.00198924190122029,4.13248781617483e-05,0,9.4974646613899e-05,0,0,0,0.000123743989170833,0.0057704410320183
0,0.00408721124346029,0.00332066323298899,0.00832266113674368,0.000270527054871565,0.00463248431010917,0.00950290312962828,0.00319502546381494,0.00965220623491704,0.0049920951426296,0.00916624686894236,0.0230533850040122,0.0272224891350971,0.00155540018793384,0.0143641511013896,0.432631151437123,0.000304293985809258,0,0,0.031203913937245,0.0364861144936829,0.249670697644829,0.047897471177534,0.156082501039513,0.000880781129028674,0,0.0873106069798175,0.0111102211979771,0.015080516760942,0.00832907083683953,0,0,0.33792356041258,0.189984408144903,0.00606780593787902,2.66305536732041,1.29074613538786,4.20464148352933,0,0.387765329240889,0.879461035787895,0,0.170445400069747,0.0125348859723744,0.00148232553966598,0.000662216908636737,0.0867434242354245,0.0226958588515161,0,0,0,0,0.00136363065395987,0.00262691856697926,0,7.09054522547827e-05,0,0.00174559101752389,0,0.000234384625932007,4.41704852477275e-05,0.000590759763234305,0,0.0140812622607568,0.0412628106130029,0,0.000176444719218457,0,0,4.10234031920878e-05,0.0109289338938436,0.00126138588086894,0.00477470026058859,0,0,0.00169866764819255,0.000572497255938949,0,0.000243090276637411,0,0,0,0.00121976594432485,0.028669651011683
0,0.000277110992723009,0.000676940610070991,0.0556870573797492,2.51898484091854,0.837115734203273,0.00337898808947231,0.699344737667285,0.337002268389522,0.0813859227949113,0.3553425532541,0.547712759377318,0.000683680918600289,0.0317068473156721,2.98467050265203,0.270050482471621,0.000221920558228147,0.00213367006829391,0,0.142446799130266,0.011062596021735,0.0896788140642557,0.00850629075687993,0.575632585588093,0.000978826919168588,0,0.00367478825062738,0.0290637160649268,0.195659424004519,0.0548152676480323,0,0.0634445493248676,0.269462278226961,0.683300046510719,0.0384305463615114,0.982750134213315,0.0359913389552248,0.451108528487468,0.387765329240889,0,2.90890345021167,0,0.00408293420343682,0.0055924882582184,0.0118021158192837,0.0109965162744006,0.0333863575522107,0.0209930848529741,0,0.000694540846951935,0,0,0.0237228342935272,0.000776998540526241,0.00471077431645823,0.00113164715057495,0.00954889418458602,0.161969271808927,0.00131196723808871,0.00114714689284571,0.0177393065808847,0.000573064432648129,0.00640615134815879,0.0121787328264285,0.0428963280507295,7.1503670792377e-05,0.000151239951097235,0,0.00209279652628543,0.000236236518037853,0.0129561286800012,0.000921984352566497,0.033643217109863,0,0,0.000180656224525071,0.00298412617142487,0.000309078775852403,9.72550586252438e-05,0,0,0,0.00371441613795827,0.00735601142956123
0,0.000850915155027832,0,0.00159073751235179,4.34708689194212,0.111305919140095,0.000662229451762657,0.00920311068048937,0.00408937127387723,0.00275228460463237,0.708032142082915,0.0141885832275604,0.000501008703047055,0.00110447999336972,0.039408477551155,0.0458738185953738,0.000174582118937675,0.00116697872285204,0,0.00733755716757678,0.00314209137537772,0.0177707152007147,0.00392463039292357,0.0172703200551605,0.000709650978074419,0,0.00210814578846476,0.00071844960389083,0.0107935985071536,0.00117761011624196,0,0.0877085433263151,0.0307553319155791,1.31675640328702,0.000222634287954267,0.0224540592071309,0.0566617083681624,1.0043651688993,0.879461035787895,2.90890345021167,0,0,0.00294354134708717,0.00080697074942741,0.000526688960562569,0.000917382382285086,0.00327345583927047,0.00181242643390096,0,0,0,0,0.000886142134975995,0,0.00058694582193173,0,5.05082807697268e-05,0.00285121748131043,5.05471083378289e-05,7.58519198621713e-05,0.000179045184202484,0.0100863361936791,0,0.000286636268497898,0.00483765771435316,0,0,0,0,0,0.00201211934677549,0.00011829709972295,0.00056698146899679,0,0,0,0.00023257027907684,0,6.99575072486596e-05,0,0,0,4.74447692079523e-05,0.000559084336514341
0,0,0,0,0,0,0,0,0,0,0,0,0.021286989864428,0,0,0,0,0,0,0,0,0,0,0,0,0,0,0,0,0,0,0,0,0,0,0,0.0194821552036866,0,0,0,0,0,0,0,0,0,0,0,0,0,0,0,0,0,0,0,0,0,0,0,0,0,0,0,0,0,0,0,0,0,0,0,0,0,0,0,0,0,0,0,0,0,0,0
0,0.0017489802660017,0.000734479589254482,0.000610444014287179,0,0.000554357700523495,0.000191773874999246,0,0.1127948682,0.00022980796396286,0.0134794306853034,0.00253641360891676,0.036442530411054,0,0.00206872617922234,0.23504743606886,6.1450976970202e-05,0,0,7.1258329074203e-05,0.00343174064226203,0.521310938601526,0.0118214368603332,0.0188698488978005,0,0,0.00706037748284873,0.000302749148763585,0.00159387150785348,8.83520889403055e-05,0,0,0.00375978837574673,0.00922466868732541,2.50714258480242e-05,0.281073300070183,0.0719545288645786,0.104223425117693,0.170445400069747,0.00408293420343682,0.00294354134708717,0,0,0.158476613791772,1.28460383491318,1.45391486371411,0.512325074874961,0.167416869711039,0.016026305123327,0.000137733572787013,0,0.00162242535092202,0.000639952331425234,0.000164466083282709,0.0350133280160454,0.0038632331748106,0.02168457850274,0.0352011533339718,0.021565677971169,0.0868416344549344,0.00567437971481134,0.0773200096983933,0.00624743137392478,0.130081291020956,0.127955164751103,0,0,0.000137510415468785,0.000439170032455592,0.00247042342343439,0.10312509413242,0.0124968481692817,0.0163419677706677,0,9.94711012458141e-05,0.011701008288294,0.00838326921337637,0.000327340247575275,0.0250862189155918,0,0.000458458011036898,0,0.209004656351646,0.00783209062358027
0,0.505137170498008,0.000131388926723791,0.00113118166298922,0,0.000145720910417118,0,0,0.201322331209342,0,0.0422072772797195,0.000900063674184394,0.0439892988269729,0,0.000612746797137536,0.230354127435603,0.000140349382136626,0.00540979552313303,0,0.000530533738236806,0.0109207654917989,1.67419942476977,0.0170434508617545,0.0137261440668201,0.139244901782737,0.000474148030763845,0.0932756823382354,0.000414562361277904,0.00377660540383832,0.000381002853264436,0.00067664034680896,0,0.0119196409276524,0.0194558999160717,9.77855143753207e-05,0.0896057110084279,0.129331276033039,0.0054165124378291,0.0125348859723744,0.0055924882582184,0.00080697074942741,0,0.158476613791772,0,0.272735907205124,0.15030857212369,0.183636640054724,0.0558199842080055,0,0.00546283549443351,0.0657203868106146,1.96125407126865,0.00994124799049799,0,0.037146748688444,0.0274855117689853,0.019061836933097,0.0903664627865918,0.0112785018087501,0.0709055076051779,0.0492899029794256,0.56523760813456,0.0129038897084546,0.032797851255008,0.850397805469483,0.0350892438113135,0.073534915870066,0.0935756922492359,0.000821106588575966,0.170923047245485,0.716237054739709,1.02967697222716,0.159333569769187,0.0666504250537725,0.885558114955391,1.66529134393654,0.0660765122414402,0.00277176473498929,0.0191720123415046,0,0.00046348502687029,0.00147592695314375,0.288982471196277,0.00390868589238225
0,0.000456252555532315,0,0.000203178094871901,0,0.000243206918234089,0,0.000305192982408658,0.0110054041932246,3.39227677409459e-05,0,0.00248629773001995,0.000502340220743512,4.48148810509134e-05,0.00492640238876268,0.00993160285414576,0,0,0,3.21022226124762e-05,0.00153367819956094,0.0690534949895955,0.00186734546652871,0.00324560898419709,0,0,0.00232838195746329,6.33504008251571e-05,0.000197907382649447,4.42363435866296e-05,0,0,0.000570096879050904,0.0020125713518051,0.00767526276073302,0.0169552706556401,0.00421828901212145,0.000147104720400684,0.00148232553966598,0.0118021158192837,0.000526688960562569,0,1.28460383491318,0.272735907205124,0,6.2964595108803,4.09939740587347,2.27373364640266,0.000356203339622635,0.0207204790073398,0,0.0491201244121882,0,0.00777693832420276,0.00299219376832961,0.0356278608488847,0.0738134870954435,0.0337011984445963,0.0138471328957566,0.613651306700437,0.000501516679790994,0.0199718748451599,0.0448544836217256,0.982753195944096,0.116515897812774,0.0288712482851225,0.000263532574591472,0.002974995394517,0,0.99908926381512,0.0331370720176084,1.29282314448629,0.0145175983781268,0.000327170022019804,0.00261000425912243,0.0870965214567468,0.0349634845725663,0.0116740498446641,0.09155288634237,0,0.00217603089437146,0.0111487652757302,3.19845935524582,0.114185200323286
0,0,0,0,0,0.000435520090453861,0,2.88009930862782e-05,0.0110587268851961,0,0,0.00284283915512723,0.00122884102457451,0,0.00976318785138122,0.00361043996429092,0,0,0,0,0.000147520179138755,0.0183723434502983,0.000126899428255238,0.0020064309448529,0,0,0.000510194152054713,0.000206431953159359,0,0,0,0,0.000368781472070978,0.000245886696508839,0.00588253566810177,0.00841623879594738,0.000424628155777118,0.000108211650383182,0.000662216908636737,0.0109965162744006,0.000917382382285086,0,1.45391486371411,0.15030857212369,6.2964595108803,0,2.88794857398908,0.690986513478523,0.00448463523596714,0,0,0.0140675824265885,0.000231248867967014,0.00693893213870812,0.00304007205400608,0.00296156306147399,0.00107566194669064,0.0671690226923222,0.00308546948344771,0.150615019198511,0.000788706285536787,0.00121760780882421,0.000738133303659964,1.61437003661596,0.0394077194541659,0.0013972146806849,0,0.000468970051431972,0,0.00837308588211187,0.0135453811243116,0.050079726004121,0.00731586466672531,0,0.000446264278795364,0.026480181722088,0.00988369763513656,7.45856449515664e-05,0.0411274501563942,0,0,0,0.702261635628529,0.110379012499211
0,0.000452749924348714,0,0.00118193287822407,0.000192103087459279,0.012216809447679,0,0.00155180389396168,0.147917835277339,0.0022775352898272,8.164466803629e-05,0.154432688573831,0.00799968290403935,0.00123779272217158,0.0390617203591014,0.0159026261679374,0,0,0,0.00392404902635716,0.000487576425474163,0.0367617585991576,0.00061173442987788,0.0583084514541145,0,0,0.00124324820027128,0.000445789233846436,0.000262630835065614,0,0,0,0.00124228497362192,0.00164216716950605,0.0155849684931409,0.0952476508041223,0.00444128233258335,0.010461185896344,0.0867434242354245,0.0333863575522107,0.00327345583927047,0,0.512325074874961,0.183636640054724,4.09939740587347,2.88794857398908,0,2.83618844243994,0,0.0198321044989482,0,0.0151963276254539,0.00591285368607546,1.23048673795513,0.600434698581603,0.248642690386786,0.138756674779721,1.27941793891122,0.350584897347595,0.46368926618098,0.0570955161955478,0.00397273978575317,0.164208257964376,3.81626296338669,0.422464304096824,0.00181306296864405,0.000535539337693331,0.00154968844332407,0.00976860359641035,0.222437228467285,0.0540042031796049,0.615120365990701,0.243509432441252,0.00135154710466085,0.000536760276545476,0.058980166842611,0.545659982284676,0.0920012226629851,0.334817624637296,0,0.0785657818455938,0.132955178590093,2.01247335769611,0.354483970187704
0,0,0,0,0.000801711422621879,0.000946865603702079,0,0.00034766182492023,0.0154467414840275,0.000243931686093552,4.57931908730818e-05,0.0226270943128205,0.00363745742862488,0,0.0194716441741722,0.00250616647024375,0,0,0,0,0.000511689313416288,0.0199196721378323,0.000245651878011538,0.00662416241783992,0,0,0.000348363266203289,0,0,0,0,0,0,0.000373569324541648,0.00604927194574341,0.0256580359885587,0.000323243914846817,0.00297878082637981,0.0226958588515161,0.0209930848529741,0.00181242643390096,0,0.167416869711039,0.0558199842080055,2.27373364640266,0.690986513478523,2.83618844243994,0,0,0.00483547945651077,0,0.0080471229521628,0.000267533115574756,4.54811449306364,0.174523279188974,0.0436867713960797,0.0293428108280405,0.187460009979104,0.0561797964960995,0.876156792947389,0.00904803600173358,0.000756956281382839,0.0404680471755462,0.323013322324538,0.0439544643178587,0.00140420444689048,0,0.000819915584766295,0.000587677250682372,0.0418688456206297,0.0109840066915886,0.0833670470736968,0.031322543769863,0,0.000358750975561944,0.0167955677365387,0.0737079987995066,0.0116930807081783,0.0302686270812738,0,1.03990261964528,0.0339974505568202,0.921837136780415,0.115177446544572
0,0,0,0,0,0,0,0,0,0,0,0,0,0,0,0,0,0,0,0,0,0,0,0,0,0,0,0,0,0,0,0,0,0,0,0.000686560870269567,0,0,0,0,0,0,0.016026305123327,0,0.000356203339622635,0.00448463523596714,0,0,0,0,0,0,0,0,0,0,0,0,0,0.00992361174308711,0,0.150027023336389,0,0,0,0,0,0,0,0,0,0,0,0,0,0,0,0,0,0,0,0,0,0
0,0,0,0,0,0,0,0,0.000727435464819317,0,0,0.00061165787548579,0,0,0,0,0,0,0,0,0,0,0,0.000493429114180955,0,0,0,0,0,0,0,0,0,0,5.89938994911829e-05,0,0,0,0,0.000694540846951935,0,0,0.000137733572787013,0.00546283549443351,0.0207204790073398,0,0.0198321044989482,0.00483547945651077,0,0,0,0.000247000895787835,0,0,0.00288065943370783,1.19823537837864,0.760950674818923,0.0130232417689874,0.00834764837568031,0,0.000773923822595726,7.8627473521639e-05,4.22801037552493,0.00397589086250765,0.00124728278228549,0.00777715328745211,0,0,0,0.0739742039103386,0.000307539994040219,0.0124954719751598,0.00383123709270741,0,0,0.000367119854452519,0.012695700526513,1.97189032507752,0.361278952939507,0,0.00422083407021743,0.509837796931351,0.299505028657451,0.000236889134780608
0,0,0,0,0,0,0,0,0,0,0,0,0,0,0,0,0,0,0,0,0,0,0,0,0,0,0,0,0,0,0,0,0,0,0,0,0,0,0,0,0,0,0,0.0657203868106146,0,0,0,0,0,0,0,0.000411196476807929,0,0,0,0,0,0,0,0.000142634230675785,0,0,0,0,0,0,0.000240072211648915,0.000444608321590517,0,0,0,5.49197239075442e-05,0.00016383432489487,0,0.000298833924724452,0.01697669566717,0,0,0.000245546132110214,0,0,0,0.00209995683579083,0
0,0,0,0,0,0,0,0,9.33787899459609e-05,0,0,0,0,0,0,0,0,0,0,0,0,0.00171043055735431,0,0.000104754897190004,9.59433480896962e-05,0,0.000315298990553019,0,0,0,0,0,0,0,0,0,0.000250437110504228,0,0,0,0,0,0.00162242535092202,1.96125407126865,0.0491201244121882,0.0140675824265885,0.0151963276254539,0.0080471229521628,0,0.000247000895787835,0.000411196476807929,0,0,0,6.46133365350453e-05,0.00799097947033946,0.0032446129735891,0,0.00314931196218182,0.000978661904455888,0.000134530571500995,0.000444614789983015,0.00371915073735285,0.0011822041610384,0.00129649616369346,0.23697015819797,0.00325685295579492,0.0323143447506637,0,0.09356147379684,0.000830738706644046,0.944614003744591,0.00208237712061969,0,0.756408019504443,0.814112282711633,0.0102647386281108,0.000271624420436836,0.0148464649751332,0,0,0.00021784856996861,0.969518415515875,8.08488334443497e-05
0.000646440710738876,0.00131834758128871,0,3.85754653422759,0.00325528043858016,0.0316934916973283,0.0040643349756061,0.0113131807468048,0.448057147861192,0.0358395774080697,0.000141230315201385,1.28243340973449,0.000476250440827725,0.00913064006837819,0.0251179261816455,0.0153459811251572,0,0,0,1.47963077916479,0.00025061490219958,0.0255131714108429,0.000784880897169854,2.97305049456403,0.000102568281852638,0,0.0045556872505544,0.0143045401748146,0.00136521027094143,0.000189671060614151,0,0,0.000398870102363794,0.001341150965061,0.00755959141139049,0.00506759381309478,0.00582494334610173,0.00183886804359942,0.00136363065395987,0.0237228342935272,0.000886142134975995,0,0.000639952331425234,0.00994124799049799,0,0.000231248867967014,0.00591285368607546,0.000267533115574756,0,0,0,0,0,0,0.00745215741510918,0.00445400783883018,0.00527666372511338,0.337209384019817,0.0108856289687938,0.000329792668008058,1.07276479744751,0.00771026566598513,0.00258802176626304,0.001915191926615,0.00197775584280607,0,8.83795216599431e-05,0,2.9031951183403,0,0.00188539412053881,0.000232015660919149,0.734915929420886,0.000339292941205251,0,0.00014293269730165,0.28389969695244,0.000214796587520979,5.78795319143201e-05,0,0.000912509478021753,0,0.000662390643132144,0.0015694873475733
0,0,0,0,0,7.34796468236584e-05,0,0.000143911607157939,0.000328072952390877,0,0,0.00644434103909029,0.00192419921255821,0,0.000612980334996752,0,0,0,0,0,0,0.00130262532336833,0,0.000896460800226537,0,0,0,0,0,0,0,0,0,0.000145811277170291,0.000105757017023035,0.00205699586050815,0.000594720853474285,0.000895129080744773,0.00262691856697926,0.000776998540526241,0,0,0.000164466083282709,0,0.00777693832420276,0.00693893213870812,1.23048673795513,4.54811449306364,0,0,0,0,0,0,1.26982993584604,0.00838499529960875,0.179847120689979,0.0395153641019895,0.0216785419106869,9.75255332976415e-05,0.00359734554443565,0.000663530936551013,0.0663493891009656,0.138055116943518,0.00161168488033367,0,0,0,0,0.000680910455193689,0.000511411127013852,0.00139868575459301,0.00503386252764038,0,0,0.000175253887621143,0.00823553383291338,0.00382371716006758,0.00126368197855556,0,2.26611164237247,0.00384118409517444,0.0765799659164935,0.00676230174233652
0,0,0,0.00194592094050379,0,0.028722195500577,0,0.00181098780135889,0.016556157719879,0.00881001504489196,0.000372666212805562,0.294450852263992,0.000487639018517831,0.000215553702627436,0.00712985928302064,0,0,0.000223836106623992,0,0.00405586827792527,4.44331910447364e-05,0.000609695537801548,0,0.0243134700453239,0.000626322413200316,0,0.000425161080586127,0,0,0,0,0,0,0,0.0655650326648304,2.64205310815946e-05,0,0,0,0.00471077431645823,0.00058694582193173,0,0.0350133280160454,0.037146748688444,0.00299219376832961,0.00304007205400608,0.600434698581603,0.174523279188974,0,0.00288065943370783,0,6.46133365350453e-05,0.00745215741510918,1.26982993584604,0,0.231372639707804,2.21436464096065,0.288102726537364,1.25027122318575,0.0106418771076511,2.78024720806575,0.0358150389304859,0.295310797970122,1.00504633531491,0.000389922014588944,0,0.000863228719183659,0.000519434340463771,0.582439533486922,0.00112582543713642,0,0.00098153199170372,0.176165799415608,0.00277242012149663,0.000255235981963415,0.000173776957511771,0.127655037919447,0.048362493800854,0.00185060239151225,0,0.729635164897794,0.0022785331308224,0.169638130997205,0.866896271351811
0,0,0,0.00119750513029102,0,0.00426234537096854,0,0.000274859132260234,0.00142516548650692,0.00338289320462232,0,0.083775724734802,0,0,0.000757171254139209,0.000226929331388348,0,0,0,0.0012813283572439,0,0.00030851459012885,0,0.00514327430592366,0,0,0,0,2.3428563944352e-05,0,0,0,0,0,0.00605275761164939,0.00015957628310299,0,0,7.09054522547827e-05,0.00113164715057495,0,0,0.0038632331748106,0.0274855117689853,0.0356278608488847,0.00296156306147399,0.248642690386786,0.0436867713960797,0,1.19823537837864,0,0.00799097947033946,0.00445400783883018,0.00838499529960875,0.231372639707804,0,0.33763251511223,0.121466174373236,2.51311042141702,0.00072413754291807,0.471534948513348,0.000253122216032529,1.33764054331672,0.116152065291567,0.0498450433673954,0.00451243958680535,0,4.92131028246474e-05,0.138900378360128,0.287869719821883,0.00293466122213696,0.195667839180126,0.182456400016706,0.000181990675977937,0.000742686997407091,0.00648585294478395,1.40417872192134,0.176894150226087,2.35653541698369,0,0.0119860231038239,0.0322063930053259,0.24991800957508,0.0205636930388092
0,0,0,0.00218829918333479,0.000680859167738702,0.0247897574139435,0,0.00372631387871005,0.0246179278808119,0.00989179514635337,0,0.373017053594637,0,0.000845792734883843,0.00736228604464451,0.000382403366083928,0,0,0,0.00430211379631812,0,0.00037359452513322,0,0.055628931212837,0,0,4.34897054768348e-05,0.000211842622734323,0.000169039951038086,0,0,0,0.000403602733475356,0.000167866789743185,0.0133491372564974,0.00020703702998697,0,0.000221476355419135,0,0.00954889418458602,5.05082807697268e-05,0,0.02168457850274,0.019061836933097,0.0738134870954435,0.00107566194669064,0.138756674779721,0.0293428108280405,0,0.760950674818923,0,0.0032446129735891,0.00527666372511338,0.179847120689979,2.21436464096065,0.33763251511223,0,0.751644988495058,1.2913202791943,0.00527318113644341,0.0997053644188141,0.000774008813674602,4.83892409203474,0.0802828130009337,0.00472199563252366,0.00484609119632872,0.000123730361974675,2.95474541422561e-05,0.00837978944120145,0.185737790710006,0.0007609028880828,0.0554536444615241,0.0898167320034402,0,0.000332917779176378,0.00297277624596662,0.15380867575457,0.432439671034178,0.125659966856304,0,1.24812928563189,0.0832672005246617,0.561821849134531,0.53542982421769
0.00057321403514668,0.0831278948499335,0,0.0616766691303101,0.00883278998803107,0.177881255885585,6.91149989794498e-05,0.0438153882410664,5.10167329197352,0.0387702548499275,0.179658178677591,2.39629917743925,0.219064363186604,0.0273305677479384,0.236930669767555,0.0121292553415594,0,0.00459236134599854,0,0.0545587427251036,0.00034361510634214,0.0770255301643887,0.000275053086650108,1.5331154818206,0.213758052534027,0.00132669147424092,0.00897549461392811,0.00241670665385115,0.00293555449930099,6.73577986390604e-05,0.00470163624187506,0.000357698016125138,0,0.00112391774889329,0.0238217812131326,0.0107540120558443,0.00775492997635248,0.000930169569681004,0.00174559101752389,0.161969271808927,0.00285121748131043,0,0.0352011533339718,0.0903664627865918,0.0337011984445963,0.0671690226923222,1.27941793891122,0.187460009979104,0,0.0130232417689874,0,0,0.337209384019817,0.0395153641019895,0.288102726537364,0.121466174373236,0.751644988495058,0,0.117989031190731,0.00363910641845917,1.02111074830365,0.0207135552920875,0.339810862689428,0.854672402268899,0.0318840987783122,0,0.0021616397520419,0.000478897011629769,0.0129920239949637,0.00174168233261545,0.60317859496959,0.0101311568717548,1.60584517623835,0.00420647883990488,0.000124771238242042,0.00295207953946908,0.39019253595862,0.034796462457314,0.0184546650209949,0,0.0476188565953093,0.00681956550313893,0.0955219033212868,0.0459586909205404
0,0,0,0.042398462901202,0,0.0242932836762985,0,0.00128172177115542,0.000687192450500952,0.0877530036056805,0,0.553087633105662,0,0.000138924689302511,0.000522078932172848,0,0,0,0,0.0115791921456008,0,0.000109051337708116,0,0.00912149327012959,0,0,0,5.97277173706194e-05,0,0,0,0,0,0,0.0372502097871551,9.31569306536022e-05,0,0,0,0.00131196723808871,5.05471083378289e-05,0,0.021565677971169,0.0112785018087501,0.0138471328957566,0.00308546948344771,0.350584897347595,0.0561797964960995,0,0.00834764837568031,0,0.00314931196218182,0.0108856289687938,0.0216785419106869,1.25027122318575,2.51311042141702,1.2913202791943,0.117989031190731,0,0.00101646142978474,1.7102800510362,0.000108461779849294,0.654299967219956,0.154766857799175,0.00222444527189298,0.00055500212797843,0.000102336871933088,0,0.593061855963248,0.0356537835351547,0.00040020006730457,0.0325857114552462,0.105977983174584,0,0.000484005983704058,0.00143459004181033,0.318334096910769,0.0338721100009388,0.0591581360958118,0,0.0302715108295508,0.00368110344865555,0.09374295585432,0.600134539793918
0,0.00240280656635438,0,0,0,0,0,0,0.000574708480391247,0,0.301887690506732,0.000216446647342014,0.315918471027563,0,0.000925720354049092,0,0,0.0523848374201785,0,0,0,0.000212814338492001,0,3.97635292155819e-05,0.208896914462952,0.00300090601234265,0.0170023190615856,0,0,0,0.0042997410812981,0.000340815106340334,0,0,0.000328282319947281,0.00109222349980805,7.20670878956182e-05,0.00424973218967661,0.000234384625932007,0.00114714689284571,7.58519198621713e-05,0,0.0868416344549344,0.0709055076051779,0.613651306700437,0.150615019198511,0.46368926618098,0.876156792947389,0.00992361174308711,0,0.000142634230675785,0.000978661904455888,0.000329792668008058,9.75255332976415e-05,0.0106418771076511,0.00072413754291807,0.00527318113644341,0.00363910641845917,0.00101646142978474,0,0.00264976836836013,5.04040472303138,0.0144624278412102,0.0247556659660709,0.000511848566892563,0.0638894698427937,4.25929779804526,0.724560438020365,0,0.000316508566620606,0,0.000492922278907827,0.00286209212280462,0.0281846482462376,1.43727179518001,0.00302095909339576,0.00113037794468864,0.339388508406727,0.00195817598955176,0.828883608768154,3.17409530139567,0.000447039209788593,3.8454368935372,0.0170059693671198
0.000322939248130767,0.00258309118178497,0,0.965730254991374,0.00124065055795864,0.0734625255657119,0.000130985818120647,0.015550836704141,0.266648275381105,0.176627179171453,0.00223798934574955,5.16282321427623,0.00253272884041727,0.00664767884679136,0.0180058327934681,0.000813131792442374,0,9.3065211174147e-05,0,0.0756394977575483,0,0.00496524342363228,9.11937473122701e-05,0.347121345513515,0.00211872385155192,0.000169759487235363,0.00107094416883734,6.57369168798878e-05,0.000413193573803631,0,0,0.000344573131344018,0.000272403144576796,0,0.155549637592168,0.00177610868113657,0.000771740815215082,0.000126537168791605,4.41704852477275e-05,0.0177393065808847,0.000179045184202484,0,0.00567437971481134,0.0492899029794256,0.000501516679790994,0.000788706285536787,0.0570955161955478,0.00904803600173358,0,0.000773923822595726,0,0.000134530571500995,1.07276479744751,0.00359734554443565,2.78024720806575,0.471534948513348,0.0997053644188141,1.02111074830365,1.7102800510362,0.00264976836836013,0,0.046186336317778,0.0361872568119866,0.0783429652352943,0.000264780288752514,0,0.00180050663757959,0.000462039334993497,2.54086891811959,0.000537675528383002,0.00229734282258943,0.000152623134724529,1.46179004932852,0.0106478857935486,0.000242300254308832,0.000283827865312777,0.315986211384759,0.00350693501792472,0.000521530832342555,0.000355681042413236,0.00292941947523998,0.000163490939464331,0.00977606006259673,0.489852587512511
0,0.00279711509042268,0,0,0,0,0,0,0.000590223541696917,0,0.964892157198905,0,2.20367213235593,0,0,0,8.38394129013351e-05,0.0606816867882991,0,0,0,0.000459532254248294,0,0,0.197475243449908,0.00446559478405908,0.0117780548441796,0,0,0,0.00448672928205735,0.00105284539321227,0,0,0,0.015237940774692,0.0016945277274143,0.00335328077152934,0.000590759763234305,0.000573064432648129,0.0100863361936791,0,0.0773200096983933,0.56523760813456,0.0199718748451599,0.00121760780882421,0.00397273978575317,0.000756956281382839,0.150027023336389,7.8627473521639e-05,0,0.000444614789983015,0.00771026566598513,0.000663530936551013,0.0358150389304859,0.000253122216032529,0.000774008813674602,0.0207135552920875,0.000108461779849294,5.04040472303138,0.046186336317778,0,0.000693947278417785,0.00349272513278104,0.00048233073907189,0.00451254908808205,0.454854805552631,0.106112240369907,0.000123791156497145,0.000187604920869256,0.0010767105339017,0.000184698555365838,0.0425406033107799,0.0413570665117542,0.312677022855265,0.0325713946889254,0.0027348667455229,0.000418936448933179,0.000193530328281271,0.378471480963135,0.000614652571159634,0,0.0139353440459879,0.000169279535273982
0,6.70066018359991e-05,0,0.000784121872610094,0.00076719999916316,0.0101904317819692,0,0.00133969403868234,0.0119923784437405,0.00283716540335038,0,0.12626391349837,0.000424923555245012,0.000558520207018356,0.00615007307844311,0.000163139137370216,0,0,0,0.00155211669524357,0,0.000252506263952518,0,0.0244779560672728,0,0,0,0,0,0,0,0,0,0,0.00335347897545273,0,0.00017289862377692,0,0,0.00640615134815879,0,0,0.00624743137392478,0.0129038897084546,0.0448544836217256,0.000738133303659964,0.164208257964376,0.0404680471755462,0,4.22801037552493,0,0.00371915073735285,0.00258802176626304,0.0663493891009656,0.295310797970122,1.33764054331672,4.83892409203474,0.339810862689428,0.654299967219956,0.0144624278412102,0.0361872568119866,0.000693947278417785,0,0.0373571544407021,0.00648826771257414,0.00502743050555437,0.000360225801794507,0.000163356981937396,0.00167359926258844,0.157813945713249,0.00060583335025205,0.0576589326434272,0.0574199880163071,0,0.000589619986216404,0.00208842147004054,0.146894720875465,2.48336190195953,0.28758669174616,0,0.513837002532469,0.191667653604647,0.915665756184544,0.0323514413340565
0,0.000321294825240959,0,0.00035539433364523,0.000462778185071355,0.0117404959597587,0,0.00170878921318691,0.127107405170759,0.000924930033430472,6.74286132173098e-05,0.091381640141437,0.00165412242395718,0.000633601967525814,0.013773869076573,0.00610382112934697,0,0,0,0.00198171466504179,0.000279862683525577,0.0113622630245231,0,0.0335386428781623,0.000179702840102108,0,0.000180324493200359,0.000819926287645315,0,0,0,0.000117784692267316,0,0.00034622594819579,0.0163066920134963,0.0157713310026945,0.0010817154855989,0.0012628649315829,0.0140812622607568,0.0121787328264285,0.000286636268497898,0,0.130081291020956,0.032797851255008,0.982753195944096,1.61437003661596,3.81626296338669,0.323013322324538,0,0.00397589086250765,0,0.0011822041610384,0.001915191926615,0.138055116943518,1.00504633531491,0.116152065291567,0.0802828130009337,0.854672402268899,0.154766857799175,0.0247556659660709,0.0783429652352943,0.00349272513278104,0.0373571544407021,0,0.235906693711224,0.000274225877251628,0.000137729151500343,0,0.0147570053709484,0.0578900235788205,0.0201044398641062,0.143547282058459,0.145324813846452,0.000868558973246475,8.09781575551111e-05,0.0082674633065694,0.285802296824795,0.00985543233710877,0.231741009794412,0,0.0090645230741126,0.00404898205527029,0.658362709193462,0.142037520637922
0.000129230671436935,0.00225996899663924,0.000703163254070906,0.00320906719273649,0,0.00038930889233153,0.00151503115994215,0.000170497169550976,0.119694929108042,0.000272928613028363,7.27328888692671e-05,0.00151948772582165,0,8.38553187576703e-05,0.083522874136247,1.4655078661678,0.000460898555283594,0,0,0.00390050553734409,0.0183112071922141,1.44427372916328,0.00853755688163272,0.286858611608526,0.000360115129326555,0,0.0204301870683131,0.00373589653511988,0.0080128385685792,0.0146519187166668,0,0,0.0347783550591801,0.0385645681447624,0.000380123199699486,0.20123608676713,0.0356207716810662,0.0111492460100979,0.0412628106130029,0.0428963280507295,0.00483765771435316,0,0.127955164751103,0.850397805469483,0.116515897812774,0.0394077194541659,0.422464304096824,0.0439544643178587,0,0.00124728278228549,0,0.00129649616369346,0.00197775584280607,0.00161168488033367,0.000389922014588944,0.0498450433673954,0.00472199563252366,0.0318840987783122,0.00222444527189298,0.000511848566892563,0.000264780288752514,0.00048233073907189,0.00648826771257414,0.235906693711224,0,0,0.000283073441889405,0,0,0.145216415895202,1.72020173830301,0.6567189087826,1.54457479329653,0.000717409719151407,0.000373749635650908,0.0461290110753073,0.657210054386255,0.00654210351721666,0.0728461499177108,0,0.00128556547236863,0.00293940146890247,0.292984585137138,0.012554619024592
0,0,0,0,0,0,0,0,0,0,9.15519247804471e-05,0,8.45815976472449e-05,0,0,0,0,0,0,0,0,0,0,0,0.000340146321658477,0,0,0,0,0,0,0,0,0,0,0,0,0,0,7.1503670792377e-05,0,0,0,0.0350892438113135,0.0288712482851225,0.0013972146806849,0.00181306296864405,0.00140420444689048,0,0.00777715328745211,0,0.23697015819797,0,0,0,0.00451243958680535,0.00484609119632872,0,0.00055500212797843,0.0638894698427937,0,0.00451254908808205,0.00502743050555437,0.000274225877251628,0,0,0.301874661026439,4.58360892787356,0,0.113740505201434,0,2.29726143299559,0,0,1.32828318875025,0.0151875544779533,0.000715440774656061,0.855153875279708,0.00789995289578101,0.00114902365678319,0,0.090582639039525,4.74405863916002,1.54059855126808e-05
0,0.00509843891171582,0,0,0,0,0,0,0.000312594613993116,0,0.152749111149117,0,0.145723149909714,0,0,0,0,0.0318423475663897,0,0,0,0,0,0,0.132605815672243,0.0013990643294335,0.00663086935141658,0,0,0,0.00363101276796361,0,0,0,0,0,0.000659254011321983,0.00221598874302109,0.000176444719218457,0.000151239951097235,0,0,0,0.073534915870066,0.000263532574591472,0,0.000535539337693331,0,0,0,0.000240072211648915,0.00325685295579492,8.83795216599431e-05,0,0.000863228719183659,0,0.000123730361974675,0.0021616397520419,0.000102336871933088,4.25929779804526,0.00180050663757959,0.454854805552631,0.000360225801794507,0.000137729151500343,0.000283073441889405,0.301874661026439,0,6.42504361295904,0,7.80945946273594e-05,0,0.00148019095088341,0.00305327141592195,0.0133213580722973,1.64574647415988,0.00408548841942171,0.000232954578291174,0.113862308546946,0,0.505797796931177,0.0367789783721851,0,0.253923064994421,0
0,0.00503093761967353,0,0,0,0,0,0,0,0,0.0147426337318142,0,0.0176720712894225,0,0,0,0,0.00325884172205565,0,0,0,0,0,0,0.0482335675605425,0.000697681244715095,0.00295458141830228,0,0,0,0.000167836583359875,0,0,0,0,0,0.000643744895561255,0.00117702933686253,0,0,0,0,0.000137510415468785,0.0935756922492359,0.002974995394517,0.000468970051431972,0.00154968844332407,0.000819915584766295,0,0,0.000444608321590517,0.0323143447506637,0,0,0.000519434340463771,4.92131028246474e-05,2.95474541422561e-05,0.000478897011629769,0,0.724560438020365,0.000462039334993497,0.106112240369907,0.000163356981937396,0,0,4.58360892787356,6.42504361295904,0,0,0.00200774997819997,0,0.0202938921397207,0.000618928641843057,0.0280566009585372,1.48985849497571,0.0119651422619647,3.642500923276e-05,0.00567151295477897,0.000680976432368824,0.00139322614972326,0,0,1.00630169780172,1.89265277341863e-05
0,0,0,0.609748689321616,0,0.00754466093937901,0,0.0013802659337387,0.0790684453738311,0.0253317132145674,0,1.0293804406348,0,0.000462088853704514,0.003767233367906,9.65708044935454e-05,0,0,0,0.123922987463168,0,0.0011151735415743,0,0.106421671730488,0,0,0.000142751219386747,0,4.10579927895231e-05,0,0,0,0,0,0.00602448701145734,0,0.000372663863903638,0,0,0.00209279652628543,0,0,0.000439170032455592,0.000821106588575966,0,0,0.00976860359641035,0.000587677250682372,0,0,0,0,2.9031951183403,0,0.582439533486922,0.138900378360128,0.00837978944120145,0.0129920239949637,0.593061855963248,0,2.54086891811959,0.000123791156497145,0.00167359926258844,0.0147570053709484,0,0,0,0,0,0,0,0.000107297911031009,0.10757350510269,0,0,2.89490501688863e-05,0.0858559046337796,0.000371220803587697,0,0,0.000310519962745882,0,0.000709378860344986,0.0162830059622374
0,5.93727908946712e-05,0,0,0,0,0,0,0.00179192514817594,0,0,0.000576082346746077,0,0.000110156927057192,0,0.00208810688199103,0,0,0,0,0.000210150100263351,0.0194963452784809,0.000298646420047861,0.000447907117819065,0,0,0.00134557557004302,0,6.69316277732432e-05,0,0,0,0,0.00077333478020623,0.000140556854828802,0.00236986520140878,0.00155598128365624,0,4.10234031920878e-05,0.000236236518037853,0,0,0.00247042342343439,0.170923047245485,0.99908926381512,0.00837308588211187,0.222437228467285,0.0418688456206297,0,0.0739742039103386,0,0.09356147379684,0,0.000680910455193689,0.00112582543713642,0.287869719821883,0.185737790710006,0.00174168233261545,0.0356537835351547,0.000316508566620606,0.000537675528383002,0.000187604920869256,0.157813945713249,0.0578900235788205,0.145216415895202,0.113740505201434,7.80945946273594e-05,0.00200774997819997,0,0,0.0134479743996,2.81041959402985,0.0207710232689337,0,0.0110624319309789,0.0806359190953094,0.663004911543855,0.812396449109129,4.31968688653977,0,0.00119667657818188,0.916385850004797,2.14733198345956,0.00412582523882867
0,0.0203866154162348,0.000140161580116545,0.0020469944662917,0,0.000191530059955059,0.000153903598708167,0.000136123098842722,0.23544243430145,7.37658048445638e-05,0.0165682245538479,0.000674720751156927,0.0331032360307401,8.48384041338898e-05,0.0231957447066851,0.407424009141398,0,0.000237143165983593,0,0.000789867637584737,0.0021595463169605,6.09860685821296,0.0018099776766034,0.0198873398624446,0.0459764869975735,0,0.0172950836780343,0.000124808481967173,0.00101304492888878,0.00414984593539319,0,0,0.00481181808750954,0.0111301150806412,2.69534667765873e-05,0.0490696399623965,0.0288677426213142,0.00493175337428759,0.0109289338938436,0.0129561286800012,0.00201211934677549,0,0.10312509413242,0.716237054739709,0.0331370720176084,0.0135453811243116,0.0540042031796049,0.0109840066915886,0,0.000307539994040219,0,0.000830738706644046,0.00188539412053881,0.000511411127013852,0,0.00293466122213696,0.0007609028880828,0.60317859496959,0.00040020006730457,0,0.00229734282258943,0.0010767105339017,0.00060583335025205,0.0201044398641062,1.72020173830301,0,0,0,0,0.0134479743996,0,0.21371746830947,0.209668154149658,0,0,0.0545375421030741,0.0344827177660508,0.0003324608334633,0.00240697800540913,0,0,0.000558026373839449,0.0434045985373429,0.0012531532024541
0,0.000333977335695225,0,7.45259204609078e-05,0,0.000179448718685549,0,0,0.00800150466189017,0,0,0.000531143716782446,0.000114287269966595,0,0.000985218987132118,0.0123922435607166,3.63764178332154e-05,0,0,0,0.000549115470432654,0.044673409377344,0.000878440420976691,0.00166585112506407,0,0,0.00192120825768776,0,0.000145005733967951,2.8007601900838e-05,0,0,0.00035500788482486,0.00121620200558322,0.00101002626989432,0.00767876078300891,0.00234260216370946,0.000158297220438568,0.00126138588086894,0.000921984352566497,0.00011829709972295,0,0.0124968481692817,1.02967697222716,1.29282314448629,0.050079726004121,0.615120365990701,0.0833670470736968,0,0.0124954719751598,5.49197239075442e-05,0.944614003744591,0.000232015660919149,0.00139868575459301,0.00098153199170372,0.195667839180126,0.0554536444615241,0.0101311568717548,0.0325857114552462,0.000492922278907827,0.000152623134724529,0.000184698555365838,0.0576589326434272,0.143547282058459,0.6567189087826,2.29726143299559,0.00148019095088341,0.0202938921397207,0.000107297911031009,2.81041959402985,0.21371746830947,0,0.184520474685894,0.000176763193508678,0.0962781268801171,0.514424836756642,0.594081548571664,0.560094419824974,0.851264899960834,0,0.000706091503575225,0.0651033992916448,2.9716994956259,0.028808408794753
0,0.0026591929281293,0.000166991129982661,0.0416401782308493,0.000872877582376672,0.0152261034129669,0.00216056905315716,0.00945212264060195,0.915344676797286,0.00532975533283273,0.00154243385214084,0.122162748841627,0.0025180384259197,0.00457540991361573,0.0520596136924168,0.369931755882156,9.06177624691701e-05,0.000114658063133649,0,0.0206018399616548,0.00197628553518998,0.334163703535152,0.00121362038697482,3.4371481901268,0.00218646644064817,0,0.00466994946033497,0.00277753367950374,0.00096742547957147,0.00453792127828627,0,0,0.00226191853533549,0.00950684586886907,0.00391461249709637,0.0244454656023897,0.00698584727668477,0.00471412592480769,0.00477470026058859,0.033643217109863,0.00056698146899679,0,0.0163419677706677,0.159333569769187,0.0145175983781268,0.00731586466672531,0.243509432441252,0.031322543769863,0,0.00383123709270741,0.00016383432489487,0.00208237712061969,0.734915929420886,0.00503386252764038,0.176165799415608,0.182456400016706,0.0898167320034402,1.60584517623835,0.105977983174584,0.00286209212280462,1.46179004932852,0.0425406033107799,0.0574199880163071,0.145324813846452,1.54457479329653,0,0.00305327141592195,0.000618928641843057,0.10757350510269,0.0207710232689337,0.209668154149658,0.184520474685894,0,0.00477677806070863,0.00110406477835423,0.032797068894497,1.4392739203289,0.0198399928195697,0.0255524269466197,0,0.00817089554506987,0.00430127468538355,0.0757275786465426,0.0292790682500073
0,0.00101545847238532,0,0,0,0,0,0,0,0,0.012885584107182,0,0.0127605795068134,0,0,0,0,0.00242011501725675,0,0,0,0,0,0,0.0207556633586923,0.000168369342341229,0.00102143308338257,0,0,0,0.00038326654224069,0,0,0,0,0,0,0.000187596094972453,0,0,0,0,0,0.0666504250537725,0.000327170022019804,0,0.00135154710466085,0,0,0,0,0,0.000339292941205251,0,0.00277242012149663,0.000181990675977937,0,0.00420647883990488,0,0.0281846482462376,0.0106478857935486,0.0413570665117542,0,0.000868558973246475,0.000717409719151407,0,0.0133213580722973,0.0280566009585372,0,0,0,0.000176763193508678,0.00477677806070863,0,0.00270132268401258,0,0.000335095827311817,0,0.000291544465509355,0,0,0,0.000186829545945885,0
0,0.000209377801268101,8.32358776892994e-05,0,0,0,0,0,0,0,0.0289821410896728,0,0.0262939202724505,0,0,0,0,0.00400571035929092,0,0,0,0.000188929429035547,0,0,0.0150617833651312,0.000168266474072556,0.00234866531701007,0,0,0,0.000198083311684109,0,0,0,0,0,5.29023940638073e-05,0.000300050124885272,0,0,0,0,9.94711012458141e-05,0.885558114955391,0.00261000425912243,0.000446264278795364,0.000536760276545476,0.000358750975561944,0,0,0.000298833924724452,0.756408019504443,0,0,0.000255235981963415,0.000742686997407091,0.000332917779176378,0.000124771238242042,0.000484005983704058,1.43727179518001,0.000242300254308832,0.312677022855265,0.000589619986216404,8.09781575551111e-05,0.000373749635650908,1.32828318875025,1.64574647415988,1.48985849497571,0,0.0110624319309789,0,0.0962781268801171,0.00110406477835423,0.00270132268401258,0,1.41651810489589,0.000809049653724862,9.73139095663666e-05,0.00187941481985612,0.936569487522748,0.000360590289079882,0,1.25158718705675,0
0,0.0189463537655738,4.09811886376498e-05,0,0,0.000103098636090104,0,0,0.00535413994924384,0,0.000179899100409547,0.000189485167688151,0.000126416008580574,2.12404761742323e-05,9.77288212169868e-05,0.01424492935502,0,4.52582384792596e-05,0,0,0.000447052185815955,0.0508169680152821,0.0015955733843997,0.0013321471315944,0.00537378202201264,0.000117041085927535,0.197805312814406,2.71315935322465e-05,0.000202492818972813,0,0,0,0.000223983221408036,0.00156509188378403,3.5569957720083e-05,0.00527912127232366,0.0333456625093398,0.00198924190122029,0.00169866764819255,0.000180656224525071,0,0,0.011701008288294,1.66529134393654,0.0870965214567468,0.026480181722088,0.058980166842611,0.0167955677365387,0,0.000367119854452519,0.01697669566717,0.814112282711633,0.00014293269730165,0.000175253887621143,0.000173776957511771,0.00648585294478395,0.00297277624596662,0.00295207953946908,0.00143459004181033,0.00302095909339576,0.000283827865312777,0.0325713946889254,0.00208842147004054,0.0082674633065694,0.0461290110753073,0.0151875544779533,0.00408548841942171,0.0119651422619647,2.89490501688863e-05,0.0806359190953094,0.0545375421030741,0.514424836756642,0.032797068894497,0,1.41651810489589,0,0.0376549543054762,0.00067452782311887,0.00580379219837436,0.0938246289601488,3.09827580282252e-05,0.000275839618509912,0.177324582497752,0.00214128649699101
0,0,0,0.129576759181275,0,0.00388696712576478,0.000134451669999393,0.00121412509555677,0.0181205708813998,0.00181698101641356,0,0.0562511575738398,0,0.000188054614152799,0.00404216258429839,0.00195436045631769,0,0,0,0.00814164479108179,0.000167141175336913,0.00516680360989216,7.37526092779595e-05,0.0238663452998623,0,0,0.000140128592431064,0.00332851421189514,0.000145110117204898,0,0,3.38283752911333e-05,0,0.000114538867787718,0.00306101427394271,0.0016958278658572,0,4.13248781617483e-05,0.000572497255938949,0.00298412617142487,0.00023257027907684,0,0.00838326921337637,0.0660765122414402,0.0349634845725663,0.00988369763513656,0.545659982284676,0.0737079987995066,0,0.012695700526513,0,0.0102647386281108,0.28389969695244,0.00823553383291338,0.127655037919447,1.40417872192134,0.15380867575457,0.39019253595862,0.318334096910769,0.00113037794468864,0.315986211384759,0.0027348667455229,0.146894720875465,0.285802296824795,0.657210054386255,0.000715440774656061,0.000232954578291174,3.642500923276e-05,0.0858559046337796,0.663004911543855,0.0344827177660508,0.594081548571664,1.4392739203289,0.000335095827311817,0.000809049653724862,0.0376549543054762,0,0.124188472607503,0.389056072349755,0,0.0133393299333016,0.0307144854771128,0.321031717710136,0.0191183307698077
0,0,0,0,0.000158959390201031,0.000523801360093715,0,0.00012531638141426,0.00224138459049606,0.000139559960669774,0,0.00641091237857001,0,0,0.000308171099272525,0.000138862127234074,0,0,0,0,0,0.000127749351210505,0,0.000707016082943954,0,0,0,0,0,0,0,0,0,0,0.000120775259679356,0.000134171804788703,0,0,0,0.000309078775852403,0,0,0.000327340247575275,0.00277176473498929,0.0116740498446641,7.45856449515664e-05,0.0920012226629851,0.0116930807081783,0,1.97189032507752,0,0.000271624420436836,0.000214796587520979,0.00382371716006758,0.048362493800854,0.176894150226087,0.432439671034178,0.034796462457314,0.0338721100009388,0.339388508406727,0.00350693501792472,0.000418936448933179,2.48336190195953,0.00985543233710877,0.00654210351721666,0.855153875279708,0.113862308546946,0.00567151295477897,0.000371220803587697,0.812396449109129,0.0003324608334633,0.560094419824974,0.0198399928195697,0,9.73139095663666e-05,0.00067452782311887,0.124188472607503,0,1.4756201067511,0,0.138116547938608,2.22114620724436,1.81831036441012,0.00311093423134427
0,0,0,0,0,0,0,0.00010200013258664,0.0106297275663079,0,0,0.000368993506497814,0,0,0.000751476172722275,0.000799455832013789,0,0,0,0,0,0.000980085384393015,0,0.00187317269557699,0,0,4.97274167000927e-05,0,0,0,0,0,0,0.000180037475581446,0.000631799208211923,0.00105016913529858,7.59116956975487e-05,9.4974646613899e-05,0.000243090276637411,9.72550586252438e-05,6.99575072486596e-05,0,0.0250862189155918,0.0191720123415046,0.09155288634237,0.0411274501563942,0.334817624637296,0.0302686270812738,0,0.361278952939507,0.000245546132110214,0.0148464649751332,5.78795319143201e-05,0.00126368197855556,0.00185060239151225,2.35653541698369,0.125659966856304,0.0184546650209949,0.0591581360958118,0.00195817598955176,0.000521530832342555,0.000193530328281271,0.28758669174616,0.231741009794412,0.0728461499177108,0.00789995289578101,0,0.000680976432368824,0,4.31968688653977,0.00240697800540913,0.851264899960834,0.0255524269466197,0.000291544465509355,0.00187941481985612,0.00580379219837436,0.389056072349755,1.4756201067511,0,0,0.00184313226425514,0.369171914484893,0.608414131071984,0.0196449194372466
0,0.000933329765803514,0,0,0,0,0,0,0,0,0.0147785334189802,0,0.017991572553274,0,0,0,0,0.0029650159519938,0,0,0,0,0,0,0.0165008274002003,0,0.000367424070657861,0,0,0,0.00108740903854579,0,0,0,0,0,0,0,0,0,0,0,0,0,0,0,0,0,0,0,0,0,0,0,0,0,0,0,0,0.828883608768154,0.000355681042413236,0.378471480963135,0,0,0,0.00114902365678319,0.505797796931177,0.00139322614972326,0,0,0,0,0,0,0.936569487522748,0.0938246289601488,0,0,0,0,0,0,0.00370191208821171,0
0,0,0,0.000279112131150269,0,0.000429127591354822,0,0,0.00185619866159324,5.13082541062767e-05,0.000126676918029006,0.010946169276236,0.00034445012750348,0,0.00100233693313936,0,0,0,0,0,0,0,0,0.00191181732404121,0.000177844582651077,0,0.000118404026724586,0,0,0,0,0,0,0,0.000225595773408069,0,0,0,0,0,0,0,0.000458458011036898,0.00046348502687029,0.00217603089437146,0,0.0785657818455938,1.03990261964528,0,0.00422083407021743,0,0,0.000912509478021753,2.26611164237247,0.729635164897794,0.0119860231038239,1.24812928563189,0.0476188565953093,0.0302715108295508,3.17409530139567,0.00292941947523998,0.000614652571159634,0.513837002532469,0.0090645230741126,0.00128556547236863,0,0.0367789783721851,0,0.000310519962745882,0.00119667657818188,0,0.000706091503575225,0.00817089554506987,0,0.000360590289079882,3.09827580282252e-05,0.0133393299333016,0.138116547938608,0.00184313226425514,0,0,0.0140539713225136,0.995091883623681,0.00308784255249941
0,0,0,0,0,0,0,0,0.000282217747793714,0,0,0.001783111836647,0,0,0,0,0,0,0,0,0,0,0,0.000330314877806652,0,0,0,0,0,0,0,0,0,0,0,0,0,0,0,0,0,0,0,0.00147592695314375,0.0111487652757302,0,0.132955178590093,0.0339974505568202,0,0.509837796931351,0,0.00021784856996861,0,0.00384118409517444,0.0022785331308224,0.0322063930053259,0.0832672005246617,0.00681956550313893,0.00368110344865555,0.000447039209788593,0.000163490939464331,0,0.191667653604647,0.00404898205527029,0.00293940146890247,0.090582639039525,0,0,0,0.916385850004797,0.000558026373839449,0.0651033992916448,0.00430127468538355,0,0,0.000275839618509912,0.0307144854771128,2.22114620724436,0.369171914484893,0,0.0140539713225136,0,3.32060728260848,0.000216006318509837
0,0.00173518452376743,0,0,0,0.000786231215981168,6.13002291437511e-05,0.000328355749942421,0.0109026734303395,0.000181179464516731,0.00227452892147571,0.0144233000253113,0.00276083911216725,5.48601749444239e-05,0.00190624068839251,0.0152062098304734,0,0.000210297532867785,0,0.000247316867922045,0.00108409186868303,0.0627956245072391,0.00166743443385376,0.00491805751309212,0.000565223978292442,0.00012725323541563,0.0014373501503068,0,0.000730291393786187,3.46633246479371e-05,0,0,0.000987159844357507,0.000717587181915005,0.00159517754608219,0.0104133033803093,0.00215545541192012,0.000123743989170833,0.00121976594432485,0.00371441613795827,4.74447692079523e-05,0,0.209004656351646,0.288982471196277,3.19845935524582,0.702261635628529,2.01247335769611,0.921837136780415,0,0.299505028657451,0.00209995683579083,0.969518415515875,0.000662390643132144,0.0765799659164935,0.169638130997205,0.24991800957508,0.561821849134531,0.0955219033212868,0.09374295585432,3.8454368935372,0.00977606006259673,0.0139353440459879,0.915665756184544,0.658362709193462,0.292984585137138,4.74405863916002,0.253923064994421,1.00630169780172,0.000709378860344986,2.14733198345956,0.0434045985373429,2.9716994956259,0.0757275786465426,0.000186829545945885,1.25158718705675,0.177324582497752,0.321031717710136,1.81831036441012,0.608414131071984,0.00370191208821171,0.995091883623681,3.32060728260848,0,0.076100366067198
0,0.000138177990996779,0,0.00216285468158855,0.000239290808456681,0.0421785848592572,0,0.00664643807089816,0.00265159425677117,0.0716245314958979,0.000585527034937619,0.859861012634964,0.00669990115670955,0.000146798119949636,0.00550000986682075,0.00348884553591521,0,0,0,0.00286091195636031,4.7691682582186e-05,0.00254011788151252,0.000117806720902943,0.00763051730935489,0.000250884614271094,0,0.000439319008711806,4.32078308229439e-05,5.63069605431242e-05,1.98425479546729e-05,0,0.000126157982337553,0.000126393327395095,0.00118548028143282,3.00480621485799,0.0792068802515676,0.00226721189249508,0.0057704410320183,0.028669651011683,0.00735601142956123,0.000559084336514341,0,0.00783209062358027,0.00390868589238225,0.114185200323286,0.110379012499211,0.354483970187704,0.115177446544572,0,0.000236889134780608,0,8.08488334443497e-05,0.0015694873475733,0.00676230174233652,0.866896271351811,0.0205636930388092,0.53542982421769,0.0459586909205404,0.600134539793918,0.0170059693671198,0.489852587512511,0.000169279535273982,0.0323514413340565,0.142037520637922,0.012554619024592,1.54059855126808e-05,0,1.89265277341863e-05,0.0162830059622374,0.00412582523882867,0.0012531532024541,0.028808408794753,0.0292790682500073,0,0,0.00214128649699101,0.0191183307698077,0.00311093423134427,0.0196449194372466,0,0.00308784255249941,0.000216006318509837,0.076100366067198,0
