0,0.000765815212507301,0.0177179395800168,0.0101799612115035,0.00201689750637933,0.000821125488264651,1.88730257771129,0.235118807716012,0.00925899446892006,0.0321590618387195,0.00110090227412617,0.000219022139074069,0,3.25360251390937,0,0.00529744127893481,0.00540464852032001,0,0.00231237723623332,0.00138484860413225,0.0302195960066058,0.00262272583508309,0.0517689874214188,0.052673895938875,0.000857802312580767,0.000560879491619918,0.00157643926174783,0.124258080277988,2.87914622805618,0.499803969569581,0,0.0094963655019743,0.269490192957984,0.20819666051727,8.92669025084379e-05,0.0253954198255809,0.0125236560873169,0.0579826789452765,0.0323195793809867,0.0619584569709703,0.0118472838929118,0.000383492763431359,0.0018826473243589,7.06411053332488e-05,0.000441852036820456,0.000451339690221314,0,0,0,0.00107002938224245,0,0,0,0,0,0.000125375530508938,0,0.00776774220172511,0,0,0,0.000152671291007399,8.57957076397893e-05,0,0.00199282075861262,0,0,0,0,0.000214345861591553,0.000896261395375471,0.00034231789755493,0.0215198515585818,0.000700734927877322,2.76816553589189e-05,0.000144611964649786,0.0030852045139552,0.000697397837445379,0.00128261726920384,0,0,0,0.000755897310904358,7.96865697076481e-06
0.000765815212507301,0,0.0215349864984334,0,0,0,0.000827379621268793,0,0.243477730728194,4.20656507321149e-05,0.00349846778173126,0,0.0419120717872512,0,0.000679986378021413,0.408937124599992,0.0338732391768193,0,0.017160027283075,0,0.00178037234785647,1.50115461531268,0.013004733772332,0.16855382553968,2.75828071490323,0.133082484696282,3.19480876001442,0.00840345753108695,0.000946074228591041,0.000215389284198122,0.00782647752483909,0,0.000547445797064262,0.0282633205345182,0.00057975899479596,0.042745538098438,0.216310339872808,0.0959444757514141,0.0472488722047589,0.000417328929564996,0,0.00190377090421831,0.000949256513540067,0.0083192859731854,0.00482929975196917,0.00280895201612023,0,0,0,0.000376147978542748,0.399083913291947,0.000409673201128558,0,0,0,2.94131970878181e-05,0,0.0693197767262918,0,0.000173400551223279,0,0.00771564409598521,0,0,0.00975326691681989,0.000564483182842759,0,0.00390848957496803,0,0,0.192453398559916,0.000683900572620562,0.00898187932542754,0.188053444869789,0.0370255014064673,0.122386471742259,0.000717820343247926,6.92700994084673e-05,0,0.00146200397846534,0,0,0.000567905965963546,8.28834934324389e-05
0.0177179395800168,0.0215349864984334,0,8.08892814774392e-05,0,0.000287563064078782,0.0668887103789313,0.000169845515988512,0.00293566780429767,0.00236931889168805,0.000260816406154537,0,0.00137214374567343,0.00455282528726057,0.000302642421736293,0.030168658666303,2.56164964590205,0,0.0140352116105931,0,0.0987490543164583,0.00161129357274737,3.99211875798666,0.0166275988687724,0.00111281683941103,1.39674616464815,3.01104746320144,0.0685928087626784,0.00723219024382033,0.0759092530983059,0.000757730353450841,0.000248599649143007,0.00542584622604503,0.0923519616401913,0.00345472957005788,0.150207837341291,0.270697063847532,0.318869245141896,0.236287560545669,0.0011014362939289,0.000127903457758163,0.00278292136556595,0.00265433191881109,0.000233216330367608,0.000171070073774361,0.000395772880995866,0,0,0,0,0.000584284830208448,0,0,0,0,0,0,0,0,0,0,0,4.57062026206854e-05,0,0.000284577516089086,0,0,0,0,0,0,0.000193302735077457,0.000942994900379405,0.000234245690264753,4.58522999302342e-05,0.000251089790134051,0.00033822870147167,5.14399339971074e-05,0,0,0,0,8.58301201528858e-05,0.000924646755839112
0.0101799612115035,0,8.08892814774392e-05,0,0,0.00865482172533123,0.0711978202968127,0.00307034355513202,0.673632697043928,1.48629265814161,5.84332836105358e-05,1.32747791054161,0,0.00116337407344169,0.000277635837898915,0,0,0,0,9.27164395720503,3.60361822906215e-05,0,0.000420904540351541,3.97728319598638,0,0,7.738234188958e-05,2.97797674537371,0.0116481189321957,0.000302425067911611,0,0,0.00749190511592227,0.0020707395575636,1.30587272672298e-05,0.000180902929449767,0.000273612580785017,0.000541226503124053,0.000267309802770033,0.028349695047208,0,0,0.00017882553159757,0,0,0,0,0,0,0,0,0,1.90243544466779,0,0,6.56199649283181e-05,0,0.0013768812559304,0,0,0.0548186907486552,0,0,0,0.000327091692269632,0,0,0,0.75285733396015,0,0,0,0.00196040090584714,0,0,0,0.000141964423515863,7.26561607052555e-05,0,0,0,0,0,0
0.00201689750637933,0,0,0,0,0.376452481243349,0.000180728424352532,0.236537732308054,0,6.27007014489039e-05,0.0042499683877092,0,0,0.0127686099216065,0,0,0.000184620888523467,0,0.00255219840800058,0,0.000321152575748997,0,0,0.000277514550411632,0.000912881129788725,0.000215393976851865,0.000135586900082189,0.000276604247558347,0.156337949503615,0.000529108810868423,0,1.24227148987068,0.00969684032648263,0.297241879263329,0,0,0.00130678440166757,0.0398546661957261,0,0.827556863842792,3.8355374267213,0,0,0,0,0,0,0,0,0,0,0,0,0,0,0,0,0,0,0,0,0,0,0,0,0,0,0,0,0,0,0,0,0,0,0,0,0,0,0,0,0,0,0
0.000821125488264651,0,0.000287563064078782,0.00865482172533123,0.376452481243349,0,0.0281273209957644,2.25812461067619,0.018014830137848,1.09888905604794,6.70351149296474e-05,1.29211997756566,0,0.00982944949312548,0.315770428207566,0.000117353740216371,0,0,0,0.0217987063893299,0,0.000152661404472656,0.000390223569156853,0.0469164314677976,3.00057229471046e-05,0,2.07201354613718e-05,0.0239862103161407,0.0196583051496564,0.000118813882962259,0,0.0304990376343354,0.000684304978360828,0.00983442085576929,0.366880136180773,0.00026916018488852,0.000433422750272123,0.00202583216625473,0.000474544894027205,0.642948454081118,0.143091184334664,0,0,0,0,0,0,0,0,0,0,0,0,0,0.000217820546145449,0,0,0.00291217162019536,0,0,0,0,0,6.6535155922063e-05,0,0,0,0,0,0.000100164102844131,0,0,0.000482754556130336,0,0,2.84900971489347e-05,9.09562238031625e-05,9.01664639741404e-05,0,0,0,0,0,0.000589432887351465
1.88730257771129,0.000827379621268793,0.0668887103789313,0.0711978202968127,0.000180728424352532,0.0281273209957644,0,0.036617816045556,0.0413104512358492,1.70351299742704,0.000159144221439533,0.00262887374176829,0.000106530330291412,0.897775272796938,0.000602938990179169,0.00546474781460174,0.00686366317500184,0,0.000188000869831377,0.0162961807326313,0.0867052350285773,0.00339682435862657,0.144261874618944,0.186732300485539,2.78942528062238e-05,0.00108510837099372,0.00404423453552677,3.98374346640532,0.249355938715716,1.55412788372241,0,0.000636368453773815,0.0820873755361844,0.0637364517725065,0.000546486592309534,0.0297324411504903,0.0180177867440364,0.0453778976894584,0.0403859602939913,0.0630052944354182,0.000998854300599007,9.74663535623687e-05,0.00121475123124449,0.000353646773051718,0.000572718161912523,0.000135658669403146,0,0,0,0.000622360720898142,0,0.000690400077767843,0.000402848980230643,0,0,0.000233451830045397,0,0.0101896653116429,9.48322905037473e-05,0,0,0,0.000159614841461341,0,0.00175863674754309,0,0,0,0,0.000497984172455955,0.00159607266503438,0.000847960451231034,0.0221010158468523,0,9.80987155322416e-05,6.13421509593187e-05,0.00500921531519065,0.000629865443544526,0.00132148378569583,0,0,0.000452444805219201,0.000741454380365453,0.0001723313340854
0.235118807716012,0,0.000169845515988512,0.00307034355513202,0.236537732308054,2.25812461067619,0.036617816045556,0,0.00946522974412979,0.411062144805944,0,0.0330611997098275,0,1.64072454719296,0.000872205703486588,0,3.86991452846139e-05,0,0,0.0195656259898878,0.000404241351949127,0,0.000483220171852973,0.0178501202762369,0,0,9.29772317931476e-05,0.0106188125942118,0.132963461548578,0.000222824032285358,0,0.294921804914186,0.00111279744962469,0.0244066508564044,0,0.000157793998979595,0.000167537601301095,0.00292166974902459,0.000372444759784535,0.112756716519584,0.347582707847917,0,0,0,0,0,0,0,0,0,0,0,0,0,0,0,0,0.000281664445331772,0,0,0,0,0,0,0,0,0,0,0,0,0.000169742207832176,0,0.000448042581833169,0,0,0,0,0,0,0,0,0,0,0
0.00925899446892006,0.243477730728194,0.00293566780429767,0.673632697043928,0,0.018014830137848,0.0413104512358492,0.00946522974412979,0,0.051659704099839,4.91832012234476e-05,1.2234220728096,0.0010396907146987,0.00291267259861605,0.00143138649524291,0.030372627545202,0,0,6.76442186003999e-05,1.13127035900565,0.000312186503299497,1.75852471679554,0.00192540487636296,8.14160106164267,0.0392698369583356,0.000280581227148628,0.0263444971903318,0.121174931435622,0.0225984573561042,0.00206065250561409,0,0.000109963039384734,0.0124485989215547,0.0129015876463292,0.000507218976173897,0.211089332960745,0.00487100496528683,0.0075019967949681,0.0104734528630269,1.44189861069199,0,0,0.0119214049816787,0.00162563033057328,0.00706661773443713,0.00497003546376354,0,0,0,0.00714852251553283,0.0531237493394764,0.00530234940016822,0.00131549297869573,0,0,0.00568613519727256,0,0.767538660757046,0.00017595136977792,0,0.000397614319808781,0.000899517738064551,0.00227388023990233,0,0.244073583630714,0.000538079412099995,0,0.000110714556029,0.00159945791065458,0.0110889227977972,0.238673968892706,0.022833408446966,0.273925901590442,0.0331304414366084,0.00237682749099449,0.0275241229994531,0.0494651851162299,0.00509209484140833,0.0106851947275363,0.000193097876018173,0,0.00291055427616433,0.00795766349367496,0.000213637162232772
0.0321590618387195,4.20656507321149e-05,0.00236931889168805,1.48629265814161,6.27007014489039e-05,1.09888905604794,1.70351299742704,0.411062144805944,0.051659704099839,0,0,0.897344295757138,2.7799172062339e-05,0.273462581416317,0.000442235654967286,9.01264694443708e-05,0.000120133087073697,0,0,1.63066835681089,0.00153108247362575,0,0.00225004059876145,0.510227725378508,0,1.63726603728144e-05,3.7829440152409e-05,1.67132768966582,0.0374229626618824,0.00115669762164003,0,0.000269203569783179,0.0100139530271852,0.00703651254625064,2.54815860406825e-05,0.00124356417818859,0.000401476558783576,0.0015127236458929,0.0009762592299773,0.0524390837488368,0.000162123534169852,0,0,0,0,0,0,0,0,5.19357121045901e-05,0,0,0.121094108918903,0,0,5.7007910772594e-05,0,0.000153131218536993,0,0,0.000103489198417246,0,0,0,0,0,0,0,0,0,0,0,0.00141651096438564,0,0,0,0.000255618433422458,6.35578113487162e-05,0,0,0,0,0,0
0.00110090227412617,0.00349846778173126,0.000260816406154537,5.84332836105358e-05,0.0042499683877092,6.70351149296474e-05,0.000159144221439533,0,4.91832012234476e-05,0,0,0,0.816586813070873,0.00337384889412061,5.55915762762206e-05,0.000551208807046753,0.131688885678346,0.474265836346339,2.25703573440435,0,0,0.000158414522569683,0.000999295306727557,0.000246967084362955,0.107071648886534,0.0904289140908347,0.0458929933902659,0.000104304130976574,0.797819764420194,0.000406300611935635,0.0146254892980522,0.0252367379119842,0.00246995989140305,0.692612500533007,0.000106675518309776,0.00725595693599165,0.990278419676921,0.533257329562666,0.0573864443682527,0.00547691591670293,0.010004168830767,0.00449353733077907,0,0.000432272248466335,0,0,0,0,0,0,8.47482379665726e-05,0,0,0,0,0,0,0,0,0,0,0.000325594829881587,0,0.000292363350787184,0,0,0,0,0,0,7.70002018280868e-05,0,0,0.00097401187437007,0.00148782038633315,0.00234711532823621,8.58151776905536e-05,0,0,0,0,0,0.00023861301083767,3.01894089954262e-05
0.000219022139074069,0,0,1.32747791054161,0,1.29211997756566,0.00262887374176829,0.0330611997098275,1.2234220728096,0.897344295757138,0,0,0,4.69086843825905e-05,0.727399649256415,0,0,0,0,8.65550107051171,0,0,7.77085467372884e-05,1.22777927252597,0,0,0,0.0278691736692808,0.000507979862384564,0,0,0,0.00029669715575964,0,0.559329308361147,0.00918117657395555,0.000245998037905983,0.000302408632407181,0,0.435121258511244,0,0,0.00140053729547117,5.48625660416208e-05,0,0,0.000160653170542827,0,0,0,0,0,0.00321744813167146,0,0,0,0,0.000156928486916841,0,0,0.0610323565509939,0,0,0.00114294942824473,0,0,0,0,0.00417109758901918,0,0,0.000125393285324702,0.000177832827584826,0,0,0,0.000104832895520018,0,0,0,0,0.00037590745994117,0,0.0116695523526258
0,0.0419120717872512,0.00137214374567343,0,0,0,0.000106530330291412,0,0.0010396907146987,2.7799172062339e-05,0.816586813070873,0,0,7.64324831097167e-05,0,0.00087645595559789,0.000996891065124586,0.00011028986724243,0.0123615789938951,0,7.11509772718386e-05,0.00366114365740632,0.00200606032767443,0.00151878109683148,7.02236078505605,0.112969806141757,0.450914207474696,0.000578546854348621,0.00151673773113952,0.000234733348136884,2.20728432566687,0,8.83282432902937e-05,0.0149752488885923,0.0002947711636243,0.0565446292670356,0.508382260936376,0.129738267230135,0.133824020696829,0.00131108615841821,0.0441430193507558,0.463701299736701,0.000447643176606933,0.00200811552420481,0.000887317560894555,0.000402272250372621,0,0,0,0,0.00233371757314985,0,0,0,0,0,0,0.000499439349713885,0,0.000271923202927151,0,0.0744478546342102,0,0,0,0.000319248330024391,0,0.00123874518122601,0,0,0.00157528241181867,0,2.00408742368943e-05,0.0151606912925731,0.0148443409631446,0.0228492630405741,0,0,0,0.000575772804865539,0,0,0.000891506579551605,4.76256254211232e-05
3.25360251390937,0,0.00455282528726057,0.00116337407344169,0.0127686099216065,0.00982944949312548,0.897775272796938,1.64072454719296,0.00291267259861605,0.273462581416317,0.00337384889412061,4.69086843825905e-05,7.64324831097167e-05,0,0,0.000460342349149881,0.000451914955754041,0,0.00102838435640176,0.000401287290089889,0.00752015593764684,0.000505716569935067,0.00975538942659626,0.0101137316019862,7.58915422246383e-05,0.000662198780227851,0.000863022261593231,0.0269712692548364,4.43760548535609,0.127412674215377,3.5319251655716e-05,0.0251958108595386,0.0696839110171256,0.193831707120277,2.63201442473691e-05,0.00434855861478317,0.00330190051622544,0.0531230007906256,0.00495358944879485,0.0809601131278457,0.0592672368764826,0,0.000226130661468259,0,2.88216545176571e-05,0,0,0,0,5.29850377074363e-05,0,0,0,0,0,0.000112319194265106,0,0.00151708697706417,0,0,0,0,0,0,0.000351796669779645,0,0,0,0,1.6330200350204e-05,0,2.19641561956044e-05,0.00389281729171962,0,5.58346366337959e-05,2.09791450333403e-05,0.000845352177653044,7.91402112078376e-05,0,0,0,0.000114837727350131,0.000206706671520546,0
0,0.000679986378021413,0.000302642421736293,0.000277635837898915,0,0.315770428207566,0.000602938990179169,0.000872205703486588,0.00143138649524291,0.000442235654967286,5.55915762762206e-05,0.727399649256415,0,0,0,0,0,0,0.000128408696477136,0.000598563047737088,0,0,0.000520781043115829,0.00203144476100728,0,0.00016234465943214,0.000183723771221339,0.00100452485005328,0.000589962287236295,0,0,0,0.000343825366001414,0.000561735095148862,0.0820608165765923,0.00178741573942546,0.0056765441136763,0.000946064614796701,0.00563090406799183,1.22778848797956,0.000529211770525301,0.000363790092235086,0.00285897658753543,0.00625454798397225,0.00107828643192563,0.00868078962358556,0.00216838393992474,0,0,0,0,0.000627172620924646,0,0,0.000108816950086908,0,0,0.00093788873083929,0,4.50333922225304e-05,0,0,0,0.000394131794249734,0,0,0,0,0,0.000125892603882826,0,0.000381506390146039,5.94861921831354e-05,0,0.000209148432975515,0.000248810671725686,0,3.99867910939123e-05,5.99014461910574e-05,0,0,0,0.000655909857931002,0.00381926524973032
0.00529744127893481,0.408937124599992,0.030168658666303,0,0,0.000117353740216371,0.00546474781460174,0,0.030372627545202,9.01264694443708e-05,0.000551208807046753,0,0.00087645595559789,0.000460342349149881,0,0,0.002989545103391,0,0.000337161940597341,0,0.881297108073104,4.43981438281193,2.67331858721859,3.07690252161845,0.0250828346762065,0.0044193191400186,1.40863974140652,0.683967709110613,0.00501361895249556,0.0125278986141184,0.000340239672232231,7.2263629842691e-05,0.00332321368154457,0.0130590623619358,0.00576017368440024,0.422679713883937,0.373998132781683,0.0849791538585339,0.226994582801039,0.000766169040165668,0,0.00729970054867356,0.0102367748690211,0.00273818838639696,0.00553991390835021,0.00292718308215845,0,0,0,0.000344421594774713,0.0226714008724079,0.00572581008733005,0,0,0,0.000458737876324024,0,0.0644058279025382,0,0,0,0.000121719099815717,0.000259619545731585,0.00040277937969202,0.150222825295808,0.000156396958459287,0,0.000187408325041266,0,0.00765283075596829,0.0805141319076292,0.014184949749218,0.0846082165929553,0.00797826749145717,0.000391969366154554,0.0091642083136927,0.0129060240281968,0.000136128314597287,0.00104096161727777,0.000102581171624578,0,0,0.00190685726125904,0.00125542018790677
0.00540464852032001,0.0338732391768193,2.56164964590205,0,0.000184620888523467,0,0.00686366317500184,3.86991452846139e-05,0,0.000120133087073697,0.131688885678346,0,0.000996891065124586,0.000451914955754041,0,0.002989545103391,0,0.0222251383565571,2.40282437691349,0,0.0403919337889647,0.000651389259211946,2.51089604818938,0.00217430966151353,0.00107628240884796,2.8933886523966,0.20096327070526,0.00617946550106414,0.166505632264625,0.0209123077748397,0.000869123585075931,6.24334029839225e-05,0.00930306487322466,0.563657006513729,0.000182114286854625,0.012001266541741,0.0431071327967116,0.0723565027473551,0.0310035049686717,6.18637466478587e-05,0.000255525226375303,0,0.000102877393224507,0,0,4.31283184776201e-05,0,0,0,0,0.000144886026039135,0,0,0,0,0,0,0.000177526655264847,0,0,0,0,0,0,0,0,0,0,0,0,0,0,0.000172514799438591,0,6.74095986007308e-05,0.000492226555151993,0,0,0,0,0,0,0,0.000123352991687314
0,0,0,0,0,0,0,0,0,0,0.474265836346339,0,0.00011028986724243,0,0,0,0.0222251383565571,0,1.02069893849064,0,0,8.89079541991321e-05,0,0,0.00108656048367106,0.211583352504042,0.00140810282664076,0,0.0419249933813683,0,0.000727271119489725,0,0.00018949083216915,0.00302179405428039,0,0,0.00176754844256727,0.00388936576851858,0.000398211515918064,0,0,0,0,0,0,0,0,0,0,0,0,0,0,0,0,0,0,0,0,0,0,0,0,0,0,0,0,0,0,0,0,0,0,0,6.20109694540781e-05,4.5441518522375e-05,0,0,0,0,0,0,0,0
0.00231237723623332,0.017160027283075,0.0140352116105931,0,0.00255219840800058,0,0.000188000869831377,0,6.76442186003999e-05,0,2.25703573440435,0,0.0123615789938951,0.00102838435640176,0.000128408696477136,0.000337161940597341,2.40282437691349,1.02069893849064,0,0,6.68624182703728e-05,0.000956369277171076,0.0104583340569704,0.000390929547217927,0.0192882354620202,3.10215755443362,0.115853394865112,0.000608613526335133,0.0130016749670394,0.00071673580045996,0.0178082915717219,0.00458951331595037,0.00300411389382326,1.03070065745334,0.000103052713822351,0.00951158404047882,0.135581687998886,0.465319478842449,0.0633571892096042,0.00277046869638304,0.00823616371683058,0.000151043362118769,6.7328687883342e-05,0.00129320131574521,0.00182052505819832,0.000542278427046535,0,0,0,0,0.00250193058815686,0,0,0,0,0,0,0.00048917912359921,0,0,0,0.000255105356163268,0,0,0,0,0,0.000762553363080055,0,0,0.000512338488922995,0,0.000108999457647015,0.00577256364918192,0.00541850521891576,0.00814167260816303,0,0,0,0,0,0,0.000186870325088725,7.74453115716608e-05
0.00138484860413225,0,0,9.27164395720503,0,0.0217987063893299,0.0162961807326313,0.0195656259898878,1.13127035900565,1.63066835681089,0,8.65550107051171,0,0.000401287290089889,0.000598563047737088,0,0,0,0,0,5.93771972785327e-05,0,0,1.53348624752327,0,0,0,0.33005038656514,0.00226786136423664,0,0,0,0.00165935860715584,0.000833571348810291,0,0,0,0,0,0.0496503262350187,0,0,0,0,0,0,0,0,0,0,0,0,0.0764751720499863,0,0,0.000135219369529255,0,0,3.13379997990068e-05,0,0.0499221008522567,0,0,0,0,0,0,0,0.0479950795339301,0,0,0,0,0,0,0,0,0,0,0,0,0,0,0
0.0302195960066058,0.00178037234785647,0.0987490543164583,3.60361822906215e-05,0.000321152575748997,0,0.0867052350285773,0.000404241351949127,0.000312186503299497,0.00153108247362575,0,0,7.11509772718386e-05,0.00752015593764684,0,0.881297108073104,0.0403919337889647,0,6.68624182703728e-05,5.93771972785327e-05,0,0.00987500209040732,5.57018959666478,0.1328114349148,0.000233495125012362,0.00211024191343156,0.0333818782433489,1.27224899577468,0.341189023898953,3.81803569395533,0,0.000265228523825267,0.580876124771453,0.201118147984167,0.00456774578641376,0.170312033767195,0.0806273424705362,0.118184912380173,0.153482316780858,0.000222659849449686,0.000252259893592961,0.00250861546863538,0.00335286986274721,0.000324297385441593,0.000633813038178502,0.000937970835792157,0,0,0,3.39145761906888e-05,3.8664462219081e-05,0.00031852402116886,0,0,0,2.61918690968024e-05,0,0.00379469390109748,0,0,0,0,1.918228630881e-05,0,0.00199764456642776,0,0,0,0,0.000320115723544459,0.00204374206673135,0.00115713076701491,0.0045221220883362,8.68592093076909e-05,7.65154102379547e-05,0.000245600351446455,0.00166137222910317,8.82819587247313e-05,0.000183174155886031,0,0,0.000188329110683487,0.000338901209082883,0.000931497446197687
0.00262272583508309,1.50115461531268,0.00161129357274737,0,0,0.000152661404472656,0.00339682435862657,0,1.75852471679554,0,0.000158414522569683,0,0.00366114365740632,0.000505716569935067,0,4.43981438281193,0.000651389259211946,8.89079541991321e-05,0.000956369277171076,0,0.00987500209040732,0,0.038900963607072,1.69406968812871,0.18041933190468,0.00281710230922147,1.08581518739787,0.0432702239366347,0.00314767601040007,0.00427456700822999,0.00122166363624034,0,0.0039104249257323,0.00847200923330018,0.000443662774577873,0.0587625689503471,0.0479104609722639,0.0154312769334985,0.0308522275269057,0.000541003873686254,0,0.000617051613118768,0.0103431166627489,0.000923480497425634,0.00835800176181981,0.00469758475806552,0,0,0,0.000884177773158724,0.283997952585441,0.00294335634953318,0,0,0,0.00101684295202137,0,0.529165278990739,0,0.000140347577688797,0,0.00551844974767101,0.000640828884413435,0,0.434315211996329,0.000525930137394957,0,0.00083041342891629,0.000165155241754752,0.00975152283410244,1.12217693341747,0.0370168006292356,0.124043054275496,0.174648300366211,0.00572917838482182,0.14241918594799,0.018357555008996,0.00184366712869737,0.00310308942135839,0.000459935701134812,0,0.00088037877653715,0.00380663580073346,6.90630870620275e-05
0.0517689874214188,0.013004733772332,3.99211875798666,0.000420904540351541,0,0.000390223569156853,0.144261874618944,0.000483220171852973,0.00192540487636296,0.00225004059876145,0.000999295306727557,7.77085467372884e-05,0.00200606032767443,0.00975538942659626,0.000520781043115829,2.67331858721859,2.51089604818938,0,0.0104583340569704,0,5.57018959666478,0.038900963607072,0,0.0571280825535728,0.000792610011145614,0.101198054104231,1.04743537467616,0.381156058256906,0.409624199945841,0.428105655877831,0.000135611540100757,3.39900939039326e-05,0.194927299110535,0.132027672708925,0.0211911289425996,0.52973350259651,0.392480710745825,0.500092925495708,0.649489532694547,0.00201971375062333,0.000241816618974244,0.0080106926576639,0.0108748209420014,0.00299921287998029,0.00110774985509454,0.00289448215249905,2.01798539382696e-05,0,0,0.00021870886088342,0.000187149496918994,0.000357402449117697,0,0,0.000156109884092107,0.000168561727031181,0,0.00268658148195326,0,0,0.000109646698661465,0,0,6.63556313814928e-05,0.00432512869990699,0,0,0,4.71841505766723e-05,0.000522003331251952,0.00300800251486134,0.001790200141125,0.00314726934658514,0.00017780556623067,2.94724064384133e-05,0.00110200305932672,0.000803358468336622,0.000110907203132234,0.000179369974119323,0,0,2.76408293941577e-05,0.000398190405529262,0.00668320154069539
0.052673895938875,0.16855382553968,0.0166275988687724,3.97728319598638,0.000277514550411632,0.0469164314677976,0.186732300485539,0.0178501202762369,8.14160106164267,0.510227725378508,0.000246967084362955,1.22777927252597,0.00151878109683148,0.0101137316019862,0.00203144476100728,3.07690252161845,0.00217430966151353,0,0.000390929547217927,1.53348624752327,0.1328114349148,1.69406968812871,0.0571280825535728,0,0.0231110855671354,0.00271262313005628,0.146996926289509,3.93477043278359,0.0978658853503224,0.0281327801396334,7.36198371028142e-05,0.000430369561951749,0.0429629785322951,0.0668540717699573,0.00163647892827427,0.129091359370424,0.0631581958206696,0.0507661039358059,0.0806541730783304,0.135215103140677,0.000311762069549793,0.00135359687420917,0.0151691745226949,0.000786595981756679,0.00792317452565257,0.00597089830242132,5.09151906873916e-05,0,0,0.0123855538931531,0.0153175810062282,0.00369207098870189,0.965947981704063,0,0,0.0115867408474055,0,0.303736343790569,0.000494207214414757,0.000136099521065645,0.000124636761853654,0.000454272328799168,0.00387174177231386,2.89718097646829e-05,0.114113466093324,4.03012041845171e-05,0,0,0.00363248463215478,0.0114431872836749,0.0728373504331568,0.0153046718640466,0.709157774487555,0.0126751715125227,0.00140881337884393,0.0167693141972483,0.149319951283897,0.0131732654304862,0.0165233967103797,0.000111862922663782,0,0.00491067883359755,0.0081121039296227,0.000322874637524181
0.000857802312580767,2.75828071490323,0.00111281683941103,0,0.000912881129788725,3.00057229471046e-05,2.78942528062238e-05,0,0.0392698369583356,0,0.107071648886534,0,7.02236078505605,7.58915422246383e-05,0,0.0250828346762065,0.00107628240884796,0.00108656048367106,0.0192882354620202,0,0.000233495125012362,0.18041933190468,0.000792610011145614,0.0231110855671354,0,0.0849680385135106,1.70560735018842,0.00091460179608815,0.00133526396876936,0.000103456706543815,0.237642426151401,0.000545886553497024,0.000193701103222747,0.0195949459252725,0.000245929281855656,0.0167974466153239,2.14206638752689,0.297428039815592,0.0874808864088961,0.000205605507385733,0.00111582421212595,1.01068778649859,0.00148013379490646,0.0065724595024628,0.00387195517023659,0.0013925919368447,0,0,0,0,0.219746710437667,0.000416899634779894,0,0,0,0,0,0.016044368445915,0,0.00151226062010504,0,0.0155700943105978,0,0,0.00206592730364344,0.000419528078917869,0,0.00375118029682366,0,0,0.0613999620986357,6.99768356009624e-05,0.0020459918543,0.507647556626394,0.0715386392360649,0.165647991055483,0.000342120939066222,5.1094887158468e-05,0,0.00139419869378305,0,0,0.00256225836525963,7.52586028435545e-05
0.000560879491619918,0.133082484696282,1.39674616464815,0,0.000215393976851865,0,0.00108510837099372,0,0.000280581227148628,1.63726603728144e-05,0.0904289140908347,0,0.112969806141757,0.000662198780227851,0.00016234465943214,0.0044193191400186,2.8933886523966,0.211583352504042,3.10215755443362,0,0.00211024191343156,0.00281710230922147,0.101198054104231,0.00271262313005628,0.0849680385135106,0,2.98241376994963,0.00212039349388804,0.00433212689303268,0.00210968265661565,0.510369811526405,0.000807454495786411,0.000603338006839012,0.127444104087962,0.00142086408215422,0.0479336764794645,0.365331987361509,0.246358129306138,0.0768945506425033,0.000576196762284667,0.00161406546566903,0.00133565473557772,0.000991754900251054,0.00110036065926262,0.00115002849058941,0.000431958189113579,0,0,0,0,0.0026320151482137,0,0,0,0,0,0,0.000259440791235132,0,0.000858892018495216,0,0.00275537721376429,0,0,4.92278403062952e-05,0,0,0.000943032053243456,0,7.55510979328386e-05,0.000901650121897855,0,2.31067409624751e-05,0.00917167341226654,0.0217798013362105,0.0280408278183154,2.02583417724885e-05,1.82710049995169e-05,0,0.000500293802973363,0,0,0.000504131787266877,0.000359089437883105
0.00157643926174783,3.19480876001442,3.01104746320144,7.738234188958e-05,0.000135586900082189,2.07201354613718e-05,0.00404423453552677,9.29772317931476e-05,0.0263444971903318,3.7829440152409e-05,0.0458929933902659,0,0.450914207474696,0.000863022261593231,0.000183723771221339,1.40863974140652,0.20096327070526,0.00140810282664076,0.115853394865112,0,0.0333818782433489,1.08581518739787,1.04743537467616,0.146996926289509,1.70560735018842,2.98241376994963,0,0.0528462816951495,0.00537230401101783,0.00312426717446229,0.359530481743618,0.000382364216092174,0.00100422363075729,0.157469935962036,0.0092845049065116,0.245906643251632,0.714135595492547,0.413371642828927,0.213574391895104,0.000633013781279013,0.000831535344546553,0.00273361672724037,0.0037841280314663,0.00645792600123695,0.00514678881480564,0.00123680573015319,0,3.2206045578527e-05,0,0.000164424360924323,0.0583064108278904,0.000149568683791932,0,0,0,7.21766201977481e-05,0,0.00755534097176942,1.99566034686587e-05,0.0022278037307288,0,0.00599101083305071,0.000139473762531804,0,0.00628449246491547,0.000551532658252039,0,0.00290258174690609,0,0.000336991174201744,0.0264424622712609,0.00063166327462838,0.00516885813418695,0.0586883657698008,0.0759177796927347,0.202044139276696,0.000920664672008512,0.000226531045047014,5.08377284874294e-05,0.000751763750395953,0,0,0.00220848631372414,0.00223900671687692
0.124258080277988,0.00840345753108695,0.0685928087626784,2.97797674537371,0.000276604247558347,0.0239862103161407,3.98374346640532,0.0106188125942118,0.121174931435622,1.67132768966582,0.000104304130976574,0.0278691736692808,0.000578546854348621,0.0269712692548364,0.00100452485005328,0.683967709110613,0.00617946550106414,0,0.000608613526335133,0.33005038656514,1.27224899577468,0.0432702239366347,0.381156058256906,3.93477043278359,0.00091460179608815,0.00212039349388804,0.0528462816951495,0,0.22418192806473,2.1513800794707,2.98338627374374e-05,0.0011038340438194,0.142657960401875,0.231397027045988,0.00702824008827014,0.378435203635872,0.135269347916296,0.23753744914288,0.276923969914631,0.0604190471259812,0.000931143233250517,0.0032637734754205,0.00779785605763047,0.000838498883097374,0.00280670804974076,0.00210756607037936,0,0,0,0.00277825254629813,0.000922026892573203,0.000956869164895952,0.316659103295567,0,0,0.00419585815349321,0,0.0558342127892009,0.00016263443498272,0,0.000310993331043723,0,0.00124082776686204,0,0.0162310480747847,0.000235277088118581,0,0,0.00156916186835842,0.00455055250103856,0.0106755019956873,0.00201358291781224,0.197094053265912,0.000349254988195699,8.49363445694913e-05,0.00211421224281787,0.0433305734330917,0.0042428465493102,0.00552302128733228,0,2.98013618261438e-05,0.00157834130067293,0.00363884973349919,0.001704431287438
2.87914622805618,0.000946074228591041,0.00723219024382033,0.0116481189321957,0.156337949503615,0.0196583051496564,0.249355938715716,0.132963461548578,0.0225984573561042,0.0374229626618824,0.797819764420194,0.000507979862384564,0.00151673773113952,4.43760548535609,0.000589962287236295,0.00501361895249556,0.166505632264625,0.0419249933813683,0.0130016749670394,0.00226786136423664,0.341189023898953,0.00314767601040007,0.409624199945841,0.0978658853503224,0.00133526396876936,0.00433212689303268,0.00537230401101783,0.22418192806473,0,1.67472741996028,0.000364880049043744,1.33953266496953,1.94642148553689,2.56130433454626,0.000257791781084388,0.0209607766524016,0.0227162840939927,0.544307858951988,0.0586607754350245,0.652152480297781,0.562726289055209,0.00042999633270101,0.00117576808281489,0.000407692887300491,0.000514313875556146,0.00069658925833306,0,0,0,0.00035545766402764,0.000115685587086503,0.000195080111149651,7.79902836299804e-05,0,0,0.000637529428911508,0,0.0164658625025771,0.000105578450824363,0,0,0,0.000120696865079658,0,0.00113119481087208,0,0,0,0,0.000248698792896926,0.0020593253531201,0.000254938590279297,0.034141796079548,6.77532843834242e-05,0.000125482288324904,0.000313840160459961,0.00928313330265445,0.000809512045730935,0.00156107974349202,0,0,5.34575956332162e-05,0.00121740664973417,6.16177864174805e-05
0.499803969569581,0.000215389284198122,0.0759092530983059,0.000302425067911611,0.000529108810868423,0.000118813882962259,1.55412788372241,0.000222824032285358,0.00206065250561409,0.00115669762164003,0.000406300611935635,0,0.000234733348136884,0.127412674215377,0,0.0125278986141184,0.0209123077748397,0,0.00071673580045996,0,3.81803569395533,0.00427456700822999,0.428105655877831,0.0281327801396334,0.000103456706543815,0.00210968265661565,0.00312426717446229,2.1513800794707,1.67472741996028,0,3.97587253831845e-05,0.000988206049768493,0.623375661142933,0.710531853442006,0.000972134268578434,0.0524927794517102,0.015588308042215,0.161035973006583,0.0730102894317917,0.000256485058783607,0.00172880041862737,8.80298058376847e-05,0.000931690467285459,0,0.000553434776259367,0,0,0,0,0.000145726143217457,0.000232564300192806,0.000236973993680653,0,0,0,7.30650620533188e-05,0,0.00470095794119683,7.44851097154021e-05,0,0,0,0,0,0.0012322065548959,0,0,0,0,0.000407648140148359,0.000919486726316065,0,0.0105389155847778,0,1.81096344915436e-05,0.000133705233179861,0.00284632325320819,0.00048887367272791,0.000133507405161014,0,0,0,0.000220423026641385,7.72802530435825e-06
0,0.00782647752483909,0.000757730353450841,0,0,0,0,0,0,0,0.0146254892980522,0,2.20728432566687,3.5319251655716e-05,0,0.000340239672232231,0.000869123585075931,0.000727271119489725,0.0178082915717219,0,0,0.00122166363624034,0.000135611540100757,7.36198371028142e-05,0.237642426151401,0.510369811526405,0.359530481743618,2.98338627374374e-05,0.000364880049043744,3.97587253831845e-05,0,0.000126828370351387,0,0.00825794238240087,1.68022477765796e-05,0.00254817654024837,0.0662367474450093,0.0354514476054631,0.0171531213884732,0,0,0.000290937542756413,0.000115066093557937,0.000247176579228126,0.0004866378926177,0,0,0,0,0,0.000916193294266638,0,0,0,0,0,0,0,0,0.000349492381336823,0,0.000547109304607123,0,0,0,0,0,0.000860284417178545,0,0,0.000268110554274906,0,0,0.00281164696640527,0.00411668476185848,0.0039893588619443,0,0,0,0,0,0,0,1.11489247735696e-05
0.0094963655019743,0,0.000248599649143007,0,1.24227148987068,0.0304990376343354,0.000636368453773815,0.294921804914186,0.000109963039384734,0.000269203569783179,0.0252367379119842,0,0,0.0251958108595386,0,7.2263629842691e-05,6.24334029839225e-05,0,0.00458951331595037,0,0.000265228523825267,0,3.39900939039326e-05,0.000430369561951749,0.000545886553497024,0.000807454495786411,0.000382364216092174,0.0011038340438194,1.33953266496953,0.000988206049768493,0.000126828370351387,0,0.0127481414390674,1.07885636415259,0,7.42598293318837e-05,0.00302772995094476,0.111461859486518,0,0.267757112363019,1.63179883576347,0,0,0,0,0,0,0,0,0,0,0,0,0,0,0,0,0,0,0,0,0,0,0,0,0,0,0,0,0,0,0,0,0,0,0,0,0,0,0,0,0,0,0
0.269490192957984,0.000547445797064262,0.00542584622604503,0.00749190511592227,0.00969684032648263,0.000684304978360828,0.0820873755361844,0.00111279744962469,0.0124485989215547,0.0100139530271852,0.00246995989140305,0.00029669715575964,8.83282432902937e-05,0.0696839110171256,0.000343825366001414,0.00332321368154457,0.00930306487322466,0.00018949083216915,0.00300411389382326,0.00165935860715584,0.580876124771453,0.0039104249257323,0.194927299110535,0.0429629785322951,0.000193701103222747,0.000603338006839012,0.00100422363075729,0.142657960401875,1.94642148553689,0.623375661142933,0,0.0127481414390674,0,1.80011867425731,7.4254921820038e-05,0.0235987961715726,0.0127035604482573,0.537118312142646,0.21974580194274,0.0059698406094793,0.0376615623473992,0,0.000365711961243106,0,0,0,0,0,0,0.00111576155161788,0,0,0,0,0,0.000504614218632011,0,0.0166513852290504,0.000114514518819775,0,0,0,5.82817130250716e-05,0,0.000687006790132422,0,0,0,0,0.000144308859979349,0.0018834679978266,0.00010698792322188,0.0143081510195955,0.000263750825242486,0,0,0.00388664260010357,0.000235524661272033,0.000429055243828415,0,0,0.000242141631237055,0.000333275170243518,0
0.20819666051727,0.0282633205345182,0.0923519616401913,0.0020707395575636,0.297241879263329,0.00983442085576929,0.0637364517725065,0.0244066508564044,0.0129015876463292,0.00703651254625064,0.692612500533007,0,0.0149752488885923,0.193831707120277,0.000561735095148862,0.0130590623619358,0.563657006513729,0.00302179405428039,1.03070065745334,0.000833571348810291,0.201118147984167,0.00847200923330018,0.132027672708925,0.0668540717699573,0.0195949459252725,0.127444104087962,0.157469935962036,0.231397027045988,2.56130433454626,0.710531853442006,0.00825794238240087,1.07885636415259,1.80011867425731,0,0.00137515625414467,0.205960081542732,0.19078300711058,5.31973704779271,0.632807639202427,0.26932695099958,1.46835808538755,0.000988530455768321,0.00143610041482702,0.000538902738768617,0.000624999440090853,0,0,0,0,0.000498768992181266,9.23756195811143e-05,3.39053563293036e-05,0.000233971637940079,0,0,0.000501193340488873,0,0.0157003412639089,0,0,0,0.000121321129680811,7.13296123617674e-05,0,0.00374559034891754,0.000583863188271042,0,0.000345664722156353,0,0,0.00263912956958526,0.000220978321402113,0.0256747022930357,0.000490330623314862,0.00195309016799729,0.00343993388059264,0.00656200640066181,8.36644914038983e-05,0.00123322073581232,0,0,0.000996068282213184,0.000877743737588933,0.000213378769428482
8.92669025084379e-05,0.00057975899479596,0.00345472957005788,1.30587272672298e-05,0,0.366880136180773,0.000546486592309534,0,0.000507218976173897,2.54815860406825e-05,0.000106675518309776,0.559329308361147,0.0002947711636243,2.63201442473691e-05,0.0820608165765923,0.00576017368440024,0.000182114286854625,0,0.000103052713822351,0,0.00456774578641376,0.000443662774577873,0.0211911289425996,0.00163647892827427,0.000245929281855656,0.00142086408215422,0.0092845049065116,0.00702824008827014,0.000257791781084388,0.000972134268578434,1.68022477765796e-05,0,7.4254921820038e-05,0.00137515625414467,0,0.0720266662379894,0.0489885069972444,0.00989010048959037,0.0147305799761211,0,1.03513233905125e-05,0.00173119028813376,0.0533198689615896,0.0381608539669856,0.0118439117659855,0.0196398563671977,0.00430398610049103,0,0,0.000147613557923284,0,0.00382042604491906,0,0,0.00641753187508727,0.000310911841789336,5.19142575419558e-05,0.000164683544832394,1.29041363544513e-05,0.000158992475991193,0.00852831246159067,4.54856907905867e-05,0.000111326054146952,0.00532282393732175,0.00239666502972003,0.00049705521454212,0,0.000211178701583272,0,0.00265906535414569,0.000139905728483851,0.0146025630515869,0.000613698026364992,0,0.00227603524706951,0.00457576109008051,0.0016989440178268,8.82729064332012e-05,0.000306066589609057,0,0,8.15940286250072e-06,0.00217414987802682,1.28584164803541
0.0253954198255809,0.042745538098438,0.150207837341291,0.000180902929449767,0,0.00026916018488852,0.0297324411504903,0.000157793998979595,0.211089332960745,0.00124356417818859,0.00725595693599165,0.00918117657395555,0.0565446292670356,0.00434855861478317,0.00178741573942546,0.422679713883937,0.012001266541741,0,0.00951158404047882,0,0.170312033767195,0.0587625689503471,0.52973350259651,0.129091359370424,0.0167974466153239,0.0479336764794645,0.245906643251632,0.378435203635872,0.0209607766524016,0.0524927794517102,0.00254817654024837,7.42598293318837e-05,0.0235987961715726,0.205960081542732,0.0720266662379894,0,3.24967059966398,0.444673632877777,1.20233926928877,1.23725784306611,0.000525490704992695,0.126042591210067,0.0763667270426518,0.0250840291319055,0.00596000157714496,0.0150680035389239,6.03891658280467e-05,0,0,0.000141099395015193,0.000325268817776586,0.00198667129552689,0.000139955717080226,0,0.000981769907427528,0.000113727857490702,0,0.0110905143697978,0,0,0,0.0019331533422441,0.000172958353835169,0.00086208311804193,0.00865164999021621,0.000456794839317398,0,0.000239265072885075,0,0.00103641737783818,0.00397288701146019,0.00313499593250033,0.0179003101079477,0.000201409318861266,0.000692619120231744,0.00211297248816496,0.00430136825371425,8.2738904566965e-05,0.000118369403984962,0,0,0.000508188716583524,0.00179705942374148,0.0114622345445302
0.0125236560873169,0.216310339872808,0.270697063847532,0.000273612580785017,0.00130678440166757,0.000433422750272123,0.0180177867440364,0.000167537601301095,0.00487100496528683,0.000401476558783576,0.990278419676921,0.000245998037905983,0.508382260936376,0.00330190051622544,0.0056765441136763,0.373998132781683,0.0431071327967116,0.00176754844256727,0.135581687998886,0,0.0806273424705362,0.0479104609722639,0.392480710745825,0.0631581958206696,2.14206638752689,0.365331987361509,0.714135595492547,0.135269347916296,0.0227162840939927,0.015588308042215,0.0662367474450093,0.00302772995094476,0.0127035604482573,0.19078300711058,0.0489885069972444,3.24967059966398,0,3.491429805463,1.7597066088656,0.00630149602044576,0.00820036370446566,3.03323337405359,0.0465866438366286,0.0157354470842872,0.00821233721365436,0.0146591149664431,0.00148644525362704,0,0,6.84874817673373e-05,0.000858945260034537,0.00159090980759742,0,0,0.000707085567927729,0.00018727983332941,0,0.00471944048553558,0,0.000597267788016859,0,0.012936804173954,6.28867695063803e-05,0.000524247874184976,0.00598093182138233,0,0,0,0,0.00134479730671799,0.00383449482442343,0.00181429770622875,0.00671595209170724,0.0103208559059444,0.0103666331240484,0.0117510014610203,0.00125278606238458,2.71247990935915e-05,0.000169723263308524,0.000111217295602443,0,0,0.00102119851811214,0.0105732609502851
0.0579826789452765,0.0959444757514141,0.318869245141896,0.000541226503124053,0.0398546661957261,0.00202583216625473,0.0453778976894584,0.00292166974902459,0.0075019967949681,0.0015127236458929,0.533257329562666,0.000302408632407181,0.129738267230135,0.0531230007906256,0.000946064614796701,0.0849791538585339,0.0723565027473551,0.00388936576851858,0.465319478842449,0,0.118184912380173,0.0154312769334985,0.500092925495708,0.0507661039358059,0.297428039815592,0.246358129306138,0.413371642828927,0.23753744914288,0.544307858951988,0.161035973006583,0.0354514476054631,0.111461859486518,0.537118312142646,5.31973704779271,0.00989010048959037,0.444673632877777,3.491429805463,0,4.21109578761761,0.117029435204082,0.406822006476233,0.417415648249538,0.00642585980846918,0.00477275991787521,0.00117403069440801,0.00200600317986058,0.000281416862952097,0,0,0.000136997921724082,0.00196704703076237,0.000184167368213799,0,0,0,0,0,0.00804903478878203,0,0.000316842995788508,0.000224911220690655,0.00148925194469057,0,0.00122527725916614,0.00210267505127524,0,0,0.000360853633330431,0.000132684971816316,0.000240333708609848,0.00216254908064969,0.000919579502604837,0.0117082692101032,0.00172923556750949,0.00529398214947513,0.00774823261324954,0.00199862350933358,0.00019882106603216,0.000431246402175716,0.000104226230735806,0,0,0.000507089463518476,0.00373866151294156
0.0323195793809867,0.0472488722047589,0.236287560545669,0.000267309802770033,0,0.000474544894027205,0.0403859602939913,0.000372444759784535,0.0104734528630269,0.0009762592299773,0.0573864443682527,0,0.133824020696829,0.00495358944879485,0.00563090406799183,0.226994582801039,0.0310035049686717,0.000398211515918064,0.0633571892096042,0,0.153482316780858,0.0308522275269057,0.649489532694547,0.0806541730783304,0.0874808864088961,0.0768945506425033,0.213574391895104,0.276923969914631,0.0586607754350245,0.0730102894317917,0.0171531213884732,0,0.21974580194274,0.632807639202427,0.0147305799761211,1.20233926928877,1.7597066088656,4.21109578761761,0,0.0902238102376076,0.552889125082862,0.378488147476946,0.010468756504646,0.011133602378081,0.0020163469527079,0.00308182678197286,7.45752326375415e-05,0,0,9.96831743361355e-05,0.000498038058454719,0.00279084164183699,0,0,0,0.000149115009120784,0,0.0109589245014831,0,0.000242809937492663,0,0.000280054770594729,4.86164621612785e-05,0.00099930799847861,0.00598534850242318,7.31246766037478e-05,0,0,0,0.00122434109333248,0.00716690121325126,0.00152494021967697,0.0207111994714553,0.000343120341188344,0.00180923361411394,0.00225425191169725,0.00483081823599156,0.000389101519405986,0.000578615428678334,0,0,0,0.000180105020572332,0.0053200239772499
0.0619584569709703,0.000417328929564996,0.0011014362939289,0.028349695047208,0.827556863842792,0.642948454081118,0.0630052944354182,0.112756716519584,1.44189861069199,0.0524390837488368,0.00547691591670293,0.435121258511244,0.00131108615841821,0.0809601131278457,1.22778848797956,0.000766169040165668,6.18637466478587e-05,0,0.00277046869638304,0.0496503262350187,0.000222659849449686,0.000541003873686254,0.00201971375062333,0.135215103140677,0.000205605507385733,0.000576196762284667,0.000633013781279013,0.0604190471259812,0.652152480297781,0.000256485058783607,0,0.267757112363019,0.0059698406094793,0.26932695099958,0,1.23725784306611,0.00630149602044576,0.117029435204082,0.0902238102376076,0,7.95521218940272,0,0.000127806926026808,0,0,0,0,0,0,0.000470096559800015,0,5.37038199314352e-05,0.000116358375106035,0,0,8.23541678328784e-05,0,0.00771413603482456,0,0,0,0,0,0,0.000317943662209837,0,0,0,0,0,0,0,0.00682775359687816,0,0,9.29938762966702e-05,0.00117488488942588,0,0.000566888999488133,0,0,0,0,0
0.0118472838929118,0,0.000127903457758163,0,3.8355374267213,0.143091184334664,0.000998854300599007,0.347582707847917,0,0.000162123534169852,0.010004168830767,0,0.0441430193507558,0.0592672368764826,0.000529211770525301,0,0.000255525226375303,0,0.00823616371683058,0,0.000252259893592961,0,0.000241816618974244,0.000311762069549793,0.00111582421212595,0.00161406546566903,0.000831535344546553,0.000931143233250517,0.562726289055209,0.00172880041862737,0,1.63179883576347,0.0376615623473992,1.46835808538755,1.03513233905125e-05,0.000525490704992695,0.00820036370446566,0.406822006476233,0.552889125082862,7.95521218940272,0,0,0,0,5.58159485070375e-05,0,0,0,0,0,0,0,0.00010960755283868,0,0,0,0,0,0,0,0,0,0,0,9.79822581812953e-05,0,0,0,0,0,0,0,0,0,0,1.97351821636737e-05,0,0,0,0,0,0,0,0
0.000383492763431359,0.00190377090421831,0.00278292136556595,0,0,0,9.74663535623687e-05,0,0,0,0.00449353733077907,0,0.463701299736701,0,0.000363790092235086,0.00729970054867356,0,0,0.000151043362118769,0,0.00250861546863538,0.000617051613118768,0.0080106926576639,0.00135359687420917,1.01068778649859,0.00133565473557772,0.00273361672724037,0.0032637734754205,0.00042999633270101,8.80298058376847e-05,0.000290937542756413,0,0,0.000988530455768321,0.00173119028813376,0.126042591210067,3.03323337405359,0.417415648249538,0.378488147476946,0,0,0,0.000964752532785012,0.000478751311901102,0,0.000255086100923813,0,0,0,0,0,0,0,0,0,0,0,0,0,0,0,0.0429471070509409,0,0,0,0,0,0,0,0.000154913828776641,0,7.6076535806278e-05,0.000622455286069138,0.00704303658026258,0,2.10554507130278e-05,0.000145771278279667,0,0,0,0,0,0.000403090958426544,4.75386271542189e-05
0.0018826473243589,0.000949256513540067,0.00265433191881109,0.00017882553159757,0,0,0.00121475123124449,0,0.0119214049816787,0,0,0.00140053729547117,0.000447643176606933,0.000226130661468259,0.00285897658753543,0.0102367748690211,0.000102877393224507,0,6.7328687883342e-05,0,0.00335286986274721,0.0103431166627489,0.0108748209420014,0.0151691745226949,0.00148013379490646,0.000991754900251054,0.0037841280314663,0.00779785605763047,0.00117576808281489,0.000931690467285459,0.000115066093557937,0,0.000365711961243106,0.00143610041482702,0.0533198689615896,0.0763667270426518,0.0465866438366286,0.00642585980846918,0.010468756504646,0.000127806926026808,0,0.000964752532785012,0,5.19359258652664,1.03065108811923,1.01929167849434,0.750976788683887,0.000457676144003517,0.0121019087440657,0.0204794046059931,0.001832779939965,0.229276655883018,8.39443383578772e-05,0,0.00249237761948521,0.0298254045224897,0.000677412910964417,0.162198144235653,0.000671586566442877,0.0129655264887343,0.00125241100673207,0.00847400788314012,0.0129590816249328,0.0166538187350412,0.208116541489572,0.0541721578473786,0.00173442252915313,0.0241869965934468,0,0.23511893926547,0.0240737303941431,0.542501041104586,0.0638912529868886,0.00161765847247857,0.136543801122314,0.193880427525525,0.147150136353289,0.0733591380293223,0.077249471490057,0.000764773968538334,0.0018961556751972,0.0529102061386992,0.402164714509679,0.142655723205752
7.06411053332488e-05,0.0083192859731854,0.000233216330367608,0,0,0,0.000353646773051718,0,0.00162563033057328,0,0.000432272248466335,5.48625660416208e-05,0.00200811552420481,0,0.00625454798397225,0.00273818838639696,0,0,0.00129320131574521,0,0.000324297385441593,0.000923480497425634,0.00299921287998029,0.000786595981756679,0.0065724595024628,0.00110036065926262,0.00645792600123695,0.000838498883097374,0.000407692887300491,0,0.000247176579228126,0,0,0.000538902738768617,0.0381608539669856,0.0250840291319055,0.0157354470842872,0.00477275991787521,0.011133602378081,0,0,0.000478751311901102,5.19359258652664,0,3.51558347140901,2.67934624013155,0.0688133833323724,0.000314445229129243,2.9524166772683,0.00479403828396249,0.0147562303734923,0.324207529443495,0,0,0.000747863043714804,0.00572838504545319,0,0.00259235054647101,0.000175181173899628,1.30320644613,0.000305868769758396,0.990797509613816,0.00305882388446954,0.0100120945856837,0.133201085852621,0.236408479752602,0.0537080475656588,0.244408412443232,0,0.0336584590422053,0.0213453066465,0.332119765506851,0.0084194732482281,0.835591866286924,1.09200620877799,0.493153001106223,0.0118292329887058,0.00712266828419764,0.00359419978154004,0.0629074254916681,0.000373256333566531,0.00146576514361042,0.218843837281037,0.0585940321396622
0.000441852036820456,0.00482929975196917,0.000171070073774361,0,0,0,0.000572718161912523,0,0.00706661773443713,0,0,0,0.000887317560894555,2.88216545176571e-05,0.00107828643192563,0.00553991390835021,0,0,0.00182052505819832,0,0.000633813038178502,0.00835800176181981,0.00110774985509454,0.00792317452565257,0.00387195517023659,0.00115002849058941,0.00514678881480564,0.00280670804974076,0.000514313875556146,0.000553434776259367,0.0004866378926177,0,0,0.000624999440090853,0.0118439117659855,0.00596000157714496,0.00821233721365436,0.00117403069440801,0.0020163469527079,0,5.58159485070375e-05,0,1.03065108811923,3.51558347140901,0,2.3143970484804,0.0299660334978139,0.148317953252044,0.204399258821875,0.0555063589002574,0.00778356011763789,0.603355144998572,0,0.00215210813085838,0.00247520133530667,0.0561426593510568,0.0133110607263961,0.00906712980144676,0.00117978173435706,0.843223077433601,5.75129133538327e-05,0.102097743809676,0.0815148080160445,0.000121223507328821,0.136908563607599,0.586922266537678,0.043246458721698,0.371043453458314,0,0.450881819664666,0.0259020273864333,0.705956276491819,0.0374487609701354,0.0265812817056645,0.651849823777042,0.362406510495648,0.12907521452315,0.587986457888392,0.151292219516712,0.0155736462875033,0.0956436027946139,0.20510115824124,4.3557820495478,0.0134294781050371
0.000451339690221314,0.00280895201612023,0.000395772880995866,0,0,0,0.000135658669403146,0,0.00497003546376354,0,0,0,0.000402272250372621,0,0.00868078962358556,0.00292718308215845,4.31283184776201e-05,0,0.000542278427046535,0,0.000937970835792157,0.00469758475806552,0.00289448215249905,0.00597089830242132,0.0013925919368447,0.000431958189113579,0.00123680573015319,0.00210756607037936,0.00069658925833306,0,0,0,0,0,0.0196398563671977,0.0150680035389239,0.0146591149664431,0.00200600317986058,0.00308182678197286,0,0,0.000255086100923813,1.01929167849434,2.67934624013155,2.3143970484804,0,0.137200179476507,0.271613882668968,0.0724783762790284,0.0310492748776605,0.00173337674892327,0.259687685220276,0,0,0,0.0260652724255676,0.00034677075649716,0.00551459873878883,0.000360000818767987,0.0219126053218479,7.59429903555257e-05,0.00876552537177385,0.00732779683552716,0.00153066555252019,0.167828647112671,0.0603601168186932,0.0019988070846564,0.0679364595159701,0,0.165278271722626,0.0174302305784552,0.48258734458726,0.0252113699446669,0.00602195779331721,0.136244165806649,0.131504557432186,0.0774255649206077,0.0183606605184628,0.0380690737229273,0.000289185958988079,0.00113976844441742,0.0243737666115237,0.310991362922872,0.0161357397673821
0,0,0,0,0,0,0,0,0,0,0,0.000160653170542827,0,0,0.00216838393992474,0,0,0,0,0,0,0,2.01798539382696e-05,5.09151906873916e-05,0,0,0,0,0,0,0,0,0,0,0.00430398610049103,6.03891658280467e-05,0.00148644525362704,0.000281416862952097,7.45752326375415e-05,0,0,0,0.750976788683887,0.0688133833323724,0.0299660334978139,0.137200179476507,0,6.26936481400349,0,0.0179110904360535,0,0.00851697344864588,0.000302954206537598,0.264886132339043,0.659887187181764,0.00390937059797396,0.644206040478711,1.04443083270706,0.00766484870798173,0.00120924497842746,0.356073580219412,0,0.32859370885891,0.735268150885529,0.00722785474097743,0.000257360300988815,0.000674201815221523,0,0.00567335144991675,0.00491907880078944,0.000115418291964793,0.0239761875478088,0.00255348379799564,0,0.000764411367862669,0.00461727871854814,0.00286931804819677,0.378681143755782,0.000769170595151137,0,0.0958483741544485,0.00132027723486937,0.0699330930936272,0.00554823483804449
0,0,0,0,0,0,0,0,0,0,0,0,0,0,0,0,0,0,0,0,0,0,0,0,0,0,3.2206045578527e-05,0,0,0,0,0,0,0,0,0,0,0,0,0,0,0,0.000457676144003517,0.000314445229129243,0.148317953252044,0.271613882668968,6.26936481400349,0,0,0,0,0,0,1.64478485384993,0.189764515355836,0,0.458292029624513,0.000510167675190409,0,0.0191772310024986,0.000332030711761561,0,0.0632435201265831,0.00933999144057702,0,0.000741255243332617,0,0.000145293334907919,0,5.2509175147927e-05,0,0,0,0,0.000441063064263273,4.68880008328183e-05,0.000245793787449766,0.400877509864098,0.000547724170164093,0,3.58266291262135,0.00321440976432309,2.51661345735464,0
0,0,0,0,0,0,0,0,0,0,0,0,0,0,0,0,0,0,0,0,0,0,0,0,0,0,0,0,0,0,0,0,0,0,0,0,0,0,0,0,0,0,0.0121019087440657,2.9524166772683,0.204399258821875,0.0724783762790284,0,0,0,0,0,0,0,0,0,0,0,0,0,0.0285853450640843,0,0.288937298411341,0,0,0,0.000167813632457717,0.000421431091369277,0,0,0,0,0,0,0.0227959103715256,0.00162271168953258,0.000608153252001591,0,0,0,0.0012441435867996,0,0,0,0
0.00107002938224245,0.000376147978542748,0,0,0,0,0.000622360720898142,0,0.00714852251553283,5.19357121045901e-05,0,0,0,5.29850377074363e-05,0,0.000344421594774713,0,0,0,0,3.39145761906888e-05,0.000884177773158724,0.00021870886088342,0.0123855538931531,0,0,0.000164424360924323,0.00277825254629813,0.00035545766402764,0.000145726143217457,0,0,0.00111576155161788,0.000498768992181266,0.000147613557923284,0.000141099395015193,6.84874817673373e-05,0.000136997921724082,9.96831743361355e-05,0.000470096559800015,0,0,0.0204794046059931,0.00479403828396249,0.0555063589002574,0.0310492748776605,0.0179110904360535,0,0,0,0,0.0377836388863431,0.0177077903089522,0,0.00735109554708008,2.13034832691861,0.116613969392866,0.075436355570535,0.124714837827676,8.43211770300556e-05,0,0,3.20881004498819,0.000480813441805852,0.00252529987217424,0.0170011485379246,0,0.000939571030763792,0.0143368278766265,0.0452879400077249,0.00214000816345349,0.0919881226183577,0.102214905557879,0,0.0150389436802721,0.00418027328978617,0.165220936180095,1.6477116853606,0.284555634913038,0,0,0.0218760462170949,0.0912782038224728,0.000142435992215171
0,0.399083913291947,0.000584284830208448,0,0,0,0,0,0.0531237493394764,0,8.47482379665726e-05,0,0.00233371757314985,0,0,0.0226714008724079,0.000144886026039135,0,0.00250193058815686,0,3.8664462219081e-05,0.283997952585441,0.000187149496918994,0.0153175810062282,0.219746710437667,0.0026320151482137,0.0583064108278904,0.000922026892573203,0.000115685587086503,0.000232564300192806,0.000916193294266638,0,0,9.23756195811143e-05,0,0.000325268817776586,0.000858945260034537,0.00196704703076237,0.000498038058454719,0,0,0,0.001832779939965,0.0147562303734923,0.00778356011763789,0.00173337674892327,0,0,0,0,0,0.00825524672763699,0,0,0,0,0,0.174444560183439,0,0.000562212398184211,0,0.0126377661494741,0,0,0.0472305639623917,0.000965915204601681,0,0.00491714423393468,0,0.00027114756800807,0.753058223591378,0.00171294054207498,0.0263131785273913,0.950799161785418,0.0615356047779478,1.88682733733291,0.000607881093310214,0,0.000290687456191735,0.00195317290257544,0,0,0.00226439988621673,2.27174535769208e-05
0,0.000409673201128558,0,0,0,0,0.000690400077767843,0,0.00530234940016822,0,0,0,0,0,0.000627172620924646,0.00572581008733005,0,0,0,0,0.00031852402116886,0.00294335634953318,0.000357402449117697,0.00369207098870189,0.000416899634779894,0,0.000149568683791932,0.000956869164895952,0.000195080111149651,0.000236973993680653,0,0,0,3.39053563293036e-05,0.00382042604491906,0.00198667129552689,0.00159090980759742,0.000184167368213799,0.00279084164183699,5.37038199314352e-05,0,0,0.229276655883018,0.324207529443495,0.603355144998572,0.259687685220276,0.00851697344864588,0,0,0.0377836388863431,0.00825524672763699,0,0.000346659773015452,0,9.31633260776025e-05,0.150061892678822,0.00245185022094105,0.0056713635280843,0.00214672287396971,0.00297978962084802,0,0.00010684352178817,0.0385308829075941,0,0.0962068261340675,0.730536249110412,0.000419536317428859,0.021353289616824,0,0.174987151276037,0.0332406926135246,3.58194036385136,0.0392309176734797,0.000425220493515168,1.85796689540509,2.08331205003528,0.10490356259261,0.0093346184484227,0.033222788866957,0,0,0.0032832615410025,0.188292040043222,0.00436560266784567
0,0,0,1.90243544466779,0,0,0.000402848980230643,0,0.00131549297869573,0.121094108918903,0,0.00321744813167146,0,0,0,0,0,0,0,0.0764751720499863,0,0,0,0.965947981704063,0,0,0,0.316659103295567,7.79902836299804e-05,0,0,0,0,0.000233971637940079,0,0.000139955717080226,0,0,0,0.000116358375106035,0.00010960755283868,0,8.39443383578772e-05,0,0,0,0.000302954206537598,0,0,0.0177077903089522,0,0.000346659773015452,0,0,0.00415833953072096,0.0203666631961795,0.00114802445683219,0.162603260546316,1.31201329043781,0,0.279010543521339,0,0.010925939838472,0,0,0.00013454675835692,0,0,4.56737041251886,0.000600181153940458,0,0.000437506273467117,6.2862631248237,0,0.000138370054537201,6.97995499492564e-05,1.79574021857479,0.00431952675562595,0.000509936038879444,0,0,0,0.00143968670157869,0
0,0,0,0,0,0,0,0,0,0,0,0,0,0,0,0,0,0,0,0,0,0,0,0,0,0,0,0,0,0,0,0,0,0,0,0,0,0,0,0,0,0,0,0,0.00215210813085838,0,0.264886132339043,1.64478485384993,0,0,0,0,0,0,0.580671487021526,0,0.2172408001804,0,0,0,0,0,0.00249091698320972,0.00272950522756372,0,0,0,0,0,0,0,0,0,0,0,0,0,0.0123760920461407,0,0,0.791764510467512,0,0.178192563896243,0
0,0,0,0,0,0.000217820546145449,0,0,0,0,0,0,0,0,0.000108816950086908,0,0,0,0,0,0,0,0.000156109884092107,0,0,0,0,0,0,0,0,0,0,0,0.00641753187508727,0.000981769907427528,0.000707085567927729,0,0,0,0,0,0.00249237761948521,0.000747863043714804,0.00247520133530667,0,0.659887187181764,0.189764515355836,0,0.00735109554708008,0,9.31633260776025e-05,0.00415833953072096,0.580671487021526,0,0.0329499095727969,2.91493575368299,0.000266740036669098,1.71144943925661,0.000162838480478257,1.69757159102478,0,0.12766623852235,0.404433342118351,0,0,0,3.26006951055155e-05,0.0319236809342694,1.93701289607716e-05,0,0.000446474068536405,0.00431115455726753,0,0,0.000107481995024107,0.0401572712598378,0.033556202655362,0.00049735988843104,0,0.0393130085557719,0.000133199504719338,0.00477586075572133,1.00101213401989
0.000125375530508938,2.94131970878181e-05,0,6.56199649283181e-05,0,0,0.000233451830045397,0,0.00568613519727256,5.7007910772594e-05,0,0,0,0.000112319194265106,0,0.000458737876324024,0,0,0,0.000135219369529255,2.61918690968024e-05,0.00101684295202137,0.000168561727031181,0.0115867408474055,0,0,7.21766201977481e-05,0.00419585815349321,0.000637529428911508,7.30650620533188e-05,0,0,0.000504614218632011,0.000501193340488873,0.000310911841789336,0.000113727857490702,0.00018727983332941,0,0.000149115009120784,8.23541678328784e-05,0,0,0.0298254045224897,0.00572838504545319,0.0561426593510568,0.0260652724255676,0.00390937059797396,0,0,2.13034832691861,0,0.150061892678822,0.0203666631961795,0,0.0329499095727969,0,0.0503640250090366,0.0702348121623091,2.77251794818068,0.000217431636831368,0,0,1.41642225306043,0,0.00287787762595221,0.0203888886611471,0,0.00148533978623155,0.00567583944490566,0.269295377422895,0.000499236625100397,0.387761032650597,0.201608181220548,0,0.0344997348182143,0.0158668337425601,2.50431308088848,0.231875011829002,3.33116546732921,0,2.32921820952177e-05,0.0220320172347776,0.0652671375864557,0.000580399355554396
0,0,0,0,0,0,0,0,0,0,0,0,0,0,0,0,0,0,0,0,0,0,0,0,0,0,0,0,0,0,0,0,0,0,5.19142575419558e-05,0,0,0,0,0,0,0,0.000677412910964417,0,0.0133110607263961,0.00034677075649716,0.644206040478711,0.458292029624513,0,0.116613969392866,0,0.00245185022094105,0.00114802445683219,0.2172408001804,2.91493575368299,0.0503640250090366,0,0.00124744640662999,0.419396146652758,0.000846051699475985,0.00603990712159942,0,3.33882768960726,0.0295059042564804,5.59651899161122e-05,0.000452833327773304,0,6.06054367470366e-05,0.000556758383161379,0.00252482202609282,0,0.00285884739546864,0.00414794593944556,0,0.000629993314786655,7.56546967476307e-05,0.0143175807705521,0.0937799590758945,0.00129055946947545,0,0.0737362477558824,0.000712960053149208,0.0340000328572184,0.00818533136592749
0.00776774220172511,0.0693197767262918,0,0.0013768812559304,0,0.00291217162019536,0.0101896653116429,0.000281664445331772,0.767538660757046,0.000153131218536993,0,0.000156928486916841,0.000499439349713885,0.00151708697706417,0.00093788873083929,0.0644058279025382,0.000177526655264847,0,0.00048917912359921,0,0.00379469390109748,0.529165278990739,0.00268658148195326,0.303736343790569,0.016044368445915,0.000259440791235132,0.00755534097176942,0.0558342127892009,0.0164658625025771,0.00470095794119683,0,0,0.0166513852290504,0.0157003412639089,0.000164683544832394,0.0110905143697978,0.00471944048553558,0.00804903478878203,0.0109589245014831,0.00771413603482456,0,0,0.162198144235653,0.00259235054647101,0.00906712980144676,0.00551459873878883,1.04443083270706,0.000510167675190409,0,0.075436355570535,0.174444560183439,0.0056713635280843,0.162603260546316,0,0.000266740036669098,0.0702348121623091,0.00124744640662999,0,0.0142508219766212,0.000403940607213176,1.18545307403448,0.00387874369775282,0.0263799443967339,0,0.0930821227984994,0.000314531444792654,0,8.11154228076141e-05,1.33678825069027,0.00798144783680074,1.1411581542176,0.00845585738938362,4.52447619467852,0.0788569778054535,0.00686751159578632,0.125159033866648,0.0760255830246991,0.0171873685408616,0.00896371979977414,0.000404105415420411,0,0.00778373133673766,0.0150757061496607,1.68267738999004e-05
0,0,0,0,0,0,9.48322905037473e-05,0,0.00017595136977792,0,0,0,0,0,0,0,0,0,0,3.13379997990068e-05,0,0,0,0.000494207214414757,0,0,1.99566034686587e-05,0.00016263443498272,0.000105578450824363,7.44851097154021e-05,0,0,0.000114514518819775,0,1.29041363544513e-05,0,0,0,0,0,0,0,0.000671586566442877,0.000175181173899628,0.00117978173435706,0.000360000818767987,0.00766484870798173,0,0,0.124714837827676,0,0.00214672287396971,1.31201329043781,0,1.71144943925661,2.77251794818068,0.419396146652758,0.0142508219766212,0,0,0.354900714126519,0,0.946593108905838,0,3.66245585831041e-05,0.00022815819597941,0,0,2.18063966455556,0.00156732668056789,0,0.00353779499451208,0.167585338408127,0,0.000201492632266298,0.000164768134764221,1.39785614241489,0.0498034780480331,0.00237552585159979,0,0,0.000282346800256941,0.0084138140709353,0.00964594180675011
0,0.000173400551223279,0,0,0,0,0,0,0,0,0,0,0.000271923202927151,0,4.50333922225304e-05,0,0,0,0,0,0,0.000140347577688797,0,0.000136099521065645,0.00151226062010504,0.000858892018495216,0.0022278037307288,0,0,0,0.000349492381336823,0,0,0,0.000158992475991193,0,0.000597267788016859,0.000316842995788508,0.000242809937492663,0,0,0,0.0129655264887343,1.30320644613,0.843223077433601,0.0219126053218479,0.00120924497842746,0.0191772310024986,0.0285853450640843,8.43211770300556e-05,0.000562212398184211,0.00297978962084802,0,0,0.000162838480478257,0.000217431636831368,0.000846051699475985,0.000403940607213176,0,0,0,0.267086472853011,0.00649395360355794,0,0.000300876237411991,0.150571951606184,0.622545818927526,0.664358171598259,0,0.00115961789064791,0.000969725748819308,0.00218449882199139,0.000102401798296541,0.258344785829173,0.213051017750097,0.0422691298878633,0.000160518086962257,0.218878407826618,0.000505734224783073,0.152275224977134,0.147330936656959,0.0016348397547172,1.15584830212178,7.00761632354157e-05
0,0,0,0.0548186907486552,0,0,0,0,0.000397614319808781,0.000103489198417246,0,0.0610323565509939,0,0,0,0,0,0,0,0.0499221008522567,0,0,0.000109646698661465,0.000124636761853654,0,0,0,0.000310993331043723,0,0,0,0,0,0,0.00852831246159067,0,0,0.000224911220690655,0,0,0,0,0.00125241100673207,0.000305868769758396,5.75129133538327e-05,7.59429903555257e-05,0.356073580219412,0.000332030711761561,0,0,0,0,0.279010543521339,0,1.69757159102478,0,0.00603990712159942,1.18545307403448,0.354900714126519,0,0,0,0.00433642982643927,0.257704746695782,0,0,0,0,8.5144056306897,0,0,0.00023268554582462,0.509514655240943,0,0.000208252529518842,2.88346221782336e-05,0.00122588164539808,0.00305719758702333,0,0,0.000118965401704823,0,0.000288912334316582,0.884392275288874
0.000152671291007399,0.00771564409598521,0,0,0,0,0,0,0.000899517738064551,0,0.000325594829881587,0,0.0744478546342102,0,0,0.000121719099815717,0,0,0.000255105356163268,0,0,0.00551844974767101,0,0.000454272328799168,0.0155700943105978,0.00275537721376429,0.00599101083305071,0,0,0,0.000547109304607123,0,0,0.000121321129680811,4.54856907905867e-05,0.0019331533422441,0.012936804173954,0.00148925194469057,0.000280054770594729,0,0,0.0429471070509409,0.00847400788314012,0.990797509613816,0.102097743809676,0.00876552537177385,0,0,0.288937298411341,0,0.0126377661494741,0.00010684352178817,0,0,0,0,0,0.00387874369775282,0,0.267086472853011,0,0,0,0,0.000192922740181221,0.00107658631922607,0.000381811018136004,0.00285532485820464,0,0,0.00865443274271034,6.98234047419614e-05,0.00081939394454616,3.9179109821036,0.215400285856202,0.872850123571646,0,0.000365685171692434,0,1.73526590433968,0.000208923624643531,0,0.0115672692068209,1.51239034891653e-05
8.57957076397893e-05,0,4.57062026206854e-05,0,0,0,0.000159614841461341,0,0.00227388023990233,0,0,0,0,0,0,0.000259619545731585,0,0,0,0,1.918228630881e-05,0.000640828884413435,0,0.00387174177231386,0,0,0.000139473762531804,0.00124082776686204,0.000120696865079658,0,0,0,5.82817130250716e-05,7.13296123617674e-05,0.000111326054146952,0.000172958353835169,6.28867695063803e-05,0,4.86164621612785e-05,0,0,0,0.0129590816249328,0.00305882388446954,0.0815148080160445,0.00732779683552716,0.32859370885891,0.0632435201265831,0,3.20881004498819,0,0.0385308829075941,0.010925939838472,0.00249091698320972,0.12766623852235,1.41642225306043,3.33882768960726,0.0263799443967339,0.946593108905838,0.00649395360355794,0.00433642982643927,0,0,0.00711078084803513,0.000456965989621523,0.00949766247116268,0.000714874583306077,0.00154790955220092,0.00520975972038151,0.0467133215586148,0.000187187810345483,0.079275362577014,0.0689974287416033,0,0.0113324634817253,0.00322614161232554,0.128146125370108,6.85570452759907,0.0905551495691952,6.23781541168539e-05,0.265708392595187,0.0354362069427984,0.440649305820332,6.83342122838354e-05
0,0,0,0,0,6.6535155922063e-05,0,0,0,0,0.000292363350787184,0.00114294942824473,0,0,0.000394131794249734,0.00040277937969202,0,0,0,0,0,0,6.63556313814928e-05,2.89718097646829e-05,0,0,0,0,0,0,0,0,0,0,0.00532282393732175,0.00086208311804193,0.000524247874184976,0.00122527725916614,0.00099930799847861,0,0,0,0.0166538187350412,0.0100120945856837,0.000121223507328821,0.00153066555252019,0.735268150885529,0.00933999144057702,0,0.000480813441805852,0,0,0,0.00272950522756372,0.404433342118351,0,0.0295059042564804,0,0,0,0.257704746695782,0,0.00711078084803513,0,0.00011827141543255,0,0,0,0,0.000172039647693788,0,0.000946015193382945,0,0,0,0,0.000327457137631994,0.00372310622796773,0,0,0.000688382978098733,0,0.000191190715906035,0.183064708114537
0.00199282075861262,0.00975326691681989,0.000284577516089086,0.000327091692269632,0,0,0.00175863674754309,0,0.244073583630714,0,0,0,0,0.000351796669779645,0,0.150222825295808,0,0,0,0,0.00199764456642776,0.434315211996329,0.00432512869990699,0.114113466093324,0.00206592730364344,4.92278403062952e-05,0.00628449246491547,0.0162310480747847,0.00113119481087208,0.0012322065548959,0,0,0.000687006790132422,0.00374559034891754,0.00239666502972003,0.00865164999021621,0.00598093182138233,0.00210267505127524,0.00598534850242318,0.000317943662209837,9.79822581812953e-05,0,0.208116541489572,0.133201085852621,0.136908563607599,0.167828647112671,0.00722785474097743,0,0,0.00252529987217424,0.0472305639623917,0.0962068261340675,0,0,0,0.00287787762595221,5.59651899161122e-05,0.0930821227984994,3.66245585831041e-05,0.000300876237411991,0,0.000192922740181221,0.000456965989621523,0.00011827141543255,0,0.018728071290129,0,0.000782508435566766,0,0.494025133301111,5.18699106763693,1.63803104109562,2.02561670635639,0.00777525258933808,0.0125864506815779,1.02422787069416,0.463683698344834,0.00288520477077931,0.0144736235265401,0.000155311820982145,0.000190057694424858,0.00348882909734467,0.0386862966604061,0.00352926976301903
0,0.000564483182842759,0,0,0,0,0,0,0.000538079412099995,0,0,0,0.000319248330024391,0,0,0.000156396958459287,0,0,0,0,0,0.000525930137394957,0,4.03012041845171e-05,0.000419528078917869,0,0.000551532658252039,0.000235277088118581,0,0,0,0,0,0.000583863188271042,0.00049705521454212,0.000456794839317398,0,0,7.31246766037478e-05,0,0,0,0.0541721578473786,0.236408479752602,0.586922266537678,0.0603601168186932,0.000257360300988815,0.000741255243332617,0.000167813632457717,0.0170011485379246,0.000965915204601681,0.730536249110412,0.00013454675835692,0,0,0.0203888886611471,0.000452833327773304,0.000314531444792654,0.00022815819597941,0.150571951606184,0,0.00107658631922607,0.00949766247116268,0,0.018728071290129,0,0.00887028418218942,3.02647843281776,0,0.0457603900006192,0.00566361132395773,2.05473088603595,0.00350067581328199,0.00035076474987095,1.45179047038011,0.127331917295748,0.00822002869890888,0.90945418724349,0.012235163560768,0.000365294477324424,0.000992101065518849,0.0958697357631558,5.10947673684928,0.000352109522911983
0,0,0,0,0,0,0,0,0,0,0,0,0,0,0,0,0,0,0,0,0,0,0,0,0,0,0,0,0,0,0,0,0,0,0,0,0,0,0,0,0,0,0.00173442252915313,0.0537080475656588,0.043246458721698,0.0019988070846564,0.000674201815221523,0,0.000421431091369277,0,0,0.000419536317428859,0,0,0,0,0,0,0,0.622545818927526,0,0.000381811018136004,0.000714874583306077,0,0,0.00887028418218942,0,0.998353207055385,0,0,0.00118911374389621,0.000399187209012674,0,0,0.0899575402008676,0.00359434581469138,0,0.219172974376403,9.07709663081546e-05,0,0.000496208605430426,0,0.0722926535568049,8.31056531179529e-06
0,0.00390848957496803,0,0,0,0,0,0,0.000110714556029,0,0,0,0.00123874518122601,0,0,0.000187408325041266,0,0,0.000762553363080055,0,0,0.00083041342891629,0,0,0.00375118029682366,0.000943032053243456,0.00290258174690609,0,0,0,0.000860284417178545,0,0,0.000345664722156353,0.000211178701583272,0.000239265072885075,0,0.000360853633330431,0,0,0,0,0.0241869965934468,0.244408412443232,0.371043453458314,0.0679364595159701,0,0.000145293334907919,0,0.000939571030763792,0.00491714423393468,0.021353289616824,0,0,3.26006951055155e-05,0.00148533978623155,6.06054367470366e-05,8.11154228076141e-05,0,0.664358171598259,0,0.00285532485820464,0.00154790955220092,0,0.000782508435566766,3.02647843281776,0.998353207055385,0,0,0.00210120769328479,0.00231971862689145,0.0164394291876017,0.000220974113432404,0.00634253670558477,2.91115558870609,0.0597246419818207,0.000356849248277724,0.00553090063587829,0.000328709712047952,0.00138156470196387,0.00102553516273555,0.00142271023442328,1.21328085074369,9.18314764784505e-05
0,0,0,0.75285733396015,0,0,0,0,0.00159945791065458,0,0,0.00417109758901918,0,0,0,0,0,0,0,0.0479950795339301,0,0.000165155241754752,4.71841505766723e-05,0.00363248463215478,0,0,0,0.00156916186835842,0,0,0,0,0,0,0,0,0,0.000132684971816316,0,0,0,0,0,0,0,0,0.00567335144991675,0,0,0.0143368278766265,0,0,4.56737041251886,0,0.0319236809342694,0.00567583944490566,0.000556758383161379,1.33678825069027,2.18063966455556,0,8.5144056306897,0,0.00520975972038151,0,0,0,0,0,0,4.61418964798157e-05,0.000418657471029645,0,2.18838434825445,0,0,0,0.0153092698128259,0.00273128533823278,0.000148366260806406,0,0,0,0.000948216261613178,0
0.000214345861591553,0,0,0,0,0.000100164102844131,0.000497984172455955,0,0.0110889227977972,0,0,0,0,1.6330200350204e-05,0.000125892603882826,0.00765283075596829,0,0,0,0,0.000320115723544459,0.00975152283410244,0.000522003331251952,0.0114431872836749,0,7.55510979328386e-05,0.000336991174201744,0.00455055250103856,0.000248698792896926,0.000407648140148359,0,0,0.000144308859979349,0,0.00265906535414569,0.00103641737783818,0.00134479730671799,0.000240333708609848,0.00122434109333248,0,0,0.000154913828776641,0.23511893926547,0.0336584590422053,0.450881819664666,0.165278271722626,0.00491907880078944,5.2509175147927e-05,0,0.0452879400077249,0.00027114756800807,0.174987151276037,0.000600181153940458,0,1.93701289607716e-05,0.269295377422895,0.00252482202609282,0.00798144783680074,0.00156732668056789,0.00115961789064791,0,0,0.0467133215586148,0.000172039647693788,0.494025133301111,0.0457603900006192,0,0.00210120769328479,4.61418964798157e-05,0,0.0177867522027034,5.52486050336949,0.0407155089366804,0.000177353877145816,0.0184547221872205,0.0368186906595441,2.20042369021942,0.908001985948775,3.92517718306602,0,0.000169249749449331,0.777874164504222,1.1923681344742,0.00424626227586877
0.000896261395375471,0.192453398559916,0,0,0,0,0.00159607266503438,0.000169742207832176,0.238673968892706,0,7.70002018280868e-05,0,0.00157528241181867,0,0,0.0805141319076292,0,0,0.000512338488922995,0,0.00204374206673135,1.12217693341747,0.00300800251486134,0.0728373504331568,0.0613999620986357,0.000901650121897855,0.0264424622712609,0.0106755019956873,0.0020593253531201,0.000919486726316065,0.000268110554274906,0,0.0018834679978266,0.00263912956958526,0.000139905728483851,0.00397288701146019,0.00383449482442343,0.00216254908064969,0.00716690121325126,0,0,0,0.0240737303941431,0.0213453066465,0.0259020273864333,0.0174302305784552,0.000115418291964793,0,0,0.00214000816345349,0.753058223591378,0.0332406926135246,0,0,0,0.000499236625100397,0,1.1411581542176,0,0.000969725748819308,0,0.00865443274271034,0.000187187810345483,0,5.18699106763693,0.00566361132395773,0.00118911374389621,0.00231971862689145,0.000418657471029645,0.0177867522027034,0,0.102697535778782,0.995652307517224,0.24170320508217,0.0236939800800996,1.36568527720451,0.0319549460774998,0.00217702216656963,0.00270625320734763,0.000158787972523293,0,0.00189383639760263,0.00799553546229731,0.000221823314286717
0.00034231789755493,0.000683900572620562,0.000193302735077457,0,0,0,0.000847960451231034,0,0.022833408446966,0,0,0.000125393285324702,0,2.19641561956044e-05,0.000381506390146039,0.014184949749218,0,0,0,0,0.00115713076701491,0.0370168006292356,0.001790200141125,0.0153046718640466,6.99768356009624e-05,0,0.00063166327462838,0.00201358291781224,0.000254938590279297,0,0,0,0.00010698792322188,0.000220978321402113,0.0146025630515869,0.00313499593250033,0.00181429770622875,0.000919579502604837,0.00152494021967697,0,0,7.6076535806278e-05,0.542501041104586,0.332119765506851,0.705956276491819,0.48258734458726,0.0239761875478088,0,0,0.0919881226183577,0.00171294054207498,3.58194036385136,0.000437506273467117,0,0.000446474068536405,0.387761032650597,0.00285884739546864,0.00845585738938362,0.00353779499451208,0.00218449882199139,0.00023268554582462,6.98234047419614e-05,0.079275362577014,0.000946015193382945,1.63803104109562,2.05473088603595,0.000399187209012674,0.0164394291876017,0,5.52486050336949,0.102697535778782,0,0.0576355591300606,0.000334593729482158,0.836933809049292,1.31211065826564,0.342073868494591,0.455084701141457,0.236616150297693,0,0.000279418242786004,0.241277818508157,1.20808611908273,0.0209203122823082
0.0215198515585818,0.00898187932542754,0.000942994900379405,0.00196040090584714,0,0.000482754556130336,0.0221010158468523,0.000448042581833169,0.273925901590442,0.00141651096438564,0,0.000177832827584826,2.00408742368943e-05,0.00389281729171962,5.94861921831354e-05,0.0846082165929553,0.000172514799438591,0,0.000108999457647015,0,0.0045221220883362,0.124043054275496,0.00314726934658514,0.709157774487555,0.0020459918543,2.31067409624751e-05,0.00516885813418695,0.197094053265912,0.034141796079548,0.0105389155847778,0,0,0.0143081510195955,0.0256747022930357,0.000613698026364992,0.0179003101079477,0.00671595209170724,0.0117082692101032,0.0207111994714553,0.00682775359687816,0,0.000622455286069138,0.0638912529868886,0.0084194732482281,0.0374487609701354,0.0252113699446669,0.00255348379799564,0,0,0.102214905557879,0.0263131785273913,0.0392309176734797,6.2862631248237,0,0.00431115455726753,0.201608181220548,0.00414794593944556,4.52447619467852,0.167585338408127,0.000102401798296541,0.509514655240943,0.00081939394454616,0.0689974287416033,0,2.02561670635639,0.00350067581328199,0,0.000220974113432404,2.18838434825445,0.0407155089366804,0.995652307517224,0.0576355591300606,0,0.00687030711445666,0.00861465179921405,0.157838302193437,2.36363957500415,0.0775297509071217,0.10219125034248,8.31029179398923e-05,0.000199686318134063,0.022419014165584,0.0512888940982265,0.000875139702905015
0.000700734927877322,0.188053444869789,0.000234245690264753,0,0,0,0,0,0.0331304414366084,0,0.00097401187437007,0,0.0151606912925731,0,0,0.00797826749145717,0,0,0.00577256364918192,0,8.68592093076909e-05,0.174648300366211,0.00017780556623067,0.0126751715125227,0.507647556626394,0.00917167341226654,0.0586883657698008,0.000349254988195699,6.77532843834242e-05,0,0.00281164696640527,0,0.000263750825242486,0.000490330623314862,0,0.000201409318861266,0.0103208559059444,0.00172923556750949,0.000343120341188344,0,0,0.00704303658026258,0.00161765847247857,0.835591866286924,0.0265812817056645,0.00602195779331721,0,0,0.0227959103715256,0,0.950799161785418,0.000425220493515168,0,0,0,0,0,0.0788569778054535,0,0.258344785829173,0,3.9179109821036,0,0,0.00777525258933808,0.00035076474987095,0,0.00634253670558477,0,0.000177353877145816,0.24170320508217,0.000334593729482158,0.00687030711445666,0,0.264429759084086,1.9272671398153,0.000447264937360625,2.3406721820992e-05,0,0.127137258695642,0,0.000188623924560328,0.00596612582920342,2.1236514763114e-05
2.76816553589189e-05,0.0370255014064673,4.58522999302342e-05,0,0,0,9.80987155322416e-05,0,0.00237682749099449,0,0.00148782038633315,0,0.0148443409631446,5.58346366337959e-05,0.000209148432975515,0.000391969366154554,6.74095986007308e-05,6.20109694540781e-05,0.00541850521891576,0,7.65154102379547e-05,0.00572917838482182,2.94724064384133e-05,0.00140881337884393,0.0715386392360649,0.0217798013362105,0.0759177796927347,8.49363445694913e-05,0.000125482288324904,1.81096344915436e-05,0.00411668476185848,0,0,0.00195309016799729,0.00227603524706951,0.000692619120231744,0.0103666331240484,0.00529398214947513,0.00180923361411394,0,0,0,0.136543801122314,1.09200620877799,0.651849823777042,0.136244165806649,0.000764411367862669,0.000441063064263273,0.00162271168953258,0.0150389436802721,0.0615356047779478,1.85796689540509,0.000138370054537201,0,0,0.0344997348182143,0.000629993314786655,0.00686751159578632,0.000201492632266298,0.213051017750097,0.000208252529518842,0.215400285856202,0.0113324634817253,0,0.0125864506815779,1.45179047038011,0.0899575402008676,2.91115558870609,0,0.0184547221872205,0.0236939800800996,0.836933809049292,0.00861465179921405,0.264429759084086,0,3.88920605888448,0.0131742556872098,0.00917979169860676,0.0102376786026423,0.38784778062273,0.000335792764636882,0.0007118815328891,0.321194398699596,0.00224402933592406
0.000144611964649786,0.122386471742259,0.000251089790134051,0,0,2.84900971489347e-05,6.13421509593187e-05,0,0.0275241229994531,0,0.00234711532823621,0,0.0228492630405741,2.09791450333403e-05,0.000248810671725686,0.0091642083136927,0.000492226555151993,4.5441518522375e-05,0.00814167260816303,0,0.000245600351446455,0.14241918594799,0.00110200305932672,0.0167693141972483,0.165647991055483,0.0280408278183154,0.202044139276696,0.00211421224281787,0.000313840160459961,0.000133705233179861,0.0039893588619443,0,0,0.00343993388059264,0.00457576109008051,0.00211297248816496,0.0117510014610203,0.00774823261324954,0.00225425191169725,9.29938762966702e-05,1.97351821636737e-05,2.10554507130278e-05,0.193880427525525,0.493153001106223,0.362406510495648,0.131504557432186,0.00461727871854814,4.68880008328183e-05,0.000608153252001591,0.00418027328978617,1.88682733733291,2.08331205003528,6.97995499492564e-05,0,0.000107481995024107,0.0158668337425601,7.56546967476307e-05,0.125159033866648,0.000164768134764221,0.0422691298878633,2.88346221782336e-05,0.872850123571646,0.00322614161232554,0,1.02422787069416,0.127331917295748,0.00359434581469138,0.0597246419818207,0,0.0368186906595441,1.36568527720451,1.31211065826564,0.157838302193437,1.9272671398153,3.88920605888448,0,0.03943898989198,0.00451056344866681,0.00480405940364853,0.231876135919461,0.000146306089379258,0.00041287419346927,0.119227461208366,0.00613786181466677
0.0030852045139552,0.000717820343247926,0.00033822870147167,0.000141964423515863,0,9.09562238031625e-05,0.00500921531519065,0,0.0494651851162299,0.000255618433422458,8.58151776905536e-05,0.000104832895520018,0,0.000845352177653044,0,0.0129060240281968,0,0,0,0,0.00166137222910317,0.018357555008996,0.000803358468336622,0.149319951283897,0.000342120939066222,2.02583417724885e-05,0.000920664672008512,0.0433305734330917,0.00928313330265445,0.00284632325320819,0,0,0.00388664260010357,0.00656200640066181,0.0016989440178268,0.00430136825371425,0.00125278606238458,0.00199862350933358,0.00483081823599156,0.00117488488942588,0,0.000145771278279667,0.147150136353289,0.0118292329887058,0.12907521452315,0.0774255649206077,0.00286931804819677,0.000245793787449766,0,0.165220936180095,0.000607881093310214,0.10490356259261,1.79574021857479,0,0.0401572712598378,2.50431308088848,0.0143175807705521,0.0760255830246991,1.39785614241489,0.000160518086962257,0.00122588164539808,0,0.128146125370108,0.000327457137631994,0.463683698344834,0.00822002869890888,0,0.000356849248277724,0.0153092698128259,2.20042369021942,0.0319549460774998,0.342073868494591,2.36363957500415,0.000447264937360625,0.0131742556872098,0.03943898989198,0,0.158726992801626,1.39334725518773,0,0.000457306378812541,0.066527044843459,0.161356387918342,0.00322241306309412
0.000697397837445379,6.92700994084673e-05,5.14399339971074e-05,7.26561607052555e-05,0,9.01664639741404e-05,0.000629865443544526,0,0.00509209484140833,6.35578113487162e-05,0,0,0,7.91402112078376e-05,3.99867910939123e-05,0.000136128314597287,0,0,0,0,8.82819587247313e-05,0.00184366712869737,0.000110907203132234,0.0131732654304862,5.1094887158468e-05,1.82710049995169e-05,0.000226531045047014,0.0042428465493102,0.000809512045730935,0.00048887367272791,0,0,0.000235524661272033,8.36644914038983e-05,8.82729064332012e-05,8.2738904566965e-05,2.71247990935915e-05,0.00019882106603216,0.000389101519405986,0,0,0,0.0733591380293223,0.00712266828419764,0.587986457888392,0.0183606605184628,0.378681143755782,0.400877509864098,0,1.6477116853606,0,0.0093346184484227,0.00431952675562595,0.0123760920461407,0.033556202655362,0.231875011829002,0.0937799590758945,0.0171873685408616,0.0498034780480331,0.218878407826618,0.00305719758702333,0.000365685171692434,6.85570452759907,0.00372310622796773,0.00288520477077931,0.90945418724349,0.219172974376403,0.00553090063587829,0.00273128533823278,0.908001985948775,0.00217702216656963,0.455084701141457,0.0775297509071217,2.3406721820992e-05,0.00917979169860676,0.00451056344866681,0.158726992801626,0,2.81535894449839,8.46841540922622e-05,1.38885148307481,2.4410309101132,3.61225051952888,0.00032896859400653
0.00128261726920384,0,0,0,0,0,0.00132148378569583,0,0.0106851947275363,0,0,0,0,0,5.99014461910574e-05,0.00104096161727777,0,0,0,0,0.000183174155886031,0.00310308942135839,0.000179369974119323,0.0165233967103797,0,0,5.08377284874294e-05,0.00552302128733228,0.00156107974349202,0.000133507405161014,0,0,0.000429055243828415,0.00123322073581232,0.000306066589609057,0.000118369403984962,0.000169723263308524,0.000431246402175716,0.000578615428678334,0.000566888999488133,0,0,0.077249471490057,0.00359419978154004,0.151292219516712,0.0380690737229273,0.000769170595151137,0.000547724170164093,0,0.284555634913038,0.000290687456191735,0.033222788866957,0.000509936038879444,0,0.00049735988843104,3.33116546732921,0.00129055946947545,0.00896371979977414,0.00237552585159979,0.000505734224783073,0,0,0.0905551495691952,0,0.0144736235265401,0.012235163560768,9.07709663081546e-05,0.000328709712047952,0.000148366260806406,3.92517718306602,0.00270625320734763,0.236616150297693,0.10219125034248,0,0.0102376786026423,0.00480405940364853,1.39334725518773,2.81535894449839,0,0,0.00163056124276682,0.776878490327884,0.629172899780551,0.000504110447641624
0,0.00146200397846534,0,0,0,0,0,0,0.000193097876018173,0,0,0,0.000575772804865539,0,0,0.000102581171624578,0,0,0,0,0,0.000459935701134812,0,0.000111862922663782,0.00139419869378305,0.000500293802973363,0.000751763750395953,0,0,0,0,0,0,0,0,0,0.000111217295602443,0.000104226230735806,0,0,0,0,0.000764773968538334,0.0629074254916681,0.0155736462875033,0.000289185958988079,0,0,0.0012441435867996,0,0.00195317290257544,0,0,0,0,0,0,0.000404105415420411,0,0.152275224977134,0,1.73526590433968,6.23781541168539e-05,0,0.000155311820982145,0.000365294477324424,0,0.00138156470196387,0,0,0.000158787972523293,0,8.31029179398923e-05,0.127137258695642,0.38784778062273,0.231876135919461,0,8.46841540922622e-05,0,0,0,0,0.00231320526347237,0
0,0,0,0,0,0,0,0,0,0,0,0,0,0,0,0,0,0,0,0,0,0,0,0,0,0,0,2.98013618261438e-05,0,0,0,0,0,0,0,0,0,0,0,0,0,0,0.0018961556751972,0.000373256333566531,0.0956436027946139,0.00113976844441742,0.0958483741544485,3.58266291262135,0,0,0,0,0,0.791764510467512,0.0393130085557719,2.32921820952177e-05,0.0737362477558824,0,0,0.147330936656959,0.000118965401704823,0.000208923624643531,0.265708392595187,0.000688382978098733,0.000190057694424858,0.000992101065518849,0.000496208605430426,0.00102553516273555,0,0.000169249749449331,0,0.000279418242786004,0.000199686318134063,0,0.000335792764636882,0.000146306089379258,0.000457306378812541,1.38885148307481,0.00163056124276682,0,0,0.0122172289326248,1.21106449283325,0
0,0,0,0,0,0,0.000452444805219201,0,0.00291055427616433,0,0,0.00037590745994117,0,0.000114837727350131,0,0,0,0,0,0,0.000188329110683487,0.00088037877653715,2.76408293941577e-05,0.00491067883359755,0,0,0,0.00157834130067293,5.34575956332162e-05,0,0,0,0.000242141631237055,0.000996068282213184,8.15940286250072e-06,0.000508188716583524,0,0,0,0,0,0,0.0529102061386992,0.00146576514361042,0.20510115824124,0.0243737666115237,0.00132027723486937,0.00321440976432309,0,0.0218760462170949,0,0.0032832615410025,0,0,0.000133199504719338,0.0220320172347776,0.000712960053149208,0.00778373133673766,0.000282346800256941,0.0016348397547172,0,0,0.0354362069427984,0,0.00348882909734467,0.0958697357631558,0,0.00142271023442328,0,0.777874164504222,0.00189383639760263,0.241277818508157,0.022419014165584,0.000188623924560328,0.0007118815328891,0.00041287419346927,0.066527044843459,2.4410309101132,0.776878490327884,0,0.0122172289326248,0,1.06864341960767,9.92596166346342e-05
0.000755897310904358,0.000567905965963546,8.58301201528858e-05,0,0,0,0.000741454380365453,0,0.00795766349367496,0,0.00023861301083767,0,0.000891506579551605,0.000206706671520546,0.000655909857931002,0.00190685726125904,0,0,0.000186870325088725,0,0.000338901209082883,0.00380663580073346,0.000398190405529262,0.0081121039296227,0.00256225836525963,0.000504131787266877,0.00220848631372414,0.00363884973349919,0.00121740664973417,0.000220423026641385,0,0,0.000333275170243518,0.000877743737588933,0.00217414987802682,0.00179705942374148,0.00102119851811214,0.000507089463518476,0.000180105020572332,0,0,0.000403090958426544,0.402164714509679,0.218843837281037,4.3557820495478,0.310991362922872,0.0699330930936272,2.51661345735464,0,0.0912782038224728,0.00226439988621673,0.188292040043222,0.00143968670157869,0.178192563896243,0.00477586075572133,0.0652671375864557,0.0340000328572184,0.0150757061496607,0.0084138140709353,1.15584830212178,0.000288912334316582,0.0115672692068209,0.440649305820332,0.000191190715906035,0.0386862966604061,5.10947673684928,0.0722926535568049,1.21328085074369,0.000948216261613178,1.1923681344742,0.00799553546229731,1.20808611908273,0.0512888940982265,0.00596612582920342,0.321194398699596,0.119227461208366,0.161356387918342,3.61225051952888,0.629172899780551,0.00231320526347237,1.21106449283325,1.06864341960767,0,0.00289580812887721
7.96865697076481e-06,8.28834934324389e-05,0.000924646755839112,0,0,0.000589432887351465,0.0001723313340854,0,0.000213637162232772,0,3.01894089954262e-05,0.0116695523526258,4.76256254211232e-05,0,0.00381926524973032,0.00125542018790677,0.000123352991687314,0,7.74453115716608e-05,0,0.000931497446197687,6.90630870620275e-05,0.00668320154069539,0.000322874637524181,7.52586028435545e-05,0.000359089437883105,0.00223900671687692,0.001704431287438,6.16177864174805e-05,7.72802530435825e-06,1.11489247735696e-05,0,0,0.000213378769428482,1.28584164803541,0.0114622345445302,0.0105732609502851,0.00373866151294156,0.0053200239772499,0,0,4.75386271542189e-05,0.142655723205752,0.0585940321396622,0.0134294781050371,0.0161357397673821,0.00554823483804449,0,0,0.000142435992215171,2.27174535769208e-05,0.00436560266784567,0,0,1.00101213401989,0.000580399355554396,0.00818533136592749,1.68267738999004e-05,0.00964594180675011,7.00761632354157e-05,0.884392275288874,1.51239034891653e-05,6.83342122838354e-05,0.183064708114537,0.00352926976301903,0.000352109522911983,8.31056531179529e-06,9.18314764784505e-05,0,0.00424626227586877,0.000221823314286717,0.0209203122823082,0.000875139702905015,2.1236514763114e-05,0.00224402933592406,0.00613786181466677,0.00322241306309412,0.00032896859400653,0.000504110447641624,0,0,9.92596166346342e-05,0.00289580812887721,0
