0,0,0.00891654424141765,0.00592715478859022,0,0.00464904269414381,1.24687595012293,0.474832112878878,0.00370382631037779,0.0418854711367937,0,0.00103879527123679,0,2.62558959568244,0,0,0.00595327433870897,0,0.000115224497662917,0.0173849646411574,0.00150169600631856,0.000402920186278431,0.00431678683568079,0.0109171207628497,0,0.00197555263720962,0.000921957576162709,0.0139066859196364,1.57355222060828,0.169362792877636,0,9.84662953556576e-05,0.0218366107575547,0.016808793564063,0,0.00152608597293733,0.000418771171281179,0.00566703298897289,0.00088979278064568,0.00208644304513081,0.00113362231294537,0,0,0,0,0,0,0,0,0,0,0,0,0,0,0,0.000297434374467078,0.00247767299121889,0,0,0,0,7.44811065893723e-05,0,0,0,0,0,0.000874850590439367,0,0,0,0.000497494818492211,0,9.16644715558334e-05,0,0.000148037774565122,0.000201084792851213,0,0,0,0,0,0
0,0,0.000131859591410871,0,0,0,4.88275608234367e-05,0,0.106602007399933,0,0.0104059106806882,0,0.134240287120235,0,0,0.0460028241710787,0.000790229926499182,0.00341701771490695,0.0124435816712619,0,0.000297080766752686,1.92433978070212,0.000420447296914101,0.063730997230968,1.37200400452969,0.0235352823813333,1.44566889180559,0.00194908244026442,0.000573133962818693,0.0025679605475982,0.0249690713558182,0,0.000561377635445542,0.0054093466772939,2.59066071750168e-05,0.00512484554804533,0.0111475527891595,0.0118248859210553,0.00266569407475323,0.000308198835941333,0,0.000616685385874463,0.000371364392025001,0.000229831578273438,0.000641359502075499,0.00223561726307304,0,0,0,0,0.606207753880398,0.00414971879115208,0,0,0,0.000208448798416068,0,0.00670893162680696,0,0.000193454293587645,0,0.00700025885238829,0,0,0.0104273236841902,0.00392807509359219,0,0.000908821653163944,0,0.000124503315177998,0.205642165687283,0.000191265593853076,0.00236512202626033,0.248628443679329,0.00430678438750733,0.119216860571561,0.000226344158019124,3.84869079765302e-05,0.000108350144554486,0.00140623112950089,0,0,0.00052696782392491,5.37625864840408e-05
0.00891654424141765,0.000131859591410871,0,8.16852914375787e-05,0,0.000358187892922945,0.0755308146150087,0.0114172155002745,0.000690292005032674,0.000932988561563388,0.000278535147985408,0,0.000196135874954606,0.00791726436654945,0,0.0139321280913486,0.909238273316389,0,0.0130764924888929,7.5091250323513e-05,0.135418951011531,0.001165546717883,5.08351070976753,0.00507810957115828,0.00022757852928095,1.26707373322088,1.20469759143107,0.146958352769853,0.0176399398437108,0.075828497170231,0,0,0.00199467383996728,0.102816855841288,0.00071018069584891,0.0263715674296331,0.111186015915974,0.119683293281246,0.0215888930650333,0.00250069534615356,0,0.000432313724275787,0.000194422228177171,0.000302808501904641,0.000202228602563291,5.35583126921044e-05,0.000312574984767449,0,0,0,0,0,0,0,0,0,0,0.000343829659604895,0,0,0,0,0,0,0,0,0,0,0,0,0.000954037781748016,0,4.83650479385579e-05,6.93703569617822e-05,0,0.000818304761002303,0,0,0,7.46775140574585e-05,0,0,0,0.000284073128765116
0.00592715478859022,0,8.16852914375787e-05,0,0,0.022033231530929,0.0534411809711169,0.0181764596834649,0.200835641673622,1.3747454534376,0,1.77718142962709,0,0.0087046262406277,0.000237498014858777,0,0,0,0.000156296515498632,8.43910706603449,3.93922270857461e-05,0,0.000206647022854122,5.66585869377879,0,0,1.78317512441941e-05,1.58088986095173,0.0207238149511412,0.000743708099755613,0,0,0.00593136929401371,0.00971162649458772,0,0.00161509877509479,0,0.00344065771653022,0.00285039987719149,0.0070175029346288,0.000900031187672538,0.000464141788006384,0,0,0.000261762357247466,0,0.000264773889386459,0,0,0.000301242725100792,0,0,0.0187789950005757,0,6.25528496297654e-05,0.000127926245986714,0.00031341778085871,0.00324889824139778,0.000385678994832923,0,0.049822642694198,0,0.000660668624352218,0,0,0,0,0,0.00692959840331063,0,0,0,0.271180915603996,0,0,0,0.000686990410427066,0.000939481160920505,0.000461918670763284,0,0.000107560975428755,0,0,0
0,0,0,0,0,0.139409988021882,0.000102892024844176,0.216731111856802,0.000175032577950452,0.000163342433207311,0.00663044679676938,0,0.000180384678101712,0.00104704422141217,0.00276461858144565,0,0,0,0,0,0,0,0,0,0,0,0,3.78945431661823e-05,0.0595316336764472,0,0,1.83300068819884,0.00119765024035056,0.0476180897638066,0,0.000308049917022301,0.000598192127234942,0.00928073599735705,0.00184473252207695,1.17687090466901,2.71435054803463,0,0,0,0,0,0,0,0,0,0,0,0,0,0,0,0,0,0,0,0,0,0,0,0,0,0,0,0,0,0,0,0,0,0,0,0,0,0,0,0,0,0,0
0.00464904269414381,0,0.000358187892922945,0.022033231530929,0.139409988021882,0,0.0694519703874361,2.22163971651983,0.031504467414517,1.21680084681706,0.000752299231119913,2.20410558929943,0,0.11309445522757,2.53635635594465,0,0.000275128840147876,0,0,0.370713025626153,0,0,0.000257923755517295,0.0761286359471471,0.000122374276071001,0.000105563747585436,9.10172796913856e-05,0.049205746305422,0.115039414878997,0.000537355813646624,0,0.0737057144211927,0.00119842698162631,0.050438925326771,0.387359065758466,0.00022775108310609,0.000463822494695069,0.00493544635453292,0.000297387258830757,0.592434580192759,0.0904780229785027,0,0.000197931851129975,0.00019183219430573,0.00161903871645493,0.000285165697634201,0.000407300722518335,0,0,0.000987216584983357,0,0,0.000727219391043065,0,0.000369829795398903,0.00165630254893707,0.00141161595971893,0.00722819112037817,0.000513785729804933,0,0.00190873077697225,0,0.00105661728883615,0,0.000329114694745074,0,0,0,0.00198652378016248,0,0,9.47502617751166e-05,0.00573332965331907,0,0,0,0.0013793772882089,0.00163620586885237,0.00171910481579247,0,6.82509057737795e-05,8.68391274144904e-05,0.000717822855081846,0.000437035324564121
1.24687595012293,4.88275608234367e-05,0.0755308146150087,0.0534411809711169,0.000102892024844176,0.0694519703874361,0,0.227855135327321,0.0231505671407162,1.80988614607943,0.000203654086380453,0.00457027585144143,0.000287541507209872,0.411236232710532,0.000337890181902856,0.0108799659372171,0.0117017355078296,4.65476845726183e-05,0.00150404666134603,0.0272269844929291,0.0311255104982002,0.002466859128213,0.0733198564228781,0.352278869426774,7.36683086217452e-05,0.0119642301797733,0.00769151521381607,3.36511272065553,0.0793050163167045,1.02492908445663,0,0.000130669473664046,0.00956066049359803,0.0479926768169669,0.000112385444786126,0.0121587416514376,0.00508354952857501,0.0228116876533287,0.00681175540309276,0.00800794450009508,0.000774785406259685,0.000233348389662606,0.000124823519885129,0,0.000128593447786492,0.000237524604345548,8.38937652802275e-05,0,0,0.00015137056296684,0,0,0.000167242440617333,0,0,0.000119806905911105,0,0.0042136678670813,0.000149098545839511,0,0.000305561886370439,0,0.000155315054836525,0,0,0,0,0,0.000745341873787289,0,0.000448433705625474,0,0.00132337727890642,0,0,2.3272311705135e-05,0.00049646761468708,0.000365321960742763,0.000597579974498804,0,0,0.000132717935987438,0.000170304655089846,3.98077282386935e-05
0.474832112878878,0,0.0114172155002745,0.0181764596834649,0.216731111856802,2.22163971651983,0.227855135327321,0,0.0144907202929803,0.544169871746584,0.000373426388909484,0.0766039090313044,7.32495280573097e-05,2.03665794406681,0.0010817339330944,0.000225641410830221,0.00495226069796487,0,0.000426572123601898,0.112518048004384,0.00154211537418118,0.000514754597119945,0.00536981097054361,0.0343860565678834,0,0.00341367208557379,0.00154632139092647,0.0332596010789933,0.162297710333464,0.0304788143355018,0,0.0963064189915624,0.00171618547997181,0.0369684903617046,7.70652892744406e-05,0.00230040454742291,0.0008678911902184,0.00834656552268542,0.000635587653901557,0.0334909552199015,0.121844836131443,0,0,0,0.000148580140052548,0.000180087627900033,0.000110003158839792,0,0,5.50832617885258e-05,0,0,0.000368889613533061,0,0.00014906512907365,0.000546943691421145,0.00042716956373431,0.00416634390216661,0.000131525329220139,0,0.000685792015398854,0,0.000440428018753901,0,0,0,0,0,0.000622511564930333,0,0,0.000103922939584121,0.00140453877274101,0,0,5.16436595958993e-05,0.000258780947502307,0.000736492652983448,0.000851519120624129,0,0,0,0.000109540170969585,0
0.00370382631037779,0.106602007399933,0.000690292005032674,0.200835641673622,0.000175032577950452,0.031504467414517,0.0231505671407162,0.0144907202929803,0,0.0211042254906464,0.00156915472094693,2.54846898019009,0.0148795421699804,0.00839417412291639,0.312108117138008,0.0322343681420882,0.000467104929854476,0.000323833025832312,0.00203305968015022,0.13062880467257,0.000882314811269467,1.76618504310808,0.00102362964988053,5.08771963857898,0.0647851232869391,0.0045266001699632,0.0346965635797202,0.100395681519124,0.0283037770520044,0.0245631933398665,0.00483781196305087,0.000184659602771271,0.0170216338564117,0.0245501532156589,2.76701929327348e-05,0.322476109816979,0.010876439391662,0.0210621306077418,0.0191160234139825,1.65489533987003,0.00132877098142952,0.000177371348252353,0.00194698613004691,0,0.00642497532552339,0.00886172369390386,0.0376730281817845,0.000189555669962715,0,0.00404842059153644,0.00984754573182107,0,0.013654644303962,0,0.00313207226376258,0.00465196556830846,0.0065957428590538,0.717760951878152,0.00614291157341025,0.000322541212434842,0.0177685523697536,0.000184625085323068,0.00834754346044767,0.000537704940815136,0.0127682966572961,0.000585171420893357,0,0,0.0427244404738105,0.000196647768843601,0.0837472276353066,0.000879802376124213,0.0732420256380074,0.00386123191681094,0.000120693224244163,0.00363184238445545,0.00862392145646226,0.0105644528079126,0.00664574523623992,0,0.000227205154466538,0.00186573639074275,0.00469360830290202,6.18901598290156e-05
0.0418854711367937,0,0.000932988561563388,1.3747454534376,0.000163342433207311,1.21680084681706,1.80988614607943,0.544169871746584,0.0211042254906464,0,0.00026276140093887,1.8969140897522,0,0.337051286499118,0.00189072384833005,5.8096174995006e-05,0,0,9.09288965870655e-05,3.74716650089422,0.000256202058570958,3.18368755495046e-05,0.000204177817004249,0.117830924354824,0,0.00034915945752047,0,0.868104598837194,0.0292020120263642,0.000739201442416033,0,0,0.00149760572277333,0.0150316816547545,0,0.000343663668105767,0.000205223735772019,0.00397410821137043,0.000108801703972974,0.0151680210225686,0.000375719949755275,0,0,0,9.74471482445968e-05,0.000159971122520482,8.47147465873584e-05,0,0,0.000101469496853906,0,0,0.000106267213873839,0,0.000159904405975521,0.000108335721145678,0.000337377301066156,0.00347834475376251,0.000300417026067906,0,0.00288516822157712,0,0.00019893756125873,0,5.60756072014832e-05,0,0,0,0.000985510392061492,0,5.73319525884221e-05,0,0.00182016969660174,0,0,0,0.000722232883675344,0.000651465842994872,0.000119406912673092,0,0,0,2.23679434648938e-05,0
0,0.0104059106806882,0.000278535147985408,0,0.00663044679676938,0.000752299231119913,0.000203654086380453,0.000373426388909484,0.00156915472094693,0.00026276140093887,0,7.70918646307685e-05,1.8039231803227,0.00048355843162923,0,9.73668926088789e-05,4.94111250828096e-05,1.23056664697023,0.174813802815959,0.000138565733723147,2.58047452584984e-05,0.00435007201273766,9.55762409193227e-05,0.00101817593642408,0.451816264890274,0.248477903360708,0.0441639748707973,0.000398070338692632,0.0173060759865182,0.000187787730239442,0.460145212191093,0.00440821152677432,0.000665358340204173,1.00597062130878,2.19846607647511e-05,0.0191543859136922,0.565064517335282,0.901214695266961,0.0424295234850967,0,0.0113239757503728,0.234110433651342,0.000342272592218777,0.000650653577221297,0.000105413845613976,0.000244196781572126,0,0,0,0,0.00343765864128414,0,0,0,0,0,0,0.000303742303281444,0,0.000690198953596653,0,0.00378380341500729,0,0,0,0,0,0.000127930956590144,0,0,0.000945300713072897,0,0,0.033484826816628,0.00377621887112022,0.00843515453530435,0,0,0,0.0011926166372262,0,0,0.000138980176484752,2.36346827806429e-05
0.00103879527123679,0,0,1.77718142962709,0,2.20410558929943,0.00457027585144143,0.0766039090313044,2.54846898019009,1.8969140897522,7.70918646307685e-05,0,0,0.00478943499435873,0.299838150204007,0,0,0,0,5.8204335522632,0,0.000156271217129307,0,1.42285583794068,0,2.32328999831132e-05,0,0.0177444874051989,0.00718982233437137,3.45220986886635e-05,0,0.000251794837729113,0,0.00445259041879924,0.227971507837937,0.0273001709310776,6.23478309443558e-05,0.00200636080792758,0.000156408924717473,0.220860837910851,0.000226835635820731,0,0.000110725749873361,0,0.000157452612881075,0.000368245193128256,0.000896756614490582,0,0,0.000442277024767881,0,0,0.000191476291983359,0,0.000216002683257145,0.00042865102562223,0.00019686416405618,0.00330925046427292,0.000275115867829873,0,0.331407761229117,0,0.000225925166315919,0,0,0,0,0,0.00123477184959375,0,0,0,0.00210853424552043,0,0,0,0.000284633121214146,0.0004257608885601,0.000279614918745489,0,0,7.61563554964291e-05,0.000134459867091207,0.00106917837068577
0,0.134240287120235,0.000196135874954606,0,0.000180384678101712,0,0.000287541507209872,7.32495280573097e-05,0.0148795421699804,0,1.8039231803227,0,0,0,0,0.0048934290587299,0.000291269613258593,0.00257640837722975,0.0016734746115536,0,0.000387948942799612,0.042330397044431,0.00338125903741359,0.00840297620645986,3.53986267355699,0.0515065702114882,0.457194268324982,0.001580662276501,0.00177189273017834,0.000818299276062929,2.61664815064354,0.000245231487615051,0.00090034357067418,0.0172945571629829,0.00156459722547748,0.473638180086686,0.715198171583577,0.295667728085253,0.328149886035299,0.00019137590718472,0.0201143947131729,1.0849925272075,0.0173327929031883,0.00722024597888393,0.00286343706526594,0.00184907323892718,0,0,0.000593061012588676,0.000141840314180339,0.0249532821285183,0,0,0,0,6.25054322487802e-05,0,0.00102100065380272,0,0.00298665945814947,0,0.241701211896184,0,0,0.000318171397293067,0,0.000883855208114767,0.00104669619888887,0,0,0.00817740886367957,0.000254318576744529,0,0.174846457982751,0.0153675701127825,0.0380369665102983,0.000283182284675332,6.01435051939044e-05,5.81724304598704e-05,0.0116907154502932,0,0,0.000455976993535182,0.00042834274223416
2.62558959568244,0,0.00791726436654945,0.0087046262406277,0.00104704422141217,0.11309445522757,0.411236232710532,2.03665794406681,0.00839417412291639,0.337051286499118,0.00048355843162923,0.00478943499435873,0,0,5.44444815275039e-05,0.000251131914708548,0.00340416002870387,0,0.000498553669249042,0.0278612015522055,0.000804678016837071,0.000248232123463775,0.00303936795808311,0.0174444252229643,8.47220033390259e-05,0.00175866284823935,0.00101205763530137,0.0194348121572413,6.38927643196409,0.0329002257785247,0,0.0134039535719178,0.00429921933907208,0.0718906728622842,0,0.00167416684037721,0.00015508208613756,0.0120984415787365,0.000565824279080603,0.0236093064762874,0.00463641574754026,0,0,0,7.93985058363358e-05,0.000115016102416092,8.13811551477472e-05,0,0,0.00021457236169279,0,0,0.000138675070424953,0,0,0.000422371229408457,0.000548639679652775,0.00316232050902831,0,0,0.000232646528915929,0,0.000420871146168504,0,0,0,0,0,0.000158808585383635,0,5.28009358970547e-05,2.41862068283403e-05,0.00148771566964899,0,0,0,0.000231438085375093,0.000266988677334437,0.000756319284942507,0,0,6.51517375443479e-05,0,0
0,0,0,0.000237498014858777,0.00276461858144565,2.53635635594465,0.000337890181902856,0.0010817339330944,0.312108117138008,0.00189072384833005,0,0.299838150204007,0,5.44444815275039e-05,0,0.000564331089718952,0,0,0,0.00794318470017034,0,0,0,0.00294687818205877,0,0,0,0,4.38699027780392e-05,0,0,0.000190337864588996,0,0,0.136159785023208,0.00810059362330481,0.000483010256642456,0.000810253614740915,0.00193514182720159,0.678475877429069,0.0127751707977238,0,0.000615738793442965,0.00272438304775021,0.00438303289032678,0.00231218624062793,0.000300873394194434,0,0,0,0,6.66593873915487e-05,0,0,0,0,0,0.000328100634887958,0,0,0,0,0,0.00119970228993172,0.00010764723453302,0,0,0,0,3.06013228694012e-05,0,0.000141127197412078,0.000161223639949692,0,2.8513257907389e-05,0,0,0,0,0,0,0,0,0.0185477264986026
0,0.0460028241710787,0.0139321280913486,0,0,0,0.0108799659372171,0.000225641410830221,0.0322343681420882,5.8096174995006e-05,9.73668926088789e-05,0,0.0048934290587299,0.000251131914708548,0.000564331089718952,0,0.00357718721782648,0.000163288225386488,0.000560901572342252,0,0.320357528699529,3.04456364664857,1.86638829599305,1.6190462629723,0.00930498822667429,0.00263871616115516,0.649285688587882,0.244130464709441,0.00139203851064713,0.0183320889398946,0.000287969368830268,0,0.00311468932050767,0.0905509738534542,0.00144326510613203,0.161240991142919,0.0419881648060611,0.164758422285807,0.0689592933442805,0.00323225549081779,0.000396037201773441,0.00194556079132011,0.00334820046447008,0.00140218293743274,0.00229797126524904,0.00232157639336131,0.000410177155715691,0,0.000112042249260914,0.000105359854333671,0.00214144368322541,6.81685246176067e-05,0.000333664242800284,0,6.63724437181823e-05,0.00049753355512161,0.000305917410752105,0.045039652119381,0,7.91946087540575e-05,0,0,2.38528704069596e-05,0,0.0477058297644792,0,0,0,0.000119511016133883,0.000744441748014246,0.169898694113059,0.00559850326763082,0.0135474762586362,0.000433790133277401,0,0.000701430388320537,0.00336903676780714,0.00031310613034833,0.000479991119337157,0,0,0,0,0.000514842265352635
0.00595327433870897,0.000790229926499182,0.909238273316389,0,0,0.000275128840147876,0.0117017355078296,0.00495226069796487,0.000467104929854476,0,4.94111250828096e-05,0,0.000291269613258593,0.00340416002870387,0,0.00357718721782648,0,0.000113511192686895,2.06150365507911,0,0.0508284592838988,0.00153009635034053,2.23937554823692,0.00177514158163942,0.000191581791851408,1.18512246135799,0.104285775667577,0.014594233346094,0.0786636750698434,0.0427989905701415,0,0,0.00221291785246615,0.254833950570296,0.000312305031776336,0.00651748288330622,0.293158679555631,0.0272736440249114,0.00199440207424918,0.000552056710779091,0,0,0,0,0,0.000140987011758254,0,0,0,0,0,0,0,0,0,0,0,0,0,0,0,0,0,0,0.000215562936509718,0,0,0,0,0,0.000446781910543019,0,0,8.88629893150191e-05,0,0.00050798422444187,0,0,0,0,0,0,0,3.85758121543671e-05
0,0.00341701771490695,0,0,0,0,4.65476845726183e-05,0,0.000323833025832312,0,1.23056664697023,0,0.00257640837722975,0,0,0.000163288225386488,0.000113511192686895,0,2.34213898102736,0,2.59584952238248e-05,0.0015387994876664,7.25469535687749e-05,0.000296112444994939,0.0101969013500125,0.354389829373235,0.0140943729867549,0,0.000659612547853092,0,0.00631142601003639,0.000261693913344362,0,0.00725715959849428,0,0.00182420267402599,0.0215027067934459,0.0159368528289052,0.00144013514908802,0,0.000390395177518798,0,0,0.000134996049354612,6.06406470586192e-05,0,0,0,0,0,0.00180190472351383,0,0,0,0,0,0,0,0,0.000308176113710049,0,0.000906116468211399,0,0,0,0,0.000106212519853585,0.000215259760804016,0,0,0,0,0,0.0147280420783237,0.000605054755543373,0.00249100174345623,0,0,0,0.000498428003584432,0,0,0,0
0.000115224497662917,0.0124435816712619,0.0130764924888929,0.000156296515498632,0,0,0.00150404666134603,0.000426572123601898,0.00203305968015022,9.09288965870655e-05,0.174813802815959,0,0.0016734746115536,0.000498553669249042,0,0.000560901572342252,2.06150365507911,2.34213898102736,0,0,0.00220351659525474,0.00458435753078754,0.0146048532469512,0.0018378877709197,0.0187062983080195,3.71671613106319,0.0535775366002042,0.00168905477897614,0.00328527155036694,0.00218622724540768,0.00196437315074428,0.000339064534734493,0,0.384882057797733,2.79242514754246e-05,0.0132024011407303,0.259304543829669,0.233476324171321,0.0144955078866475,0,0.00110108481390662,0,0.000169247764825574,0,0.00015728480447233,0,0,0,0,0,0.01483975757896,0,0,0,0,0,0,0.00043572637480653,0,0,0,0.00185143972816402,0,0,0.000339892234039754,0,0,0,0,0,0.000631587806767916,0,0.000258565464175672,0.025499419472884,0.000707876575317822,0.00549799848646293,0,0,0,0.000223688881796934,0,0,0,1.19514454234587e-05
0.0173849646411574,0,7.5091250323513e-05,8.43910706603449,0,0.370713025626153,0.0272269844929291,0.112518048004384,0.13062880467257,3.74716650089422,0.000138565733723147,5.8204335522632,0,0.0278612015522055,0.00794318470017034,0,0,0,0,0,7.16873023412106e-05,0.000146445614382323,0,0.503832086191009,0,8.61844013404739e-05,2.3123905855911e-05,0.412129836334382,0.0421313539113563,0.000146896309863848,0,0,0.00242617256191497,0.0277407355371294,0,0.000800040139959153,0.000105810572189131,0.00518378186160287,0,0.0509768344270743,0.0011245172209926,0,0,0.000190922590522251,0.000515632149741263,0,0.00104927206437205,0,0,0.000523103749480114,0,0,0.00158347858562172,0,0.000266866964973241,8.78906291445092e-05,0.000345922856093753,0.00908658558979402,0.000883989381029785,0,0.0773714009260711,0,0.000841656612726159,0,0,0,0,0,0.000805731695819392,0,0,0,0.0127733792892062,0,3.9384876653701e-05,0,0.000145883080864006,0.00102075082694476,0.000219998817750467,0,6.25389169954423e-05,0.000370725219367561,0.00130225734034603,0
0.00150169600631856,0.000297080766752686,0.135418951011531,3.93922270857461e-05,0,0,0.0311255104982002,0.00154211537418118,0.000882314811269467,0.000256202058570958,2.58047452584984e-05,0,0.000387948942799612,0.000804678016837071,0,0.320357528699529,0.0508284592838988,2.59584952238248e-05,0.00220351659525474,7.16873023412106e-05,0,0.0109399683792103,7.99792292934461,0.0549760865856654,0.000178997450435703,0.0119789624232332,0.0278371512333555,0.743507416834161,1.03908916947331,2.60681603699289,3.30762305942285e-05,0,1.85074318754114,0.517579538006394,0.000913196928458459,0.0675198473599125,0.0399893489000547,0.0779265949099644,0.0226837396963919,0.00177510496070088,0.000675919012582827,0.000271956176421235,0.000630436674656037,0,0.000411930782318819,7.89993623190322e-05,0,0,0,0,0.000160223331321969,0,0,0,0,3.42231101325224e-05,0,0.00182453421522326,0,0,0,0,0,0,0.000796769099784351,0,0,0,0,0,0.0024882205630607,2.02912173403072e-05,0.000791000759474839,0,0,0.000225410594076559,0.000405168247914577,7.73219146697835e-05,0,0,0,0,3.97811106014785e-05,0.000401033261502384
0.000402920186278431,1.92433978070212,0.001165546717883,0,0,0,0.002466859128213,0.000514754597119945,1.76618504310808,3.18368755495046e-05,0.00435007201273766,0.000156271217129307,0.042330397044431,0.000248232123463775,0,3.04456364664857,0.00153009635034053,0.0015387994876664,0.00458435753078754,0.000146445614382323,0.0109399683792103,0,0.0173358665395811,1.6974981804933,0.178925100740922,0.0121271475906583,1.13156791395726,0.0607079717790524,0.00244866567313875,0.0138594133514713,0.0091444997917209,7.90216044156775e-05,0.00437349047672657,0.0273605012107014,0.000262362024898668,0.0569255964842328,0.0160527440240029,0.0374023522729714,0.0192412539608873,0.00434620429525843,7.28952583629568e-05,0.000784453568581847,0.00881989423001805,0.0024421948760216,0.00253311528239968,0.00330397135708427,0.00126457937232932,0,0,0,0.0800463450441756,0.000398027248494514,0,0,7.22047838297712e-05,0.000100127032943426,0,0.0572114412086472,0,9.98830524165592e-05,0,0.00119546752259874,0.000193942149206344,0,0.254136699018223,0.000317486015263119,0,6.43238122834035e-05,0,0.00259651003855037,0.923457075803408,0.0142479647488834,0.0219770985604975,0.0252683414969146,0.00096634734524892,0.0421481711237186,0.00391673455222081,2.04951436692266e-05,0.000566615086060168,0,0,0,0.000844330951260347,0.000398712562245029
0.00431678683568079,0.000420447296914101,5.08351070976753,0.000206647022854122,0,0.000257923755517295,0.0733198564228781,0.00536981097054361,0.00102362964988053,0.000204177817004249,9.55762409193227e-05,0,0.00338125903741359,0.00303936795808311,0,1.86638829599305,2.23937554823692,7.25469535687749e-05,0.0146048532469512,0,7.99792292934461,0.0173358665395811,0,0.0420194492030937,0.000351100408107715,0.0848284917227485,0.864888029548172,0.32191323128152,0.749595874417635,0.210248721228534,0,4.03139770889238e-05,0.286682991543323,0.58530758439648,0.00511950264414348,0.171522864789098,0.495951077920418,0.320807177169374,0.0678907155029185,0.00784667819770965,0.000736702658559697,0.00131167496236834,0.00171102710812797,0.000773323759806648,0.000648485179251647,0.00163869921303829,6.57734578712876e-05,0,0,0,0.000148735128059754,0,0,0,0,0,0,0.00142540206608,0,0.000159108981826955,0,0,0,0,0.00287824044671522,0,0,0,0,7.20559112217167e-05,0.00477311579490507,0.000180096424808493,0.000283857618268867,3.31443017021918e-05,5.15059300987414e-05,0.000557228162845635,0.000105939914120261,0,2.82003135400038e-05,0,0,0,4.51695648210307e-05,0.00234530275980991
0.0109171207628497,0.063730997230968,0.00507810957115828,5.66585869377879,0,0.0761286359471471,0.352278869426774,0.0343860565678834,5.08771963857898,0.117830924354824,0.00101817593642408,1.42285583794068,0.00840297620645986,0.0174444252229643,0.00294687818205877,1.6190462629723,0.00177514158163942,0.000296112444994939,0.0018378877709197,0.503832086191009,0.0549760865856654,1.6974981804933,0.0420194492030937,0,0.027728688751579,0.0043001296416067,0.0902289772037641,2.330809384569,0.0555832100795235,0.0730095976771912,0.00145348616803515,0.000978153777836172,0.0281162770492113,0.0685648393623591,8.85947710998949e-05,0.069641248256287,0.0160888693174462,0.0425584980022234,0.0236130902685664,0.0343329952014722,0.00171108654485899,5.51166286566975e-05,0.00158205702436933,6.96401808766823e-05,0.0048507194082079,0.00239935890349126,0.00594581802438165,8.30656177513121e-05,0,0.00279153740030467,0.00512632641450593,0.000485268300708751,0.00382897176078773,0,0.00148655637527304,0.00731136799812618,0.00616962279833536,0.198404368678655,0.00460929840474743,0.000186342365778754,0.0111913939359022,0.000165602735969467,0.00835551038883295,0.000258091175720213,0.00998257176705021,0,0,0.000105787877529115,0.0162694886474072,0.000477770350103335,0.0530995450240781,0.00156240944537831,0.141672304715598,0.00134283242573809,0.000227982050763123,0.00188749622756864,0.0189526082134905,0.0110833190805669,0.0177405175385393,0,0.000585187653003946,0.000637662973455981,0.00636572851880051,0.000156700156039995
0,1.37200400452969,0.00022757852928095,0,0,0.000122374276071001,7.36683086217452e-05,0,0.0647851232869391,0,0.451816264890274,0,3.53986267355699,8.47220033390259e-05,0,0.00930498822667429,0.000191581791851408,0.0101969013500125,0.0187062983080195,0,0.000178997450435703,0.178925100740922,0.000351100408107715,0.027728688751579,0,0.124974020613657,0.829239270347053,0.00110489755080357,0.00132273338459694,0.000488605966281827,0.40448831935158,0.000380971564698761,0.000417853119561135,0.0136412027954076,2.6760279307821e-05,0.0292844330388739,0.842350808499935,0.125721380259386,0.0200235101287683,0.00133300016595056,0.000281087301015753,0.276196835686205,0.00047748936280357,0.00480850847028976,0.00324679126714376,0,0,0,0.000584384492799683,0,0.202125949475768,0.000694461791791681,0,0,0,0,0,0.00191960559319274,0,0.00621624216691331,0,0.0589082306721164,0,0,0.00108357487179038,0,0.00118205953956844,0.0040268691376167,0,0,0.0330662899004155,0,0.000380395431622262,0.764051415846422,0.0216825380055057,0.0915604364296149,0.000331090416366957,0,3.99648209738045e-05,0.0188100308715473,0,0,0.0013630877871705,0.0001373079950143
0.00197555263720962,0.0235352823813333,1.26707373322088,0,0,0.000105563747585436,0.0119642301797733,0.00341367208557379,0.0045266001699632,0.00034915945752047,0.248477903360708,2.32328999831132e-05,0.0515065702114882,0.00175866284823935,0,0.00263871616115516,1.18512246135799,0.354389829373235,3.71671613106319,8.61844013404739e-05,0.0119789624232332,0.0121271475906583,0.0848284917227485,0.0043001296416067,0.124974020613657,0,2.0050762641654,0.0175141882472932,0.0084169818128334,0.0136557797445337,0.292707491631378,0.000358022237868402,0.000776558939096755,0.115032657076333,0.000105978888568833,0.0139701805403434,0.266875137568472,0.147481277250261,0.0127780459729353,0.000126277960445754,0.000577293839278228,0.00340221634026284,0.00017789480673068,0.000835452422164146,0.000485465580902095,0.000103711085668533,0,0,0,0,0.0155910350869186,0,0,0,0,0,0,0.000136686521122241,0,0.000586963427242691,0,0.00955171177202915,0,0,0.000163402294916458,1.87621110441967e-05,0.000537759097677486,0.000353767912173568,0,0,0.00134906230485245,1.57064273799717e-05,0.000131279949631155,0.0663557549242738,0.00712204652966914,0.0307499611908827,5.31870325133112e-05,0,0,0.00237050439877552,0,0,0.000752632029432018,0.000172862749154502
0.000921957576162709,1.44566889180559,1.20469759143107,1.78317512441941e-05,0,9.10172796913856e-05,0.00769151521381607,0.00154632139092647,0.0346965635797202,0,0.0441639748707973,0,0.457194268324982,0.00101205763530137,0,0.649285688587882,0.104285775667577,0.0140943729867549,0.0535775366002042,2.3123905855911e-05,0.0278371512333555,1.13156791395726,0.864888029548172,0.0902289772037641,0.829239270347053,2.0050762641654,0,0.0269671202357241,0.00433532663758276,0.00851268483589271,0.328098911148138,0.000256132430384033,0.000813445185330502,0.13973171245874,0.00282871554257658,0.0423278487935266,0.0626086289301406,0.194728538145036,0.0327190786056624,0.00245876392491233,0.000455470071995843,0.00115576578530044,0.000831606342107541,0.00133165541940099,0.000927908197419734,0.000706210484904226,5.97917229871216e-05,0,0,3.80559390703462e-05,0.0469394019891729,0.000886382073789507,0,0,0,3.65872173870851e-05,0,0.00214145523746854,0,0.00102878631027095,0,0.00874555723463066,6.15080094614161e-05,0,0.0385040024053346,0.000337074209412871,0.000226229109599122,0.000483612654157519,0,0,0.0642011546764522,0.00119702084996003,0.00260323808050633,0.0836203006781252,0.00916214882297678,0.123285073421204,0.000151963240910985,4.51811088263176e-05,0,0.00270252672484553,0,0,0.00058564456630698,0.00168550523922668
0.0139066859196364,0.00194908244026442,0.146958352769853,1.58088986095173,3.78945431661823e-05,0.049205746305422,3.36511272065553,0.0332596010789933,0.100395681519124,0.868104598837194,0.000398070338692632,0.0177444874051989,0.001580662276501,0.0194348121572413,0,0.244130464709441,0.014594233346094,0,0.00168905477897614,0.412129836334382,0.743507416834161,0.0607079717790524,0.32191323128152,2.330809384569,0.00110489755080357,0.0175141882472932,0.0269671202357241,0,0.0653300668419669,0.988718273650886,0,0.000463565163354975,0.0382353943642724,0.141848589781059,0.000395115651616873,0.0919399422386433,0.0216826103059254,0.0819577554172497,0.0331772252815098,0.00807506880428391,0.00264040847047694,0.000457106150201191,0.000297929630177275,6.58728055736679e-05,0.000651107740774029,0.000642570748322379,0.000609160209848173,0,0,0.000683799459879021,0.000139924567510894,0,0.000450803198539984,0,9.26672759158083e-05,0.00141835887803967,0.00122350900576811,0.0268035561739576,0.000270002653475704,1.88451853699593e-05,0.00130405834136998,0,0.00101097973540808,0,0.00205293061622034,0,0,0,0.00113517679752655,5.88612654195437e-05,0.00632669029599197,0.00067129872523245,0.0108055973272433,0.000163758771571342,0,0.00010267318888154,0.00308488929059552,0.00189669383146804,0.00338930381264104,0,0,4.24033265892755e-05,0.00124575396408215,0.000283857686779284
1.57355222060828,0.000573133962818693,0.0176399398437108,0.0207238149511412,0.0595316336764472,0.115039414878997,0.0793050163167045,0.162297710333464,0.0283037770520044,0.0292020120263642,0.0173060759865182,0.00718982233437137,0.00177189273017834,6.38927643196409,4.38699027780392e-05,0.00139203851064713,0.0786636750698434,0.000659612547853092,0.00328527155036694,0.0421313539113563,1.03908916947331,0.00244866567313875,0.749595874417635,0.0555832100795235,0.00132273338459694,0.0084169818128334,0.00433532663758276,0.0653300668419669,0,3.53848520214007,0.000357061118966422,0.920904132162241,2.86559533768576,1.88546571436709,1.07080679550315e-05,0.0125023702666925,0.00972779411177964,0.285101946429913,0.0188210002029079,0.0696092183102001,0.388202202598743,0.000219904267458215,4.08960816211806e-05,0,0.000432956124352046,0.000145203683875794,0.000139401410652227,0,0,0.000580279959506635,3.32034761539989e-05,5.79777447261992e-05,8.7191237130677e-05,0,0,0.00133452572590182,0.000416284642404922,0.0126875810602806,0.000508062365059215,0,0.00118529897813685,6.47308179904495e-05,0.00118137164510644,0,0.000448527454818026,0,0,0,0.000613589049296187,0.000119757952964901,0.000648936804685795,0.000247140448618736,0.0046038708994345,0.000395907762291354,6.68799179631757e-05,0.000304125195678431,0.00274627314695946,0.00180173700158627,0.00144457211113651,0,0,0.000162078298154263,0.000658587981028369,0
0.169362792877636,0.0025679605475982,0.075828497170231,0.000743708099755613,0,0.000537355813646624,1.02492908445663,0.0304788143355018,0.0245631933398665,0.000739201442416033,0.000187787730239442,3.45220986886635e-05,0.000818299276062929,0.0329002257785247,0,0.0183320889398946,0.0427989905701415,0,0.00218622724540768,0.000146896309863848,2.60681603699289,0.0138594133514713,0.210248721228534,0.0730095976771912,0.000488605966281827,0.0136557797445337,0.00851268483589271,0.988718273650886,3.53848520214007,0,0,0.000634553247499909,0.453307261674602,0.251668458450405,3.87668383633405e-05,0.0286741375661603,0.00469891937748197,0.0498306578251794,0.0205340910765407,0.000383943590594594,0.00383356887017487,0.000102831322930093,7.51927788396594e-05,8.89371263929177e-05,0.000232497047091594,0.000459149643433126,0.000261709273429471,0,0,0,0.000137159016184041,0.000120548216337254,0,0,0,0.000532405795322111,0.000340697140123845,0.0248102727542101,7.37046785984803e-05,0,0,0,0.000177857626323708,0,0.00032249534546543,0,0,0,0.000157336253515734,0.000185784294698399,0.00366143696242516,0.000205406629636312,0.00349390324053996,0,0,1.83484893353418e-05,0.00301676694417421,0.000283896906567039,0.000884290122496714,0,3.64426691605514e-05,6.63017871633566e-05,5.80486517281287e-05,0.000121362924692805
0,0.0249690713558182,0,0,0,0,0,0,0.00483781196305087,0,0.460145212191093,0,2.61664815064354,0,0,0.000287969368830268,0,0.00631142601003639,0.00196437315074428,0,3.30762305942285e-05,0.0091444997917209,0,0.00145348616803515,0.40448831935158,0.292707491631378,0.328098911148138,0,0.000357061118966422,0,0,0,0.000317748206250384,0.00341011333264975,0,0.00224325915436605,0.0727200886516704,0.0185897172340185,0.00528858054040508,0,0,0.00537374515153623,5.46635674471144e-05,0.000942621370032329,0.00104124330026957,0,0,0,0,0,0.00547646218917375,0.000103044267671694,0,0,0,0,0,0,0,0.000437128737441709,0,0.0022222060559046,0,0,0,0,0,0,0,0,0.00134232456872629,0,3.2015667592063e-05,0.0471916980571806,0.00296148254950709,0.00619225087550695,0,0,0,0.00339757056775841,0,0,0,0
9.84662953556576e-05,0,0,0,1.83300068819884,0.0737057144211927,0.000130669473664046,0.0963064189915624,0.000184659602771271,0,0.00440821152677432,0.000251794837729113,0.000245231487615051,0.0134039535719178,0.000190337864588996,0,0,0.000261693913344362,0.000339064534734493,0,0,7.90216044156775e-05,4.03139770889238e-05,0.000978153777836172,0.000380971564698761,0.000358022237868402,0.000256132430384033,0.000463565163354975,0.920904132162241,0.000634553247499909,0,0,0.000975502872365541,0.392479002284911,0,0.00202676577317356,0.00307107327432362,0.102814337460047,0.0138872979516005,0.152602951618887,2.24924732944174,0,0,0,0,0,0,0,0,0,0,0,0,0,0,0,0,0.000254623691070912,0,0,0,8.27104046396705e-05,0,0,0,0,0,0,0,0,0,0,0.000251652741999195,0,0,0,0.000278166715661304,0,0,0,0,0,0,0
0.0218366107575547,0.000561377635445542,0.00199467383996728,0.00593136929401371,0.00119765024035056,0.00119842698162631,0.00956066049359803,0.00171618547997181,0.0170216338564117,0.00149760572277333,0.000665358340204173,0,0.00090034357067418,0.00429921933907208,0,0.00311468932050767,0.00221291785246615,0,0,0.00242617256191497,1.85074318754114,0.00437349047672657,0.286682991543323,0.0281162770492113,0.000417853119561135,0.000776558939096755,0.000813445185330502,0.0382353943642724,2.86559533768576,0.453307261674602,0.000317748206250384,0.000975502872365541,0,1.55003572181599,0,0.00876999474592808,0.00247256451471981,0.101154791719327,0.0255836995877179,0.000335410898646221,0.0119992984017798,0.000787099618387965,0.000307937442510595,0,0.000400934750154574,0,0.000211617013283493,0,0,0,0,0,0,0,0,0.000572306913853918,0.000290926821863794,0.0163693445763784,0,0,0,0,0.000334177048877603,0,0.000103483225903241,0,0,0,0.000751529716636331,0,0.000983279857747429,4.57783775872477e-05,0.00184537049984305,0,0,5.26116506387674e-05,0.00172289365091447,0.000747930886320225,0.000401487587653569,0,0,0.00160229481332791,0.00035892944618836,0
0.016808793564063,0.0054093466772939,0.102816855841288,0.00971162649458772,0.0476180897638066,0.050438925326771,0.0479926768169669,0.0369684903617046,0.0245501532156589,0.0150316816547545,1.00597062130878,0.00445259041879924,0.0172945571629829,0.0718906728622842,0,0.0905509738534542,0.254833950570296,0.00725715959849428,0.384882057797733,0.0277407355371294,0.517579538006394,0.0273605012107014,0.58530758439648,0.0685648393623591,0.0136412027954076,0.115032657076333,0.13973171245874,0.141848589781059,1.88546571436709,0.251668458450405,0.00341011333264975,0.392479002284911,1.55003572181599,0,0.00220846753311054,0.284080884044104,0.689399528190705,4.56838608081953,0.378807975294083,0.0757148493506597,0.748499858467444,0.00487287035317519,0.00123332981122766,0.000270756278172584,0.000448923190616147,0.000436604240241253,0.000115539186287698,0,9.12700128969908e-05,0.000541018075193593,0.00152024515357732,0.000139417859029154,7.72138650587534e-05,0,0,0.00131943947557235,0.000633458131302666,0.0223331548351884,0.000138109548619925,3.3027388133349e-05,0.000267773123187957,0.000391079402800878,0.000686561805835989,0.000173982324070527,0.00243164473561672,0,0,0,0,4.38649010510933e-05,0.00782802108964533,0.000434471872049822,0.00852585248867627,0.00680651153960742,0.000585319173517188,0.0044160012963917,0.004620200117257,0.00111962542760575,0.00156085599870426,0,0,0.000230207259257308,0.000159433113824024,0.000902232948625882
0,2.59066071750168e-05,0.00071018069584891,0,0,0.387359065758466,0.000112385444786126,7.70652892744406e-05,2.76701929327348e-05,0,2.19846607647511e-05,0.227971507837937,0.00156459722547748,0,0.136159785023208,0.00144326510613203,0.000312305031776336,0,2.79242514754246e-05,0,0.000913196928458459,0.000262362024898668,0.00511950264414348,8.85947710998949e-05,2.6760279307821e-05,0.000105978888568833,0.00282871554257658,0.000395115651616873,1.07080679550315e-05,3.87668383633405e-05,0,0,0,0.00220846753311054,0,0.0249219271566604,0.0265378148813765,0.0430568826999983,0.0230583379265253,0.00568922373575003,0.000715641183338291,0.000533993791619852,0.0115414736822924,0.0182871964755931,0.0170301845956984,0.0158390848447851,0.00254869231343881,0.0002829163796017,0.000345720798672146,2.49725395377346e-05,0,0.000424227928482999,0,0,0.000330354217111143,0.000284599478402285,0,0.00152899733568315,3.274932082711e-05,0.000439203794998075,0.00290354580703636,0,4.69061872529347e-05,0.00288642943190898,0.00154938301186938,5.69369559514911e-05,1.20653290165626e-05,3.4998432145946e-05,0,0.000723945387479258,0.000303571627652376,0.00411569916840285,9.21278594213753e-05,2.86915106115539e-05,0.000463528077246426,0.000901010386428892,0.000753406101056825,0.000143632208791268,0.000254387517367732,8.72543925349383e-06,0,7.02993229892928e-05,0.000832963582601133,1.4769175842564
0.00152608597293733,0.00512484554804533,0.0263715674296331,0.00161509877509479,0.000308049917022301,0.00022775108310609,0.0121587416514376,0.00230040454742291,0.322476109816979,0.000343663668105767,0.0191543859136922,0.0273001709310776,0.473638180086686,0.00167416684037721,0.00810059362330481,0.161240991142919,0.00651748288330622,0.00182420267402599,0.0132024011407303,0.000800040139959153,0.0675198473599125,0.0569255964842328,0.171522864789098,0.069641248256287,0.0292844330388739,0.0139701805403434,0.0423278487935266,0.0919399422386433,0.0125023702666925,0.0286741375661603,0.00224325915436605,0.00202676577317356,0.00876999474592808,0.284080884044104,0.0249219271566604,0,3.88015456480891,1.64827055920806,1.1110605884976,0.978617361953814,0.0188762812481422,0.268569758443132,0.0696759731819629,0.0355123282268621,0.0106275461622715,0.0195176931930703,0.00192518816965966,0.000171929737032778,0.000475736328756769,0.000370179051981615,0.000348582083857275,0.000715901369464871,0.000196027248512212,0,0.000269602113312589,0.00232606123416096,0.000764529526692844,0.0967024329260991,0,0.0013537646376802,0.000444264011927124,0.0018551748773825,0.000497882181046193,0,0.0191676764340305,0.000179409814442368,0,0.000497249415285429,0,0.00231545610468144,0.029471391813883,0.00417613684070804,0.0288403691275916,0.000869278983195798,0.000476169368258943,0.00150064067732599,0.0144742440148137,0.000870505994994302,0.00319087608066353,7.0029704559737e-05,0,0.000835437164858553,0.00133893316547877,0.0117554184071106
0.000418771171281179,0.0111475527891595,0.111186015915974,0,0.000598192127234942,0.000463822494695069,0.00508354952857501,0.0008678911902184,0.010876439391662,0.000205223735772019,0.565064517335282,6.23478309443558e-05,0.715198171583577,0.00015508208613756,0.000483010256642456,0.0419881648060611,0.293158679555631,0.0215027067934459,0.259304543829669,0.000105810572189131,0.0399893489000547,0.0160527440240029,0.495951077920418,0.0160888693174462,0.842350808499935,0.266875137568472,0.0626086289301406,0.0216826103059254,0.00972779411177964,0.00469891937748197,0.0727200886516704,0.00307107327432362,0.00247256451471981,0.689399528190705,0.0265378148813765,3.88015456480891,0,3.54747923659154,1.35716020993694,0.0771644570080011,0.0213634436410572,1.09177851083998,0.0225242823758003,0.0076516780243738,0.00670335016924266,0.0207441206278003,0.000982157188052271,0,0.000885506371190744,6.8898148267142e-05,0.00382788273455447,0.000218832651881859,0,0,0.000195826365804423,0.000145678053849475,0.000222311520910888,0.0276757861544171,0,0.00082385261153818,5.41701840855568e-05,0.00578767511499218,0.000153670561383038,0,0.00181948068884066,0,0,0.000557006102135842,0.000729521440154014,0.000539525467409818,0.00898916844015565,0.000323228288350451,0.00446316410492748,0.0369389792046221,0.00324627675349101,0.00595353645503943,0.00311274880263482,0.00039609195837266,0.00114242840721396,0.00130774353442639,0,0,0.000886040061131646,0.0202758980192077
0.00566703298897289,0.0118248859210553,0.119683293281246,0.00344065771653022,0.00928073599735705,0.00493544635453292,0.0228116876533287,0.00834656552268542,0.0210621306077418,0.00397410821137043,0.901214695266961,0.00200636080792758,0.295667728085253,0.0120984415787365,0.000810253614740915,0.164758422285807,0.0272736440249114,0.0159368528289052,0.233476324171321,0.00518378186160287,0.0779265949099644,0.0374023522729714,0.320807177169374,0.0425584980022234,0.125721380259386,0.147481277250261,0.194728538145036,0.0819577554172497,0.285101946429913,0.0498306578251794,0.0185897172340185,0.102814337460047,0.101154791719327,4.56838608081953,0.0430568826999983,1.64827055920806,3.54747923659154,0,4.70742101487597,0.0926334660928304,0.822799572200506,0.588158941347888,0.0213972636525346,0.00706083404489771,0.0071397202258839,0.0347914135138199,0.000866946131045223,0.000104465426016749,0.000602806929408691,0.000377532357130166,0.00275186122737054,0.000228893534849233,0.000220774177200165,0,0,0.000991311409090769,0.000144050106149343,0.0293681772045638,7.38744418853211e-05,0.00145380454773125,0.000200565474353726,0.00262441581474592,0.000536741192908951,0.00112629002080755,0.00515545489034298,0.000107457699675967,0.000193598165795672,0.00048563394906085,9.13195041964869e-05,0.000900059962589394,0.0118728496736942,0.00139972551929599,0.00753199261871489,0.019584279388519,0.00123769115210586,0.00771888525007074,0.00426343949559625,0.000706636695273856,0.00121664337917032,0.00150847444821562,0,0.000719819634677103,0.000884089755624738,0.0373473517261252
0.00088979278064568,0.00266569407475323,0.0215888930650333,0.00285039987719149,0.00184473252207695,0.000297387258830757,0.00681175540309276,0.000635587653901557,0.0191160234139825,0.000108801703972974,0.0424295234850967,0.000156408924717473,0.328149886035299,0.000565824279080603,0.00193514182720159,0.0689592933442805,0.00199440207424918,0.00144013514908802,0.0144955078866475,0,0.0226837396963919,0.0192412539608873,0.0678907155029185,0.0236130902685664,0.0200235101287683,0.0127780459729353,0.0327190786056624,0.0331772252815098,0.0188210002029079,0.0205340910765407,0.00528858054040508,0.0138872979516005,0.0255836995877179,0.378807975294083,0.0230583379265253,1.1110605884976,1.35716020993694,4.70742101487597,0,0.0550294987908564,1.42955833943139,0.346923502878,0.0391072861352913,0.0510264952739925,0.038275481258274,0.0401192161603094,0.00142779701833834,0.000588539282963072,0.00127428084056543,0.00109167038677518,0.000342059864026686,0.00136129398245423,0,0,5.31375975468631e-05,0.0012475346432909,0.000206895304949745,0.0323380683527689,0.00013486176387262,0.00136667702977994,0.000126298666973629,0.00058929785834951,0.000157884288965349,0.00166087576222299,0.00854139695480718,7.0030539490925e-05,0,8.2115208046683e-05,0.000100372564861181,0.00111335249682856,0.0103850493015628,0.00374902584712667,0.00744500573612813,0.00322305570918585,0.00116130481066051,0.00149260914017584,0.00473973582873879,0.000715863130148813,0.0017974129926458,0,0,0.000759644066523572,0.00138512003781538,0.0320957126804599
0.00208644304513081,0.000308198835941333,0.00250069534615356,0.0070175029346288,1.17687090466901,0.592434580192759,0.00800794450009508,0.0334909552199015,1.65489533987003,0.0151680210225686,0,0.220860837910851,0.00019137590718472,0.0236093064762874,0.678475877429069,0.00323225549081779,0.000552056710779091,0,0,0.0509768344270743,0.00177510496070088,0.00434620429525843,0.00784667819770965,0.0343329952014722,0.00133300016595056,0.000126277960445754,0.00245876392491233,0.00807506880428391,0.0696092183102001,0.000383943590594594,0,0.152602951618887,0.000335410898646221,0.0757148493506597,0.00568922373575003,0.978617361953814,0.0771644570080011,0.0926334660928304,0.0550294987908564,0,4.52828785378863,0,0.000863333442308085,0.00347858459660124,0.00466724818147278,0.00363229731153542,0.00217623928682572,0,0,0,0,0.000109566869631109,0.00122705041507143,0,0,0.000738255129706719,0.00121298303034138,0.0164447426605226,0.000424061107878173,0,0.00166442173089275,0,0.000879448912166984,0.000282273922273327,0.000289172782736338,0,0,0,0.00226499161958229,0,8.51550047472737e-05,0.000471922067080205,0.0054870088424505,0,7.35197680604706e-05,0,0.00084361934850115,0.00290598487275543,0.000645911448999242,0,0,0.000107921429117284,0.000792633042598074,0.0057377641853641
0.00113362231294537,0,0,0.000900031187672538,2.71435054803463,0.0904780229785027,0.000774785406259685,0.121844836131443,0.00132877098142952,0.000375719949755275,0.0113239757503728,0.000226835635820731,0.0201143947131729,0.00463641574754026,0.0127751707977238,0.000396037201773441,0,0.000390395177518798,0.00110108481390662,0.0011245172209926,0.000675919012582827,7.28952583629568e-05,0.000736702658559697,0.00171108654485899,0.000281087301015753,0.000577293839278228,0.000455470071995843,0.00264040847047694,0.388202202598743,0.00383356887017487,0,2.24924732944174,0.0119992984017798,0.748499858467444,0.000715641183338291,0.0188762812481422,0.0213634436410572,0.822799572200506,1.42955833943139,4.52828785378863,0,0.0112870164818444,0.000581934288425539,0.00272780475837972,0.00117921336569561,0.0028380331621784,0.00051384655329919,0,0,0,0.00043157048203773,0,0,0,0,0,0,0.00286325021914529,0,0,0,0,0.000134334828146197,0,0.000251893175913676,0,0,0,0,0.000220386058754183,0.000242500556252555,0.000250274607118584,0.00032284958074812,0.000219238454096105,0,8.20719484732717e-05,0.00028502715881365,0.000173467058950549,0,0,0,0,0,0.002809816501706
0,0.000616685385874463,0.000432313724275787,0.000464141788006384,0,0,0.000233348389662606,0,0.000177371348252353,0,0.234110433651342,0,1.0849925272075,0,0,0.00194556079132011,0,0,0,0,0.000271956176421235,0.000784453568581847,0.00131167496236834,5.51166286566975e-05,0.276196835686205,0.00340221634026284,0.00115576578530044,0.000457106150201191,0.000219904267458215,0.000102831322930093,0.00537374515153623,0,0.000787099618387965,0.00487287035317519,0.000533993791619852,0.268569758443132,1.09177851083998,0.588158941347888,0.346923502878,0,0.0112870164818444,0,0.00158152298035686,0.00301574717179634,0.000789511015423495,0.000458715146214654,0,0,0,0,0,0,0,0,0,0.000176688567007265,0,0.00191005309023807,0,0,0,0.00175855365694934,0,0,0.000145984073644085,0,0,0,0,0,0.000142670287333299,0.000161682262076137,0.000269562812330773,0.000889036208837166,0.000140075105639924,0.000255323296685811,3.94410741066491e-05,0.000193043436565069,0,0,0,0,0,0.000241724524174691
0,0.000371364392025001,0.000194422228177171,0,0,0.000197931851129975,0.000124823519885129,0,0.00194698613004691,0,0.000342272592218777,0.000110725749873361,0.0173327929031883,0,0.000615738793442965,0.00334820046447008,0,0,0.000169247764825574,0,0.000630436674656037,0.00881989423001805,0.00171102710812797,0.00158205702436933,0.00047748936280357,0.00017789480673068,0.000831606342107541,0.000297929630177275,4.08960816211806e-05,7.51927788396594e-05,5.46635674471144e-05,0,0.000307937442510595,0.00123332981122766,0.0115414736822924,0.0696759731819629,0.0225242823758003,0.0213972636525346,0.0391072861352913,0.000863333442308085,0.000581934288425539,0.00158152298035686,0,4.64254858272006,0.846145255479496,0.707185209728806,0.670121733649209,0.00466893398912336,0.302164419483722,0.00342041064089115,0.00257179615753876,0.0209304214251247,0.00122584280206911,0,0.000943217259318538,0.0307140475708357,0.000992844966811921,0.0700753458325955,0.0016505214289784,0.221067580089963,0.00418222909319751,0.0151848095773621,0.00505249191628755,0.00691046712879812,0.18388610274529,0.00508223654026042,0.00088638376193386,0.00650182999497816,0.000991367016800436,0.0657055950309812,0.0530909303169279,0.189585208562788,0.0239228087979826,0.00317171458434586,0.0418681514912641,0.0295205630834594,0.0793122665140755,0.0193505756787992,0.0395428835197282,0.00655476749449788,0.00222437771397046,0.00604514970382462,0.328363913846252,0.055382487860663
0,0.000229831578273438,0.000302808501904641,0,0,0.00019183219430573,0,0,0,0,0.000650653577221297,0,0.00722024597888393,0,0.00272438304775021,0.00140218293743274,0,0.000134996049354612,0,0.000190922590522251,0,0.0024421948760216,0.000773323759806648,6.96401808766823e-05,0.00480850847028976,0.000835452422164146,0.00133165541940099,6.58728055736679e-05,0,8.89371263929177e-05,0.000942621370032329,0,0,0.000270756278172584,0.0182871964755931,0.0355123282268621,0.0076516780243738,0.00706083404489771,0.0510264952739925,0.00347858459660124,0.00272780475837972,0.00301574717179634,4.64254858272006,0,2.87654161409823,1.39519247569065,0.082380868851548,0.0130908730822009,2.63766689636401,0.000635990694486705,0.00152277156920735,0.025569580860169,0,0,7.1890775489295e-05,0.0109827161742443,0.000389680704256906,0.00155899229156639,0,0.45571066433151,0.000157130250836683,0.542561954091801,0.0015075227479204,0.000508826565220742,0.0717404408784644,0.0854281836757897,0.0162366420582096,0.0263846636606253,0.00051237459794511,0.104726310655433,0.0109157683474412,0.276541406012302,0.00228951054313095,0.115307076045782,0.157347121619759,0.0335960409502064,0.0133706801292299,0.00413518340158577,0.0122669560365677,0.141844316396704,0.000944467044368059,0.00275090346836098,0.238979039260636,0.0479385411186503
0,0.000641359502075499,0.000202228602563291,0.000261762357247466,0,0.00161903871645493,0.000128593447786492,0.000148580140052548,0.00642497532552339,9.74471482445968e-05,0.000105413845613976,0.000157452612881075,0.00286343706526594,7.93985058363358e-05,0.00438303289032678,0.00229797126524904,0,6.06406470586192e-05,0.00015728480447233,0.000515632149741263,0.000411930782318819,0.00253311528239968,0.000648485179251647,0.0048507194082079,0.00324679126714376,0.000485465580902095,0.000927908197419734,0.000651107740774029,0.000432956124352046,0.000232497047091594,0.00104124330026957,0,0.000400934750154574,0.000448923190616147,0.0170301845956984,0.0106275461622715,0.00670335016924266,0.0071397202258839,0.038275481258274,0.00466724818147278,0.00117921336569561,0.000789511015423495,0.846145255479496,2.87654161409823,0,3.20031962654436,0.179624371209556,0.0952966818461991,0.930902220800374,0.0280638247430274,0.00893044888224538,0.0958308133614676,0.00400850279449283,0.000136312517140467,0.00489383142364546,0.128506861538247,0.0101170198961086,0.0347262949747083,0.00918476042309035,0.71850282404893,0.00569756110905222,0.0944251045443767,0.0445994421713179,0,0.175753013549436,0.0816964890488378,0.0145917781699156,0.101942267390091,0.0150570216117415,0.229377002775452,0.0244045761885519,0.408788637976078,0.0422951064702903,0.0390468332457479,0.226053978203588,0.0839552665760888,0.183135528197471,0.398812272511593,0.243673790354152,0.0786767031695166,0.0910699512369594,0.27878318255282,3.79176319749997,0.0265086188580133
0,0.00223561726307304,5.35583126921044e-05,0,0,0.000285165697634201,0.000237524604345548,0.000180087627900033,0.00886172369390386,0.000159971122520482,0.000244196781572126,0.000368245193128256,0.00184907323892718,0.000115016102416092,0.00231218624062793,0.00232157639336131,0.000140987011758254,0,0,0,7.89993623190322e-05,0.00330397135708427,0.00163869921303829,0.00239935890349126,0,0.000103711085668533,0.000706210484904226,0.000642570748322379,0.000145203683875794,0.000459149643433126,0,0,0,0.000436604240241253,0.0158390848447851,0.0195176931930703,0.0207441206278003,0.0347914135138199,0.0401192161603094,0.00363229731153542,0.0028380331621784,0.000458715146214654,0.707185209728806,1.39519247569065,3.20031962654436,0,0.0711242662840327,0.0397449649977035,0.124725941738909,0.0114449967743959,0.00350036487429121,0.034461254111303,0.00229469937726314,0,0.000570442957580337,0.0322146946545089,0.00168347073027575,0.0297133113310767,0.00225268115476174,0.149817855057751,0.000315797370654588,0.00382287791338199,0.00675143367103709,0,0.11749801341562,0.0204606486068847,0.00257791215231186,0.0229456527579154,0.00609039208399604,0.060222569185587,0.0238066178867889,0.156150482292579,0.0186781984486248,0.00265072255008873,0.0496071183819139,0.0187652284279662,0.0603461321987333,0.0373027529934387,0.0568139266013932,0.00933911081542479,0.00152841615764328,0.0770856634140178,0.334584587154049,0.0178709675529841
0,0,0.000312574984767449,0.000264773889386459,0,0.000407300722518335,8.38937652802275e-05,0.000110003158839792,0.0376730281817845,8.47147465873584e-05,0,0.000896756614490582,0,8.13811551477472e-05,0.000300873394194434,0.000410177155715691,0,0,0,0.00104927206437205,0,0.00126457937232932,6.57734578712876e-05,0.00594581802438165,0,0,5.97917229871216e-05,0.000609160209848173,0.000139401410652227,0.000261709273429471,0,0,0.000211617013283493,0.000115539186287698,0.00254869231343881,0.00192518816965966,0.000982157188052271,0.000866946131045223,0.00142779701833834,0.00217623928682572,0.00051384655329919,0,0.670121733649209,0.082380868851548,0.179624371209556,0.0711242662840327,0,4.63302593122256,0,0.000927103838970914,0.000188101303010927,0.00160863895762262,0.00488985906513169,0.212490662929532,1.31454774187133,0.00565838968290264,0.0163876891436151,1.84416534354385,0.0105953888167577,0.000194918490193474,0.581294577801479,0,0.0130505699165333,0.484561766963196,0.0219680395910727,0.000988146358967507,0,0.000255237097166541,0.041755896562243,0.0100516579080212,0.00479997029221109,0.0276075767374267,0.0483061284379476,0.000358658148501906,0.000101532806949144,0.00147979967236132,0.00914877432350725,0.0724955301030187,0.00403388749945802,0,0.14252705248113,0.00312959015063924,0.0307605758580831,0.00464939169788397
0,0,0,0,0,0,0,0,0.000189555669962715,0,0,0,0,0,0,0,0,0,0,0,0,0,0,8.30656177513121e-05,0,0,0,0,0,0,0,0,0,0,0.0002829163796017,0.000171929737032778,0,0.000104465426016749,0.000588539282963072,0,0,0,0.00466893398912336,0.0130908730822009,0.0952966818461991,0.0397449649977035,4.63302593122256,0,0.00167512544247064,0,0,7.59756101748705e-05,0,0.587373797618593,0.156597943541783,0.00029844938964702,0.0116689777705474,0.00114149478682424,0,0.0416565494641662,0.000806132020528037,0,0.00182179788463733,0.00383329256871577,0.00346377644394006,0.000269269834929092,0.000366434175201949,0,0,0.000774080027216618,0,0.00524936333555147,0.000129939891308046,0,0.000322725734216895,0.000189415168488552,0.000465626902449177,0.0434882942810448,0.000417785479845446,0,2.11675522288529,0.000588046576791162,0.114085193245252,0.000262706196092851
0,0,0,0,0,0,0,0,0,0,0,0,0.000593061012588676,0,0,0.000112042249260914,0,0,0,0,0,0,0,0,0.000584384492799683,0,0,0,0,0,0,0,0,9.12700128969908e-05,0.000345720798672146,0.000475736328756769,0.000885506371190744,0.000602806929408691,0.00127428084056543,0,0,0,0.302164419483722,2.63766689636401,0.930902220800374,0.124725941738909,0,0.00167512544247064,0,0.000188454235868232,0,0.000173832326577931,0,0,0,0.000244868348800317,0,0,0,0.0933449199043183,0,0.29968345629264,0.000200381164539798,0,0.00425446068733664,8.17891170811613e-05,0,0.000348947043726826,0,0.000248587137898656,0.000406567234749154,0.00141311480174558,0,0.0210372638268374,0.00191121925932458,0.00036515144723507,0.000126468244579679,0.000828562870647561,0.000444525787486574,0.00643618477731349,0,0.000259048001112198,0.00948756339137117,0.000569444528421443
0,0,0,0.000301242725100792,0,0.000987216584983357,0.00015137056296684,5.50832617885258e-05,0.00404842059153644,0.000101469496853906,0,0.000442277024767881,0.000141840314180339,0.00021457236169279,0,0.000105359854333671,0,0,0,0.000523103749480114,0,0,0,0.00279153740030467,0,0,3.80559390703462e-05,0.000683799459879021,0.000580279959506635,0,0,0,0,0.000541018075193593,2.49725395377346e-05,0.000370179051981615,6.8898148267142e-05,0.000377532357130166,0.00109167038677518,0,0,0,0.00342041064089115,0.000635990694486705,0.0280638247430274,0.0114449967743959,0.000927103838970914,0,0.000188454235868232,0,0.000331021159653749,0.00172483584916447,0.00846556224669181,0,0.00167763357166269,1.99365097722717,0.0405632059491199,0.061596681288202,0.0153407119983324,0.000192870258849561,0.00454796667884571,7.35138586628881e-05,1.38974341094937,0,0.00128038852691877,0.00787897166312896,0,0.000525700058600107,0.0198475223308586,0.00336414054640479,0.00196405058759905,0.00241872789571597,0.0284540691891914,0.000115394976242999,0.00050560939931375,0.000377642698196393,0.0307222051260788,0.814173992801448,0.145951783084185,0,0.000588837511463366,0.0222547416577031,0.0271309814545055,4.82798553771128e-05
0,0.606207753880398,0,0,0,0,0,0,0.00984754573182107,0,0.00343765864128414,0,0.0249532821285183,0,0,0.00214144368322541,0,0.00180190472351383,0.01483975757896,0,0.000160223331321969,0.0800463450441756,0.000148735128059754,0.00512632641450593,0.202125949475768,0.0155910350869186,0.0469394019891729,0.000139924567510894,3.32034761539989e-05,0.000137159016184041,0.00547646218917375,0,0,0.00152024515357732,0,0.000348582083857275,0.00382788273455447,0.00275186122737054,0.000342059864026686,0,0.00043157048203773,0,0.00257179615753876,0.00152277156920735,0.00893044888224538,0.00350036487429121,0.000188101303010927,0,0,0.000331021159653749,0,0.0137749309269529,0,0,0,0.000823621882845458,0,0.0329847345785858,0,0.00167780661680665,0,0.0518120282106123,0,0,0.0642976128475197,0.0102552506051064,0.000961305190342378,0.00528426019138759,0,0.000575755832488397,1.02562245689575,0.0013901371948036,0.029028262393136,2.15807140828146,0.0278368524004073,2.35130505007783,0.00134987336561654,8.70437147864299e-05,0.000485473592213962,0.00865349094815807,0,0,0.00524181962028395,6.55710294606423e-05
0,0.00414971879115208,0,0,0,0,0,0,0,0,0,0,0,0,6.66593873915487e-05,6.81685246176067e-05,0,0,0,0,0,0.000398027248494514,0,0.000485268300708751,0.000694461791791681,0,0.000886382073789507,0,5.79777447261992e-05,0.000120548216337254,0.000103044267671694,0,0,0.000139417859029154,0.000424227928482999,0.000715901369464871,0.000218832651881859,0.000228893534849233,0.00136129398245423,0.000109566869631109,0,0,0.0209304214251247,0.025569580860169,0.0958308133614676,0.034461254111303,0.00160863895762262,7.59756101748705e-05,0.000173832326577931,0.00172483584916447,0.0137749309269529,0,0,0,6.3533027807065e-05,0.0574418373275415,0.00103150632528061,0.00119039851947142,0.000737237253939944,0.000845480902773492,4.12708257712751e-05,0.000419610148348419,0.00288491584118422,0,0.0214579543245553,1.02077598972796,0.000749901858217444,0.0471621025335324,0,0.0826573645451415,0.00542194189372849,2.17686889332308,0.00562935196843396,0.000760003930267032,1.7358192752865,1.61208512928552,0.0703762420299876,0.00127166933091887,0.0149592990061179,0.000696815622815479,9.6521446362385e-05,7.99159084878746e-05,0.0571650016863693,0.00121580274168306
0,0,0,0.0187789950005757,0,0.000727219391043065,0.000167242440617333,0.000368889613533061,0.013654644303962,0.000106267213873839,0,0.000191476291983359,0,0.000138675070424953,0,0.000333664242800284,0,0,0,0.00158347858562172,0,0,0,0.00382897176078773,0,0,0,0.000450803198539984,8.7191237130677e-05,0,0,0,0,7.72138650587534e-05,0,0.000196027248512212,0,0.000220774177200165,0,0.00122705041507143,0,0,0.00122584280206911,0,0.00400850279449283,0.00229469937726314,0.00488985906513169,0,0,0.00846556224669181,0,0,0,0,0.0343583145882477,0.0299366829845695,0.0239707759414549,0.0488280528540132,1.03066623316853,0.000249723513547561,1.48780300485626,0,0.026061811682188,0.00279209782611617,0,0,0,0,8.78056603498166,0.000112763364732646,0,0.000191070018405883,3.85066242311432,0,0.000136531973815337,0,2.47807497197865,0.0159352813590905,0.000628078506217068,8.29666015654523e-05,0.000833716177716701,0.000774591865360552,0.00867671687642514,0
0,0,0,0,0,0,0,0,0,0,0,0,0,0,0,0,0,0,0,0,0,0,0,0,0,0,0,0,0,0,0,0,0,0,0,0,0,0,0,0,0,0,0,0,0.000136312517140467,0,0.212490662929532,0.587373797618593,0,0,0,0,0,0,1.0246924987048,2.36395081687543e-05,0.0618783600506175,0,0,0.000258041708416239,4.6967233664312e-05,0,0.00186335929688528,0,0,0,0,0,8.2528675194319e-05,0,0,0,5.60916781770218e-05,0,0,0,0,0.00688262929391974,0,0,0.238994222965148,0.000231609957182504,0.00627755078919646,0
0,0,0,6.25528496297654e-05,0,0.000369829795398903,0,0.00014906512907365,0.00313207226376258,0.000159904405975521,0,0.000216002683257145,0,0,0,6.63724437181823e-05,0,0,0,0.000266866964973241,0,7.22047838297712e-05,0,0.00148655637527304,0,0,0,9.26672759158083e-05,0,0,0,0,0,0,0.000330354217111143,0.000269602113312589,0.000195826365804423,0,5.31375975468631e-05,0,0,0,0.000943217259318538,7.1890775489295e-05,0.00489383142364546,0.000570442957580337,1.31454774187133,0.156597943541783,0,0.00167763357166269,0,6.3533027807065e-05,0.0343583145882477,1.0246924987048,0,0.0137575895064969,1.5419610016118,0.00993819917625297,1.07166954163506,0.000577364825783164,1.98720808716617,9.46484002435303e-05,0.167865798381764,1.35592804288135,0,5.17883422332366e-05,0,4.444313359927e-05,0.17241384412574,5.13617830566062e-05,0,5.1069474372717e-05,0.0348185372033391,0,3.81584535968965e-05,1.36752947614387e-05,0.0411828521863355,0.118555389884755,0.00054190674861369,5.06317217241654e-05,0.491587097315137,0.000546272122335108,0.0566761627063297,0.552888627835907
0,0.000208448798416068,0,0.000127926245986714,0,0.00165630254893707,0.000119806905911105,0.000546943691421145,0.00465196556830846,0.000108335721145678,0,0.00042865102562223,6.25054322487802e-05,0.000422371229408457,0,0.00049753355512161,0,0,0,8.78906291445092e-05,3.42231101325224e-05,0.000100127032943426,0,0.00731136799812618,0,0,3.65872173870851e-05,0.00141835887803967,0.00133452572590182,0.000532405795322111,0,0,0.000572306913853918,0.00131943947557235,0.000284599478402285,0.00232606123416096,0.000145678053849475,0.000991311409090769,0.0012475346432909,0.000738255129706719,0,0.000176688567007265,0.0307140475708357,0.0109827161742443,0.128506861538247,0.0322146946545089,0.00565838968290264,0.00029844938964702,0.000244868348800317,1.99365097722717,0.000823621882845458,0.0574418373275415,0.0299366829845695,2.36395081687543e-05,0.0137575895064969,0,0.112472702659732,0.101068432647252,1.60763592501523,0.00126405093095134,0.00440024240977755,0,0.871715580694012,0.000784077177721042,0.00347287248642929,0.08305608059164,0.000274501901308492,0.00690637313126978,0.025270699051854,0.0801293841100142,0.00348997824393132,0.117602398753858,0.151116885399695,9.3994718452884e-05,0.0247640475003722,0.00704721479129818,2.69033688321753,0.209559903134459,1.6891533196625,0.000123075044605272,0.00163803410346828,0.0109552152306168,0.084745900991302,0.0019102735385414
0.000297434374467078,0,0,0.00031341778085871,0,0.00141161595971893,0,0.00042716956373431,0.0065957428590538,0.000337377301066156,0,0.00019686416405618,0,0.000548639679652775,0,0.000305917410752105,0,0,0,0.000345922856093753,0,0,0,0.00616962279833536,0,0,0,0.00122350900576811,0.000416284642404922,0.000340697140123845,0,0,0.000290926821863794,0.000633458131302666,0,0.000764529526692844,0.000222311520910888,0.000144050106149343,0.000206895304949745,0.00121298303034138,0,0,0.000992844966811921,0.000389680704256906,0.0101170198961086,0.00168347073027575,0.0163876891436151,0.0116689777705474,0,0.0405632059491199,0,0.00103150632528061,0.0239707759414549,0.0618783600506175,1.5419610016118,0.112472702659732,0,0.0576016140325747,0.555047493281446,0.000771445278075658,0.0439349850570364,0,3.635469814092,0.00333999515673082,0.000232382769283731,0.000788427174665135,0,0.000193932810654576,0.0717801919186392,0.000854451596159746,0.000435152359902863,0.00131078953165498,0.0479617481909699,5.91530893191217e-05,0.000573418488906257,3.25356277007254e-05,0.051780508858002,0.220556693203697,0.00633627193126799,0,0.723880437459193,0.00229979030095873,0.0407731060520196,7.67984690280674e-05
0.00247767299121889,0.00670893162680696,0.000343829659604895,0.00324889824139778,0,0.00722819112037817,0.0042136678670813,0.00416634390216661,0.717760951878152,0.00347834475376251,0.000303742303281444,0.00330925046427292,0.00102100065380272,0.00316232050902831,0.000328100634887958,0.045039652119381,0,0,0.00043572637480653,0.00908658558979402,0.00182453421522326,0.0572114412086472,0.00142540206608,0.198404368678655,0.00191960559319274,0.000136686521122241,0.00214145523746854,0.0268035561739576,0.0126875810602806,0.0248102727542101,0,0.000254623691070912,0.0163693445763784,0.0223331548351884,0.00152899733568315,0.0967024329260991,0.0276757861544171,0.0293681772045638,0.0323380683527689,0.0164447426605226,0.00286325021914529,0.00191005309023807,0.0700753458325955,0.00155899229156639,0.0347262949747083,0.0297133113310767,1.84416534354385,0.00114149478682424,0,0.061596681288202,0.0329847345785858,0.00119039851947142,0.0488280528540132,0,0.00993819917625297,0.101068432647252,0.0576016140325747,0,0.0219257360987803,0.000723584685021463,1.66499419566043,0.00115270285012312,0.0761961570355228,0.571415100834922,0.0425566438538214,0.000655424656800425,0.000108255698669591,0.000218084144727882,0.16435720716707,0.00592687964474699,1.80407982365073,0.00605660898188933,4.41399011692074,0.0248900364778809,0.000561932527321341,0.0115120643281838,0.211064702490367,0.0765916286694499,0.071007006641691,0.000671532635307118,0.00280767698707154,0.0253615473738085,0.0478379354464544,0.00837870942708773
0,0,0,0.000385678994832923,0,0.000513785729804933,0.000149098545839511,0.000131525329220139,0.00614291157341025,0.000300417026067906,0,0.000275115867829873,0,0,0,0,0,0,0,0.000883989381029785,0,0,0,0.00460929840474743,0,0,0,0.000270002653475704,0.000508062365059215,7.37046785984803e-05,0,0,0,0.000138109548619925,3.274932082711e-05,0,0,7.38744418853211e-05,0.00013486176387262,0.000424061107878173,0,0,0.0016505214289784,0,0.00918476042309035,0.00225268115476174,0.0105953888167577,0,0,0.0153407119983324,0,0.000737237253939944,1.03066623316853,0,1.07166954163506,1.60763592501523,0.555047493281446,0.0219257360987803,0,0.000704697580735164,1.18816867993654,2.53283430216771e-05,0.462786951851781,0.00849005839189983,8.25350006704905e-05,0.00044884019900083,0,0.000107206763016944,2.03622118845297,0.000224498369117754,0.000147683876698732,0.000261255980152176,0.13364713682941,0,0.000197882593970043,1.58583434336544e-05,1.32065664363157,0.058690342121928,0.00201048622190587,0,0.00210783125272993,0.00222546986505854,0.0301169365073801,0.00144156516341662
0,0.000193454293587645,0,0,0,0,0,0,0.000322541212434842,0,0.000690198953596653,0,0.00298665945814947,0,0,7.91946087540575e-05,0,0.000308176113710049,0,0,0,9.98830524165592e-05,0.000159108981826955,0.000186342365778754,0.00621624216691331,0.000586963427242691,0.00102878631027095,1.88451853699593e-05,0,0,0.000437128737441709,0,0,3.3027388133349e-05,0.000439203794998075,0.0013537646376802,0.00082385261153818,0.00145380454773125,0.00136667702977994,0,0,0,0.221067580089963,0.45571066433151,0.71850282404893,0.149817855057751,0.000194918490193474,0.0416565494641662,0.0933449199043183,0.000192870258849561,0.00167780661680665,0.000845480902773492,0.000249723513547561,0.000258041708416239,0.000577364825783164,0.00126405093095134,0.000771445278075658,0.000723584685021463,0.000704697580735164,0,0.000420236719844702,0.889514604871386,0.00334181666626126,0,0.00126713721037753,0.0408589303498513,1.07679638645918,0.318084026327611,0.00124099677041051,0.00101138051655241,0.000959552473399235,0.00231667365769079,0.000893964488403708,0.329209030848341,0.31996815058697,0.0326832049304355,0.00142085142904408,0.023005187348118,0.00208601573667544,0.276185233010247,0.00418271134574064,0.00176709713176583,1.6055675594361,0.00115987286398316
0,0,0,0.049822642694198,0,0.00190873077697225,0.000305561886370439,0.000685792015398854,0.0177685523697536,0.00288516822157712,0,0.331407761229117,0,0.000232646528915929,0,0,0,0,0,0.0773714009260711,0,0,0,0.0111913939359022,0,0,0,0.00130405834136998,0.00118529897813685,0,0,0,0,0.000267773123187957,0.00290354580703636,0.000444264011927124,5.41701840855568e-05,0.000200565474353726,0.000126298666973629,0.00166442173089275,0,0,0.00418222909319751,0.000157130250836683,0.00569756110905222,0.000315797370654588,0.581294577801479,0.000806132020528037,0,0.00454796667884571,0,4.12708257712751e-05,1.48780300485626,4.6967233664312e-05,1.98720808716617,0.00440024240977755,0.0439349850570364,1.66499419566043,1.18816867993654,0.000420236719844702,0,0,0.0490231145601307,0.44542733774131,0.000324148558265196,0,0,3.96750916833392e-05,5.15201229557339,4.1840093566001e-05,0,0,2.07348231908781,0,4.59923238562776e-05,6.83998755274013e-05,0.0102802275111715,0.0530212392659738,0.000579046315386567,0,0.00338335972857912,0.000464559704871689,0.0336632630234023,0.419514493054248
0,0.00700025885238829,0,0,0,0,0,0,0.000184625085323068,0,0.00378380341500729,0,0.241701211896184,0,0,0,0,0.000906116468211399,0.00185143972816402,0,0,0.00119546752259874,0,0.000165602735969467,0.0589082306721164,0.00955171177202915,0.00874555723463066,0,6.47308179904495e-05,0,0.0022222060559046,8.27104046396705e-05,0,0.000391079402800878,0,0.0018551748773825,0.00578767511499218,0.00262441581474592,0.00058929785834951,0,0,0.00175855365694934,0.0151848095773621,0.542561954091801,0.0944251045443767,0.00382287791338199,0,0,0.29968345629264,7.35138586628881e-05,0.0518120282106123,0.000419610148348419,0,0,9.46484002435303e-05,0,0,0.00115270285012312,2.53283430216771e-05,0.889514604871386,0,0,7.0684772166867e-05,0,0.00178659801282042,0.00134174053410852,0.00384672934509962,0.0102681873899398,0.000160623021280209,2.23258124691901e-05,0.0128036473376943,0.000176972074666937,0.00107577605549211,1.43526639013539,0.111075801187344,0.60943575701794,1.86771477173493e-05,0.000316195204947745,4.45129307613396e-05,1.49191029164745,0,0,0.0118489762264727,0
7.44811065893723e-05,0,0,0.000660668624352218,0,0.00105661728883615,0.000155315054836525,0.000440428018753901,0.00834754346044767,0.00019893756125873,0,0.000225925166315919,0,0.000420871146168504,0,2.38528704069596e-05,0,0,0,0.000841656612726159,0,0.000193942149206344,0,0.00835551038883295,0,0,6.15080094614161e-05,0.00101097973540808,0.00118137164510644,0.000177857626323708,0,0,0.000334177048877603,0.000686561805835989,4.69061872529347e-05,0.000497882181046193,0.000153670561383038,0.000536741192908951,0.000157884288965349,0.000879448912166984,0.000134334828146197,0,0.00505249191628755,0.0015075227479204,0.0445994421713179,0.00675143367103709,0.0130505699165333,0.00182179788463733,0.000200381164539798,1.38974341094937,0,0.00288491584118422,0.026061811682188,0.00186335929688528,0.167865798381764,0.871715580694012,3.635469814092,0.0761961570355228,0.462786951851781,0.00334181666626126,0.0490231145601307,7.0684772166867e-05,0,0.00183823164310411,0.000805657879098428,0.00338885217527691,7.95161517246727e-05,0.000429590208655367,0.0851709162659369,0.00290448193261385,0.00128347449661543,0.00321888997335652,0.0744192210193384,0,0.00134927101175811,0.000521012769260833,0.085850263758535,3.79461152335653,0.0459852873668497,0,0.115403410743543,0.0254765925294289,0.212646137459644,0.000216407819671198
0,0,0,0,0,0,0,0,0.000537704940815136,0,0,0,0,0,0.00119970228993172,0,0,0,0,0,0,0,0,0.000258091175720213,0,0,0,0,0,0,0,0,0,0.000173982324070527,0.00288642943190898,0,0,0.00112629002080755,0.00166087576222299,0.000282273922273327,0,0,0.00691046712879812,0.000508826565220742,0,0,0.484561766963196,0.00383329256871577,0,0,0,0,0.00279209782611617,0,1.35592804288135,0.000784077177721042,0.00333999515673082,0.571415100834922,0.00849005839189983,0,0.44542733774131,0,0.00183823164310411,0,0.000367422004428561,0,0,0,0.0137384628873054,0,0,0,0.00548993498025822,0,0,0,0.000761677176579798,0.00340486665565755,0,0,0.000907975784160233,0,0.00243593633344598,0.244409142505723
0,0.0104273236841902,0,0,0,0.000329114694745074,0,0,0.0127682966572961,5.60756072014832e-05,0,0,0.000318171397293067,0,0.00010764723453302,0.0477058297644792,0.000215562936509718,0,0.000339892234039754,0,0.000796769099784351,0.254136699018223,0.00287824044671522,0.00998257176705021,0.00108357487179038,0.000163402294916458,0.0385040024053346,0.00205293061622034,0.000448527454818026,0.00032249534546543,0,0,0.000103483225903241,0.00243164473561672,0.00154938301186938,0.0191676764340305,0.00181948068884066,0.00515545489034298,0.00854139695480718,0.000289172782736338,0.000251893175913676,0.000145984073644085,0.18388610274529,0.0717404408784644,0.175753013549436,0.11749801341562,0.0219680395910727,0.00346377644394006,0.00425446068733664,0.00128038852691877,0.0642976128475197,0.0214579543245553,0,0,0,0.00347287248642929,0.000232382769283731,0.0425566438538214,8.25350006704905e-05,0.00126713721037753,0.000324148558265196,0.00178659801282042,0.000805657879098428,0.000367422004428561,0,0.00777780424256087,7.2599088572203e-05,0.000454484004427894,0.000146676209796939,0.446149738016379,5.03057452465826,1.80396259584693,1.60435030533843,0.0200265714777695,0.00303506681983793,0.69379629407854,0.198703989628032,0.000701488297579351,0.0141312737460616,0.000181221507345041,0,0.000645320145401945,0.0254309465889764,0.00767132819093318
0,0.00392807509359219,0,0,0,0,0,0,0.000585171420893357,0,0,0,0,0,0,0,0,0,0,0,0,0.000317486015263119,0,0,0,1.87621110441967e-05,0.000337074209412871,0,0,0,0,0,0,0,5.69369559514911e-05,0.000179409814442368,0,0.000107457699675967,7.0030539490925e-05,0,0,0,0.00508223654026042,0.0854281836757897,0.0816964890488378,0.0204606486068847,0.000988146358967507,0.000269269834929092,8.17891170811613e-05,0.00787897166312896,0.0102552506051064,1.02077598972796,0,0,5.17883422332366e-05,0.08305608059164,0.000788427174665135,0.000655424656800425,0.00044884019900083,0.0408589303498513,0,0.00134174053410852,0.00338885217527691,0,0.00777780424256087,0,0.0094250271986046,1.94391512128077,0,0.0931671939360781,0.00531256976941882,1.57789818068098,0.00231510131866552,0.00159844814743016,0.623104978153183,0.070965644219337,0.0309448172324671,0.00207570243068086,0.0647074052129439,0.00214377708925126,4.25858201331406e-05,0.00068329841917359,0.94091669149921,0.000191090401959969
0,0,0,0,0,0,0,0,0,0,0,0,0.000883855208114767,0,0,0,0,0.000106212519853585,0,0,0,0,0,0,0.00118205953956844,0.000537759097677486,0.000226229109599122,0,0,0,0,0,0,0,1.20653290165626e-05,0,0,0.000193598165795672,0,0,0,0,0.00088638376193386,0.0162366420582096,0.0145917781699156,0.00257791215231186,0,0.000366434175201949,0,0,0.000961305190342378,0.000749901858217444,0,0,0,0.000274501901308492,0,0.000108255698669591,0,1.07679638645918,0,0.00384672934509962,7.95161517246727e-05,0,7.2599088572203e-05,0.0094250271986046,0,3.34161133869742,7.89479505431921e-05,0.000290951298864504,0,0.000281732304169575,0,0.00762886719761795,0.541042667499023,0.0137463563459863,0.00016800168550497,0,0.000137683354538491,0.0055005964773124,0,0,0.0172832573838845,4.88839867750863e-05
0,0.000908821653163944,0,0,0,0,0,0,0,0,0.000127930956590144,0,0.00104669619888887,0,0,0,0,0.000215259760804016,0,0,0,6.43238122834035e-05,0,0.000105787877529115,0.0040268691376167,0.000353767912173568,0.000483612654157519,0,0,0,0,0,0,0,3.4998432145946e-05,0.000497249415285429,0.000557006102135842,0.00048563394906085,8.2115208046683e-05,0,0,0,0.00650182999497816,0.0263846636606253,0.101942267390091,0.0229456527579154,0.000255237097166541,0,0.000348947043726826,0.000525700058600107,0.00528426019138759,0.0471621025335324,0,0,4.444313359927e-05,0.00690637313126978,0.000193932810654576,0.000218084144727882,0.000107206763016944,0.318084026327611,3.96750916833392e-05,0.0102681873899398,0.000429590208655367,0,0.000454484004427894,1.94391512128077,3.34161133869742,0,6.85387160608798e-05,0.00491630984608201,0.000607418130793737,0.0229915321919734,0.000467923118051981,0.0116703459759215,3.61528887254365,0.0625562160757157,0.00346133933507879,0.00118063877387223,0.00326792139481657,0.00956438715140307,0.000424458776818713,0.000146106104571261,0.598049594200189,0.000134559601466678
0.000874850590439367,0,0,0.00692959840331063,0,0.00198652378016248,0.000745341873787289,0.000622511564930333,0.0427244404738105,0.000985510392061492,0,0.00123477184959375,0,0.000158808585383635,0,0.000119511016133883,0,0,0,0.000805731695819392,0,0,0,0.0162694886474072,0,0,0,0.00113517679752655,0.000613589049296187,0.000157336253515734,0,0,0.000751529716636331,0,0,0,0.000729521440154014,9.13195041964869e-05,0.000100372564861181,0.00226499161958229,0,0,0.000991367016800436,0.00051237459794511,0.0150570216117415,0.00609039208399604,0.041755896562243,0,0,0.0198475223308586,0,0,8.78056603498166,8.2528675194319e-05,0.17241384412574,0.025270699051854,0.0717801919186392,0.16435720716707,2.03622118845297,0.00124099677041051,5.15201229557339,0.000160623021280209,0.0851709162659369,0.0137384628873054,0.000146676209796939,0,7.89479505431921e-05,6.85387160608798e-05,0,4.65302846121146e-05,0,0.000129098398317472,0.911078069291421,0,3.78019164535403e-05,0,0.159713740517883,0.074015172888846,0.00131875323404924,0,0.00485570811369478,0.00290373661380009,0.051827331887347,3.36217608865597e-05
0,0.000124503315177998,0,0,0,0,0,0,0.000196647768843601,0,0,0,0,0,3.06013228694012e-05,0.000744441748014246,0,0,0,0,0,0.00259651003855037,7.20559112217167e-05,0.000477770350103335,0,0,0,5.88612654195437e-05,0.000119757952964901,0.000185784294698399,0,0,0,4.38649010510933e-05,0.000723945387479258,0.00231545610468144,0.000539525467409818,0.000900059962589394,0.00111335249682856,0,0.000220386058754183,0,0.0657055950309812,0.104726310655433,0.229377002775452,0.060222569185587,0.0100516579080212,0.000774080027216618,0.000248587137898656,0.00336414054640479,0.000575755832488397,0.0826573645451415,0.000112763364732646,0,5.13617830566062e-05,0.0801293841100142,0.000854451596159746,0.00592687964474699,0.000224498369117754,0.00101138051655241,4.1840093566001e-05,2.23258124691901e-05,0.00290448193261385,0,0.446149738016379,0.0931671939360781,0.000290951298864504,0.00491630984608201,4.65302846121146e-05,0,0.0164702592371109,4.767225679854,0.13888989865019,8.04094817563675e-05,0.0166480727466491,0.0139869873144273,1.24756526314828,0.242228619038548,2.60892387804285,7.12343584112079e-05,8.85318851990943e-05,0.578491122526435,0.449178335033705,0.00337930009210995
0,0.205642165687283,0.000954037781748016,0,0,0,0.000448433705625474,0,0.0837472276353066,5.73319525884221e-05,0.000945300713072897,0,0.00817740886367957,5.28009358970547e-05,0,0.169898694113059,0.000446781910543019,0,0.000631587806767916,0,0.0024882205630607,0.923457075803408,0.00477311579490507,0.0530995450240781,0.0330662899004155,0.00134906230485245,0.0642011546764522,0.00632669029599197,0.000648936804685795,0.00366143696242516,0.00134232456872629,0,0.000983279857747429,0.00782802108964533,0.000303571627652376,0.029471391813883,0.00898916844015565,0.0118728496736942,0.0103850493015628,8.51550047472737e-05,0.000242500556252555,0.000142670287333299,0.0530909303169279,0.0109157683474412,0.0244045761885519,0.0238066178867889,0.00479997029221109,0,0.000406567234749154,0.00196405058759905,1.02562245689575,0.00542194189372849,0,0,0,0.00348997824393132,0.000435152359902863,1.80407982365073,0.000147683876698732,0.000959552473399235,0,0.0128036473376943,0.00128347449661543,0,5.03057452465826,0.00531256976941882,0,0.000607418130793737,0,0.0164702592371109,0,0.0683353484419925,0.803005245411153,0.382965210623317,0.00467152120557016,0.880652394588595,0.0314803344513974,0.00146370073641565,0.00727153795340763,0.00161924055407819,7.29621081364544e-05,0.00110388750994413,0.00710269477357309,0.000703323848236643
0,0.000191265593853076,0,0,0,9.47502617751166e-05,0,0.000103922939584121,0.000879802376124213,0,0,0,0.000254318576744529,2.41862068283403e-05,0.000141127197412078,0.00559850326763082,0,0,0,0,2.02912173403072e-05,0.0142479647488834,0.000180096424808493,0.00156240944537831,0,1.57064273799717e-05,0.00119702084996003,0.00067129872523245,0.000247140448618736,0.000205406629636312,0,0,4.57783775872477e-05,0.000434471872049822,0.00411569916840285,0.00417613684070804,0.000323228288350451,0.00139972551929599,0.00374902584712667,0.000471922067080205,0.000250274607118584,0.000161682262076137,0.189585208562788,0.276541406012302,0.408788637976078,0.156150482292579,0.0276075767374267,0.00524936333555147,0.00141311480174558,0.00241872789571597,0.0013901371948036,2.17686889332308,0.000191070018405883,0,5.1069474372717e-05,0.117602398753858,0.00131078953165498,0.00605660898188933,0.000261255980152176,0.00231667365769079,0,0.000176972074666937,0.00321888997335652,0,1.80396259584693,1.57789818068098,0.000281732304169575,0.0229915321919734,0.000129098398317472,4.767225679854,0.0683353484419925,0,0.0429837719116594,0.000524897235585582,0.123357599770535,0.703745216725501,0.343796340381227,0.0470678769435131,0.130029961850984,9.56230487742139e-05,0,0.0742055537182336,0.306023898741798,0.0184641755050204
0.000497494818492211,0.00236512202626033,4.83650479385579e-05,0.271180915603996,0,0.00573332965331907,0.00132337727890642,0.00140453877274101,0.0732420256380074,0.00182016969660174,0,0.00210853424552043,0,0.00148771566964899,0.000161223639949692,0.0135474762586362,0,0,0.000258565464175672,0.0127733792892062,0.000791000759474839,0.0219770985604975,0.000283857618268867,0.141672304715598,0.000380395431622262,0.000131279949631155,0.00260323808050633,0.0108055973272433,0.0046038708994345,0.00349390324053996,3.2015667592063e-05,0.000251652741999195,0.00184537049984305,0.00852585248867627,9.21278594213753e-05,0.0288403691275916,0.00446316410492748,0.00753199261871489,0.00744500573612813,0.0054870088424505,0.00032284958074812,0.000269562812330773,0.0239228087979826,0.00228951054313095,0.0422951064702903,0.0186781984486248,0.0483061284379476,0.000129939891308046,0,0.0284540691891914,0.029028262393136,0.00562935196843396,3.85066242311432,5.60916781770218e-05,0.0348185372033391,0.151116885399695,0.0479617481909699,4.41399011692074,0.13364713682941,0.000893964488403708,2.07348231908781,0.00107577605549211,0.0744192210193384,0.00548993498025822,1.60435030533843,0.00231510131866552,0,0.000467923118051981,0.911078069291421,0.13888989865019,0.803005245411153,0.0429837719116594,0,0.0128471909719755,0.00169554669929449,0.0347254688296648,2.33017611980162,0.0691992127427231,0.0504261923308636,0.000161459040478631,0.00173494685627845,0.0111991680770343,0.0441393612286161,0.00206223979116198
0,0.248628443679329,6.93703569617822e-05,0,0,0,0,0,0.00386123191681094,0,0.033484826816628,0,0.174846457982751,0,0,0.000433790133277401,8.88629893150191e-05,0.0147280420783237,0.025499419472884,0,0,0.0252683414969146,3.31443017021918e-05,0.00134283242573809,0.764051415846422,0.0663557549242738,0.0836203006781252,0.000163758771571342,0.000395907762291354,0,0.0471916980571806,0,0,0.00680651153960742,2.86915106115539e-05,0.000869278983195798,0.0369389792046221,0.019584279388519,0.00322305570918585,0,0.000219238454096105,0.000889036208837166,0.00317171458434586,0.115307076045782,0.0390468332457479,0.00265072255008873,0.000358658148501906,0,0.0210372638268374,0.000115394976242999,2.15807140828146,0.000760003930267032,0,0,0,9.3994718452884e-05,5.91530893191217e-05,0.0248900364778809,0,0.329209030848341,0,1.43526639013539,0,0,0.0200265714777695,0.00159844814743016,0.00762886719761795,0.0116703459759215,0,8.04094817563675e-05,0.382965210623317,0.000524897235585582,0.0128471909719755,0,0.16718541265502,0.93981625606002,0.000799513746078472,0.00019796528554126,0.000252026392502545,0.370197224860094,0,0,0.00808553008396792,0
9.16644715558334e-05,0.00430678438750733,0,0,0,0,0,0,0.000120693224244163,0,0.00377621887112022,0,0.0153675701127825,0,2.8513257907389e-05,0,0,0.000605054755543373,0.000707876575317822,3.9384876653701e-05,0,0.00096634734524892,5.15059300987414e-05,0.000227982050763123,0.0216825380055057,0.00712204652966914,0.00916214882297678,0,6.68799179631757e-05,0,0.00296148254950709,0,0,0.000585319173517188,0.000463528077246426,0.000476169368258943,0.00324627675349101,0.00123769115210586,0.00116130481066051,7.35197680604706e-05,0,0.000140075105639924,0.0418681514912641,0.157347121619759,0.226053978203588,0.0496071183819139,0.000101532806949144,0.000322725734216895,0.00191121925932458,0.00050560939931375,0.0278368524004073,1.7358192752865,0.000136531973815337,0,3.81584535968965e-05,0.0247640475003722,0.000573418488906257,0.000561932527321341,0.000197882593970043,0.31996815058697,4.59923238562776e-05,0.111075801187344,0.00134927101175811,0,0.00303506681983793,0.623104978153183,0.541042667499023,3.61528887254365,3.78019164535403e-05,0.0166480727466491,0.00467152120557016,0.123357599770535,0.00169554669929449,0.16718541265502,0,1.48028021917316,0.0157400947863491,0.00218374837719782,0.00887840728817454,0.490777374635708,0.000438155974087362,0.000305738953518045,0.190322942345213,0.00113777947748313
0,0.119216860571561,0.000818304761002303,0,0,0,2.3272311705135e-05,5.16436595958993e-05,0.00363184238445545,0,0.00843515453530435,0,0.0380369665102983,0,0,0.000701430388320537,0.00050798422444187,0.00249100174345623,0.00549799848646293,0,0.000225410594076559,0.0421481711237186,0.000557228162845635,0.00188749622756864,0.0915604364296149,0.0307499611908827,0.123285073421204,0.00010267318888154,0.000304125195678431,1.83484893353418e-05,0.00619225087550695,0,5.26116506387674e-05,0.0044160012963917,0.000901010386428892,0.00150064067732599,0.00595353645503943,0.00771888525007074,0.00149260914017584,0,8.20719484732717e-05,0.000255323296685811,0.0295205630834594,0.0335960409502064,0.0839552665760888,0.0187652284279662,0.00147979967236132,0.000189415168488552,0.00036515144723507,0.000377642698196393,2.35130505007783,1.61208512928552,0,0,1.36752947614387e-05,0.00704721479129818,3.25356277007254e-05,0.0115120643281838,1.58583434336544e-05,0.0326832049304355,6.83998755274013e-05,0.60943575701794,0.000521012769260833,0,0.69379629407854,0.070965644219337,0.0137463563459863,0.0625562160757157,0,0.0139869873144273,0.880652394588595,0.703745216725501,0.0347254688296648,0.93981625606002,1.48028021917316,0,0.0102040899547484,0.000527081889722503,0.00314848439696145,0.340110741351576,9.03577217455436e-05,4.57293854502481e-05,0.0554608499331844,0.0020545521626185
0.000148037774565122,0.000226344158019124,0,0.000686990410427066,0,0.0013793772882089,0.00049646761468708,0.000258780947502307,0.00862392145646226,0.000722232883675344,0,0.000284633121214146,0.000283182284675332,0.000231438085375093,0,0.00336903676780714,0,0,0,0.000145883080864006,0.000405168247914577,0.00391673455222081,0.000105939914120261,0.0189526082134905,0.000331090416366957,5.31870325133112e-05,0.000151963240910985,0.00308488929059552,0.00274627314695946,0.00301676694417421,0,0.000278166715661304,0.00172289365091447,0.004620200117257,0.000753406101056825,0.0144742440148137,0.00311274880263482,0.00426343949559625,0.00473973582873879,0.00084361934850115,0.00028502715881365,3.94410741066491e-05,0.0793122665140755,0.0133706801292299,0.183135528197471,0.0603461321987333,0.00914877432350725,0.000465626902449177,0.000126468244579679,0.0307222051260788,0.00134987336561654,0.0703762420299876,2.47807497197865,0,0.0411828521863355,2.69033688321753,0.051780508858002,0.211064702490367,1.32065664363157,0.00142085142904408,0.0102802275111715,1.86771477173493e-05,0.085850263758535,0.000761677176579798,0.198703989628032,0.0309448172324671,0.00016800168550497,0.00346133933507879,0.159713740517883,1.24756526314828,0.0314803344513974,0.343796340381227,2.33017611980162,0.000799513746078472,0.0157400947863491,0.0102040899547484,0,0.0686467048607095,0.801574532584812,6.46931638844472e-05,0.00136916552645203,0.0237613712143747,0.0986311094840964,0.0051470723776492
0.000201084792851213,3.84869079765302e-05,0,0.000939481160920505,0,0.00163620586885237,0.000365321960742763,0.000736492652983448,0.0105644528079126,0.000651465842994872,0,0.0004257608885601,6.01435051939044e-05,0.000266988677334437,0,0.00031310613034833,0,0,0,0.00102075082694476,7.73219146697835e-05,2.04951436692266e-05,0,0.0110833190805669,0,0,4.51811088263176e-05,0.00189669383146804,0.00180173700158627,0.000283896906567039,0,0,0.000747930886320225,0.00111962542760575,0.000143632208791268,0.000870505994994302,0.00039609195837266,0.000706636695273856,0.000715863130148813,0.00290598487275543,0.000173467058950549,0.000193043436565069,0.0193505756787992,0.00413518340158577,0.398812272511593,0.0373027529934387,0.0724955301030187,0.0434882942810448,0.000828562870647561,0.814173992801448,8.70437147864299e-05,0.00127166933091887,0.0159352813590905,0.00688262929391974,0.118555389884755,0.209559903134459,0.220556693203697,0.0765916286694499,0.058690342121928,0.023005187348118,0.0530212392659738,0.000316195204947745,3.79461152335653,0.00340486665565755,0.000701488297579351,0.00207570243068086,0,0.00118063877387223,0.074015172888846,0.242228619038548,0.00146370073641565,0.0470678769435131,0.0691992127427231,0.00019796528554126,0.00218374837719782,0.000527081889722503,0.0686467048607095,0,1.83531327287096,0.000762536325795987,1.14328184407121,2.42015988067023,2.00564979430177,0.000876107759921108
0,0.000108350144554486,0,0.000461918670763284,0,0.00171910481579247,0.000597579974498804,0.000851519120624129,0.00664574523623992,0.000119406912673092,0,0.000279614918745489,5.81724304598704e-05,0.000756319284942507,0,0.000479991119337157,0,0,0,0.000219998817750467,0,0.000566615086060168,2.82003135400038e-05,0.0177405175385393,3.99648209738045e-05,0,0,0.00338930381264104,0.00144457211113651,0.000884290122496714,0,0,0.000401487587653569,0.00156085599870426,0.000254387517367732,0.00319087608066353,0.00114242840721396,0.00121664337917032,0.0017974129926458,0.000645911448999242,0,0,0.0395428835197282,0.0122669560365677,0.243673790354152,0.0568139266013932,0.00403388749945802,0.000417785479845446,0.000444525787486574,0.145951783084185,0.000485473592213962,0.0149592990061179,0.000628078506217068,0,0.00054190674861369,1.6891533196625,0.00633627193126799,0.071007006641691,0.00201048622190587,0.00208601573667544,0.000579046315386567,4.45129307613396e-05,0.0459852873668497,0,0.0141312737460616,0.0647074052129439,0.000137683354538491,0.00326792139481657,0.00131875323404924,2.60892387804285,0.00727153795340763,0.130029961850984,0.0504261923308636,0.000252026392502545,0.00887840728817454,0.00314848439696145,0.801574532584812,1.83531327287096,0,3.7585707241012e-05,0.00313852089594069,0.544344798816547,0.500226760612864,0.00160392239547756
0,0.00140623112950089,7.46775140574585e-05,0,0,0,0,0,0,0,0.0011926166372262,0,0.0116907154502932,0,0,0,0,0.000498428003584432,0.000223688881796934,0,0,0,0,0,0.0188100308715473,0.00237050439877552,0.00270252672484553,0,0,0,0.00339757056775841,0,0,0,8.72543925349383e-06,7.0029704559737e-05,0.00130774353442639,0.00150847444821562,0,0,0,0,0.00655476749449788,0.141844316396704,0.0786767031695166,0.00933911081542479,0,0,0.00643618477731349,0,0.00865349094815807,0.000696815622815479,8.29666015654523e-05,0,5.06317217241654e-05,0.000123075044605272,0,0.000671532635307118,0,0.276185233010247,0,1.49191029164745,0,0,0.000181221507345041,0.00214377708925126,0.0055005964773124,0.00956438715140307,0,7.12343584112079e-05,0.00161924055407819,9.56230487742139e-05,0.000161459040478631,0.370197224860094,0.490777374635708,0.340110741351576,6.46931638844472e-05,0.000762536325795987,3.7585707241012e-05,0,0.00016295197484617,0,0.0148472734799393,0
0,0,0,0.000107560975428755,0,6.82509057737795e-05,0,0,0.000227205154466538,0,0,0,0,0,0,0,0,0,0,6.25389169954423e-05,0,0,0,0.000585187653003946,0,0,0,0,0,3.64426691605514e-05,0,0,0,0,0,0,0,0,0,0,0,0,0.00222437771397046,0.000944467044368059,0.0910699512369594,0.00152841615764328,0.14252705248113,2.11675522288529,0,0.000588837511463366,0,9.6521446362385e-05,0.000833716177716701,0.238994222965148,0.491587097315137,0.00163803410346828,0.723880437459193,0.00280767698707154,0.00210783125272993,0.00418271134574064,0.00338335972857912,0,0.115403410743543,0.000907975784160233,0,4.25858201331406e-05,0,0.000424458776818713,0.00485570811369478,8.85318851990943e-05,7.29621081364544e-05,0,0.00173494685627845,0,0.000438155974087362,9.03577217455436e-05,0.00136916552645203,1.14328184407121,0.00313852089594069,0.00016295197484617,0,0.00418733523512434,1.13342738488346,9.50081974353733e-06
0,0,0,0,0,8.68391274144904e-05,0.000132717935987438,0,0.00186573639074275,0,0,7.61563554964291e-05,0,6.51517375443479e-05,0,0,0,0,0,0.000370725219367561,0,0,0,0.000637662973455981,0,0,0,4.24033265892755e-05,0.000162078298154263,6.63017871633566e-05,0,0,0.00160229481332791,0.000230207259257308,7.02993229892928e-05,0.000835437164858553,0,0.000719819634677103,0.000759644066523572,0.000107921429117284,0,0,0.00604514970382462,0.00275090346836098,0.27878318255282,0.0770856634140178,0.00312959015063924,0.000588046576791162,0.000259048001112198,0.0222547416577031,0,7.99159084878746e-05,0.000774591865360552,0.000231609957182504,0.000546272122335108,0.0109552152306168,0.00229979030095873,0.0253615473738085,0.00222546986505854,0.00176709713176583,0.000464559704871689,0,0.0254765925294289,0,0.000645320145401945,0.00068329841917359,0,0.000146106104571261,0.00290373661380009,0.578491122526435,0.00110388750994413,0.0742055537182336,0.0111991680770343,0,0.000305738953518045,4.57293854502481e-05,0.0237613712143747,2.42015988067023,0.544344798816547,0,0.00418733523512434,0,0.957967218449763,0.00022120918082444
0,0.00052696782392491,0,0,0,0.000717822855081846,0.000170304655089846,0.000109540170969585,0.00469360830290202,2.23679434648938e-05,0.000138980176484752,0.000134459867091207,0.000455976993535182,0,0,0,0,0,0,0.00130225734034603,3.97811106014785e-05,0.000844330951260347,4.51695648210307e-05,0.00636572851880051,0.0013630877871705,0.000752632029432018,0.00058564456630698,0.00124575396408215,0.000658587981028369,5.80486517281287e-05,0,0,0.00035892944618836,0.000159433113824024,0.000832963582601133,0.00133893316547877,0.000886040061131646,0.000884089755624738,0.00138512003781538,0.000792633042598074,0,0,0.328363913846252,0.238979039260636,3.79176319749997,0.334584587154049,0.0307605758580831,0.114085193245252,0.00948756339137117,0.0271309814545055,0.00524181962028395,0.0571650016863693,0.00867671687642514,0.00627755078919646,0.0566761627063297,0.084745900991302,0.0407731060520196,0.0478379354464544,0.0301169365073801,1.6055675594361,0.0336632630234023,0.0118489762264727,0.212646137459644,0.00243593633344598,0.0254309465889764,0.94091669149921,0.0172832573838845,0.598049594200189,0.051827331887347,0.449178335033705,0.00710269477357309,0.306023898741798,0.0441393612286161,0.00808553008396792,0.190322942345213,0.0554608499331844,0.0986311094840964,2.00564979430177,0.500226760612864,0.0148472734799393,1.13342738488346,0.957967218449763,0,0.00335215414570529
0,5.37625864840408e-05,0.000284073128765116,0,0,0.000437035324564121,3.98077282386935e-05,0,6.18901598290156e-05,0,2.36346827806429e-05,0.00106917837068577,0.00042834274223416,0,0.0185477264986026,0.000514842265352635,3.85758121543671e-05,0,1.19514454234587e-05,0,0.000401033261502384,0.000398712562245029,0.00234530275980991,0.000156700156039995,0.0001373079950143,0.000172862749154502,0.00168550523922668,0.000283857686779284,0,0.000121362924692805,0,0,0,0.000902232948625882,1.4769175842564,0.0117554184071106,0.0202758980192077,0.0373473517261252,0.0320957126804599,0.0057377641853641,0.002809816501706,0.000241724524174691,0.055382487860663,0.0479385411186503,0.0265086188580133,0.0178709675529841,0.00464939169788397,0.000262706196092851,0.000569444528421443,4.82798553771128e-05,6.55710294606423e-05,0.00121580274168306,0,0,0.552888627835907,0.0019102735385414,7.67984690280674e-05,0.00837870942708773,0.00144156516341662,0.00115987286398316,0.419514493054248,0,0.000216407819671198,0.244409142505723,0.00767132819093318,0.000191090401959969,4.88839867750863e-05,0.000134559601466678,3.36217608865597e-05,0.00337930009210995,0.000703323848236643,0.0184641755050204,0.00206223979116198,0,0.00113777947748313,0.0020545521626185,0.0051470723776492,0.000876107759921108,0.00160392239547756,0,9.50081974353733e-06,0.00022120918082444,0.00335215414570529,0
