0,0.00168568091916296,0.0803643631088613,0.00393091591176953,0.00110030511037369,0.000413065486810331,2.03344843773576,0.780152480872199,0.042241426061443,0.0612048873338874,0.00175363028562478,0.000231132830526892,0,2.36243644878373,0,0.00488965453199757,0.0174927107537552,0,0.00186629747589256,0.000218253807468803,0.0371400288398185,0.01593423715169,0.075865774838366,0.0305771695926185,0,0.00350550974872815,0.00585044317442469,0.0924120494338091,2.30783221047493,0.34647565040324,0,0.0038437778230465,0.252767318943214,0.0870231125723739,0.000294682804716964,0.0217840166025589,0.0122376375736452,0.0929831053260433,0.0432075504398276,0.000880899858588621,0.000467415282403683,0,0.00041290253708994,0.000140237095406497,0.000417775536632565,0.00165008277254917,0,0,0,0.00552636938054148,0.000435470820695489,0.000231533326742125,0.000246844829872675,0,0,0.0035299322926239,0.000414034586486672,0.0142434736244765,0.000142159613320342,0,0,0,0.00113411059402568,0,0.0045904580804845,0,0,0,0,0.00152045350198087,0.00206254043111509,0.00169683383754087,0.0101500849308161,0,0,0.000192410654933915,0.00606464206771491,0.00372121423903185,0.00568361454943418,0,0,0.001520269047687,0.00349496337796229,4.88546850946524e-05
0.00168568091916296,0,0.032562491261061,0,0,6.08573234684765e-05,0.00157453147029248,0.00024548657615023,0.0458698196864764,0.000491736372969357,0.00119744341265604,0,0.00303630754207911,0.000431289516082705,0,0.106306206573162,0.00203655201640755,0.00323557857344956,0.00835731521091021,0,0.00248269587404211,2.16513365188615,0.0136816556648921,0.0380618743331781,0.81630579762377,0.121496099422402,1.90081560974612,0.00605961583525521,0.000934633000961488,0.00184010729258902,0.00226971513921851,0,0.00249164663786856,0.00678880291731988,0,0.00156350662540488,0.00059803340258735,0.00375340103324066,0.00802532116528924,0.000264448388028762,0,0,0.00237228560500877,0.00556191346175725,0.00253810606864689,0.000159307698080023,0,0,0.000828254827221556,0.000202358903697452,1.7099271522479,0.00030088710459917,0,0,0,7.61344718949375e-05,0,0.0645444734435396,0,0.000876089303430676,0,0.00518870167184121,5.04690757257907e-05,0,0.0140727165758494,0,0.000801171933802788,0.00133436008813109,0,0.000176070174870642,0.455208046860172,0.00199483451497432,0.0094828682575058,0.219640323506754,0.00487356929171201,0.0852945279189358,0.000285485611867817,0.000292647290543458,0.00128852509638187,0,0,0,0.000410286485213896,4.64176151735665e-05
0.0803643631088613,0.032562491261061,0,0,0,0.000123919234784633,0.0266468564425207,0.0264993747258321,0.0020688443956796,0.00606295869427441,0.000580157848851038,0,0.000189274589477033,0.00705083386510743,0,0.0100394306960791,1.47466595109592,0.000801053611351335,0.046833724500894,0,0.130912616544211,0.00887798323775621,3.07177560350785,0.00218295283753715,0.00127625363779752,1.62972659730605,2.03289772593716,0.0292429669226817,0.013626413164056,0.129963120239696,0.000191772758178161,0,0.00279708794229194,0.042636515746929,7.76006414295196e-05,0.00931684030631372,0.0939327694997975,0.0560940631419444,0.0179663405824242,0.000986406842538017,0.000206650574446702,0.000305185257010065,0.000576130071327839,0.000222068106214036,0,0.000340467172907921,0,0,0,0.000356558107373478,0.000622729593679237,0,0,0,0,0,0,0.000366890385409102,0,0,0,0,4.21166402601696e-05,0,0.00119709917809303,0,0,0,0,0.00020290491340582,0.000931969685411376,0.000104626791774495,0.000357705137710904,0.000270051644044436,2.76787560796227e-05,0.000446578383855679,0.000517556338548622,0.000274229228789734,0.000653879159335432,0,0,0,0.000434374852404764,0.000164753740417361
0.00393091591176953,0,0,0,0.000564081341905547,0.000702964029148379,0.0593307711148673,0.00529716387691695,0.142765828782088,1.62422208765424,0.000181562155570555,0.773847863963775,0,0.00435727809410175,0.000685333602469973,0,0,0,0,15.8425039461823,0,0,0,4.3618441070247,0,0,0,1.96521892240912,0.00341434166133588,0,0,0.000222941027447708,0.000660270126421734,0.00528918607780727,0,0,0,0.00436139505074174,0.000501276951211792,0.0037745874947901,0.000234626692249714,0,0,0,0,0,0,0,0,0,0,0,0.351224117183056,0,0,0,0,0,0,0,0,0,0,0,0,0,0,0,0.00115662951054441,0,0,0,0.0014974834636272,0,0,0,0.000250854571739617,4.730638880498e-05,0.000108610230350811,0,0,0.000137109289586771,0,0
0.00110030511037369,0,0,0.000564081341905547,0,0.271875899286567,0.000243565966133679,0.122575405322717,0,0.000417897489570058,0.001443216879623,8.66849457590892e-05,0.000178227182179845,0.0159315141206496,0.176066019377108,0,0,0,0,0,0,0,8.24608826267446e-05,6.42639597677398e-05,0,0,0,0,0.0461947216091496,0,0,4.48171054861942,0.0018695079389699,0.202617439268819,0,0,0,0.0123905136774483,0,0.00800584332185185,0.994626050785115,0,0,0,0,0,0,0,0,0,0,0,0,0,0,0,0,0,0,0,0,0,0,0,0.000306140559812221,0,0,0,0,0,0,0,0,0,0,0,0,0,2.96696147772746e-05,0,0,0,0,0
0.000413065486810331,6.08573234684765e-05,0.000123919234784633,0.000702964029148379,0.271875899286567,0,0.0111941990072491,2.43847217780742,0,0.180857650855606,0.00174002791213538,1.43725819693906,0.000120565372918585,0.0886736457744387,1.0527657671329,0,0,7.87919639590011e-05,0.000159660599566014,0,0,0,0,0.00267970255717958,0,8.1857086530461e-05,7.12017368941506e-05,0.00483367329170045,0.0599802819277677,0.000109161605477818,0,0.643900725329939,0.00109058181528408,0.289499470900259,0.769607192291358,0.000613062175033876,0.000672008852428027,0.0108565703767264,0.000146227749330031,0.149875032428292,0.221219055427303,0.000139735730669895,0.000159580364294896,0.00012900895798606,0,0,0,0,0,0,0,0,0,0,0,0,0,0,0,0,0.000361382994352497,0,0,0,0.000183175080438174,0,0,0,0,0,0,0,3.22809890839089e-05,0,0,0,2.36871528126552e-05,0,0,0,0,0,0,0.000742527143251728
2.03344843773576,0.00157453147029248,0.0266468564425207,0.0593307711148673,0.000243565966133679,0.0111941990072491,0,0.404403373513536,0.112960270185423,4.12506554983584,0.00155339656719043,0.0054496600943413,9.58862601803459e-05,0.554497415343108,0,0.0114205883808131,0.00474853418150579,0.00023053986053904,0.000139724973182512,0.031319205157652,0.0726322989624475,0.028061820917776,0.0905519390821407,0.189373803429771,0.000113700294677721,0.00166813022822153,0.0161775477764754,3.92805083765569,0.116636415382358,1.81831007011538,0,0.00302964292248733,0.0452071489009927,0.106052614396041,0.000407949593027757,0.0263598339544939,0.00527693355885262,0.0667794041419643,0.0235224960926243,0.00170604278610258,0.000398300339893228,0,0.00118329404559714,0.000181449877817319,0.00137236853801723,0.000720161142884624,0,0,0,0.00481410490100392,0,0.000420374639540651,0,0,9.6167285832401e-05,0.00848457959967485,0.00024982964549358,0.0138779297995375,9.7260273992459e-05,0,0,0,0.00159014463335398,0,0.0061976461990804,0,0,0,0,0.00287113286833552,0.00513809115001223,0.00275360346176937,0.0197196388741346,0,0,0.000545365362798349,0.0097953219366781,0.00658632265349635,0.00622562347920017,0,0,0.00209434582923122,0.00392519449256593,0.000201528582442325
0.780152480872199,0.00024548657615023,0.0264993747258321,0.00529716387691695,0.122575405322717,2.43847217780742,0.404403373513536,0,0.0187212955978242,1.33107094251012,0.00382486037013558,0.0847144158042632,0.000315406099012662,4.5780284164797,0.00406618002823404,0.00157813035592288,0.00704792019917768,8.18007888536299e-05,0.000910368960867452,0.000323356846712065,0.013375447902648,0.00673400175851445,0.0316425810005531,0.0266628713323509,0,0.00207388034185355,0.00334355953547956,0.070712340760841,0.255995190166252,0.0379154887725329,7.84462320783464e-05,0.583078548450082,0.00976947655817701,0.509184933274986,9.17563377878055e-05,0.00925857436296382,0.00458138478585711,0.0675025599093474,0.0122665830063906,0.000627687620525693,0.0753087791379248,0,9.60827510921311e-05,4.80766913158433e-05,0.000696402975180305,0.000387677841945117,0,0,0,0.00300315586297411,7.29926782731599e-05,8.93941223772069e-05,0,0,7.90369751504907e-05,0.00282148552725729,0.000278735432062503,0.00346232740413985,0,0,0,0,0.000963537640812837,0,0.00103298158621205,0,0,0,0,0.00105293414166304,0.00121373176656398,0.000576554003423642,0.00749315803655161,0,0,0.000137206059110644,0.0045703289927491,0.00190958930604247,0.00283472127568526,0,3.63315724877756e-05,0.00017639636329646,0.00245235570787525,0.000105514135070376
0.042241426061443,0.0458698196864764,0.0020688443956796,0.142765828782088,0,0,0.112960270185423,0.0187212955978242,0,0.029867438887009,0.000284848880492455,0.700935064472728,0,0.0117928531964253,0.00152226090063952,0.0164931672819211,0.000351339553725915,0,7.00618985344913e-05,0.101453232156234,0.00445999296529567,1.53086283002033,0.0046662889607452,4.52050399215714,0.00242237175245444,9.60230022888134e-05,0.0107802315664605,0.129899376543385,0.0384673723019851,0.0244988826549931,0,0.000685954175706638,0.0480226476811512,0.0670270531970883,0.0146748578880413,0.421012655152425,0.0390230989039774,0.024038580140743,0.0262451385097093,1.80491009299895,0,0,0.010423098247596,0.00134758534197951,0.00808962804439606,0.00675044066823026,0.00451970495935254,0,0,0.0356227336048946,0.0126805176914845,0.00237260713544428,0,0,0.0001678424589996,0.0323321044222342,0.00128994436542577,1.14905485624119,0.00143282896089056,6.83862749753282e-05,0,6.1547888613709e-05,0.00626870523065701,0,0.0363746724038032,0.000142595605868117,0,0,0,0.00656098846273471,0.0876579203741918,0.00674653639693622,0.121598315676028,0.000677089396800665,0,0.00216862141151033,0.0351448255593802,0.0284094071850508,0.0227423931841663,0,0,0.0133421891962788,0.0165881653651017,0.00059520737478518
0.0612048873338874,0.000491736372969357,0.00606295869427441,1.62422208765424,0.000417897489570058,0.180857650855606,4.12506554983584,1.33107094251012,0.029867438887009,0,0.00154344106692027,0.730005616149969,0,0.122307737446999,0,0.00124017488585026,0.000838741253915275,6.61342351608004e-05,0.00012060165929203,1.8123814916884,0.0102001370134558,0.00455823554160567,0.00903957127927544,0.102895131502859,5.2786695122182e-05,0.000289214993232532,0.00257435030725789,1.74897897122414,0.0541572658679872,0.0114774398660837,0,0.00279853656612179,0.00983126134168424,0.0700479751160593,0.322367035949783,0.00689563007749165,0.0024683979289947,0.0342814956259032,0.00876604757082299,0.000969695491194369,0.000236034693202179,0,0.000153138956126923,0.000107173468458524,0,4.92329496091376e-05,0,0,0,0.000832183643920438,0,3.78440346846163e-05,0.000990736842490129,0,0,0.00140624360753283,2.71614636099325e-05,0.0031221676843308,2.54994681609836e-05,3.47778423861978e-05,0,0,0.000355579237401316,0,0.00150362703094361,0,0,0,0,0.000840476784871825,0.000699300614910797,0.00066135681440373,0.00378046978748248,0,0,0.000121789947674029,0.00168612802915913,0.000892786017591162,0.00124438122703774,0,0,0.000315324296102876,0.000597943207489995,1.81097106623836e-05
0.00175363028562478,0.00119744341265604,0.000580157848851038,0.000181562155570555,0.001443216879623,0.00174002791213538,0.00155339656719043,0.00382486037013558,0.000284848880492455,0.00154344106692027,0,0.000350312916416722,4.23964963148101,0.00689807839205469,0,0,0.0473653091752405,1.72736476569113,1.43291499331559,0,0.000283474098677343,0.000156387289255979,0.000322473198133699,0.000166546913927194,0.770721686728898,1.5374127777512,0.0248334599503574,0.000999543241221838,0.0192696677910015,0.0011845560306053,1.31832382363298,0.00415705715952175,0.00302551251614071,2.01399647860401,7.14696571556902e-05,0.00409480471763516,0.636978750246347,0.726847612141206,0.0331320588393949,0,0.000839802687185164,0.242851923540482,4.03674812574232e-05,0.00367332374327771,0.00141444568103772,0,0,0,0.000106826319782359,0,0.00301933577399298,0,0,0,5.89981862644112e-05,6.09773737827524e-05,0,0.00026821822623735,0,0.00170099194110937,0,0.0285323996813265,0,0,0,0,0.00146542768485479,0.000539250604787761,0,0,0,0,2.51989072949969e-05,0.0183394385121215,0.00890271333913197,0.00461838888412627,9.49087665067716e-05,0,0,0.00357236486279785,0,0.000165440542817757,0.000161312584252031,1.20214424210471e-05
0.000231132830526892,0,0,0.773847863963775,8.66849457590892e-05,1.43725819693906,0.0054496600943413,0.0847144158042632,0.700935064472728,0.730005616149969,0.000350312916416722,0,0,0.00360750485073309,0.665397770430291,0,0,0,0,5.36940924033093,0.000247982572769097,0,0.000181360196308995,0.578616425123074,0,3.13835089655826e-05,0,0.0120360868633595,0.00313149813509628,0,0,0.000536260161108949,8.61848651677686e-05,0.0071733399674251,1.56619112283111,0.00303726924979739,0.000783073791977331,0.00397247325958655,0.000438086451803821,0.576620172234275,0,0,0.00162458513397343,0.00105529945225369,7.11186317042321e-05,0.000931522275393517,0,0,0,0,0,0,0.00983089599794833,0,0.000210114009828823,0,0,0.00021119292853998,0,0,0.00143735900222125,0,0,0.000861251928107071,0.000346685508499277,0,0,0,0,0,0,0,0,0,0,2.73694142004532e-05,0,0,0,0,0,0,5.21858656348968e-05,0.0184387191995378
0,0.00303630754207911,0.000189274589477033,0,0.000178227182179845,0.000120565372918585,9.58862601803459e-05,0.000315406099012662,0,0,4.23964963148101,0,0,0.000238442894272383,0,0,0.00025243686717219,0.0762163549502329,0.013842412041834,0,0,0.00184014685291589,5.71937729878323e-05,3.23619651237347e-05,2.19259654432421,0.251604896422399,0.285708314325671,0,0.000817861283222438,0,0.131742680842508,0,0,0.0999026728432179,1.89212549187212e-05,0.00845950842589114,0.356528593639565,0.135958502010353,0.02447246118175,0,0,0.301664505805752,0.00538067389855849,0.0274236991885549,0.00457545048097001,0.010887313475448,0,0,0.0245329642043753,0,0.00618681065999373,0,0,0,0,0,0,0,0,0.044051367560251,0,0.390477678138709,0,0,0,0,0.00400248765805687,0.00107222953811062,0,3.08540701431821e-05,0.000407157667775698,0,0.000231092964388922,0.0330950088800568,0.0237894081857153,0.0109736650707587,0,0,0,0.0110083732850957,0,0,0.000744985425715752,0
2.36243644878373,0.000431289516082705,0.00705083386510743,0.00435727809410175,0.0159315141206496,0.0886736457744387,0.554497415343108,4.5780284164797,0.0117928531964253,0.122307737446999,0.00689807839205469,0.00360750485073309,0.000238442894272383,0,0.000186323962814386,0.000758011212871782,0.00188310734108612,0.000115852768692278,0.000390230848059414,0.00024459391284294,0.00428058389274578,0.00291332289586937,0.00987758902785227,0.0123833970623799,9.20798335983302e-05,0.000892874015489399,0.00114220793984605,0.0348996551426929,3.97084713911853,0.216077365401789,0,0.774984462954622,0.0493872412202406,0.379056354170825,7.77056993939559e-05,0.00456032000469631,0.00331226911270623,0.0850172447202102,0.0051725823512603,0.000330498100736629,0.0250695293622084,0,0.00033689839674656,0,0.000647196062238104,0,0,0,0,0.00307150082289809,0,4.58266266149198e-05,0,0,0,0.00216279987476012,3.6181278938275e-05,0.00184485316098057,6.99927748377743e-05,0,0,0,0.000717253421383931,0,0.00108600683017172,0,0,0,0,0.000227219167674241,0.000592957120497176,0.000384385854149998,0.00399746873815523,0,0,5.55022865636713e-05,0.00244419969685947,0.0015627385523839,0.00178363349930529,0,0,0.000834602866891191,0.000793571611004802,2.07095543824751e-05
0,0,0,0.000685333602469973,0.176066019377108,1.0527657671329,0,0.00406618002823404,0.00152226090063952,0,0,0.665397770430291,0,0.000186323962814386,0,0,0,0,0,0,0,0,0,0,0,0,0,0.000554473114375306,0,0,0,0,0,0,0.111300516080383,0.000866471007090048,0.00255988348788231,0,0.00254626872702234,0.191418583165792,0,0,0.000199245081110183,0.00140247992406959,0.00049052076176721,0.00472427321744606,0,0,0.000456997921731237,0,0,0,0,0,0,0,0,0,0,0,0,0,0,0,0,0,0,0,0,0,0,0,0,0,0,0,0,0,0,0,0,0,0,0.0014143657796018
0.00488965453199757,0.106306206573162,0.0100394306960791,0,0,0,0.0114205883808131,0.00157813035592288,0.0164931672819211,0.00124017488585026,0,0,0,0.000758011212871782,0,0,0.00441763998773476,0,0,0,1.15820948089662,4.29743376918977,2.64922974557605,1.64138279287076,0.00259509353401005,0.00146923910268641,0.605992502893771,0.251147001269356,0.00455042425231436,0.0194265724167464,0,0,0.00625205292699527,0.0257856367774767,0.00104805520565765,0.0574517245882297,0.017353692313781,0.0793180129174958,0.069293297543747,0.00963842543091913,0,0,0.0101920609468313,0.00281918898869742,0.00631530895467996,0.010460836216359,0,9.65226012679529e-05,0,0.00265492374861553,0.0119842595543963,0.00132634527282577,0,0,0,0.00138773413309453,7.35620801117767e-05,0.0351520540401167,0.00011556886091968,0,0,5.27050732022742e-05,0.000354086693140061,0,0.11808318389017,0,0,0,0,0.00529641200935132,0.132897778753425,0.017480603562699,0.0184199867637913,0.000235862046932654,6.37894062451964e-05,0.00824912491717382,0.00278935365981719,0.00292431725180942,0.00511815062768918,0,0,0.00412251591519819,0.00351930122274069,0.00065955071797264
0.0174927107537552,0.00203655201640755,1.47466595109592,0,0,0,0.00474853418150579,0.00704792019917768,0.000351339553725915,0.000838741253915275,0.0473653091752405,0,0.00025243686717219,0.00188310734108612,0,0.00441763998773476,0,0.0249738025770419,2.84448802918863,0,0.0176984667842924,0.002140413227541,1.82868126623704,0.000417893954720651,0.00137117416105743,0.664322099975494,0.105492248686689,0.00459403433693489,0.00498252932253744,0.0218481917665748,0.000609518072532032,0,0.0010388403248905,1.18921927528286,0.000419875150743291,0.0146639459872195,1.12535391993257,0.257811141655404,0.0415825291717086,0.00209193260169055,0.0001815855917796,0,0.000177845502186386,0.00046969210152384,0.00033568983913608,0.000694982938235475,0,0,0,0.000286529431656046,0.00107734640621125,0,0,0,0,0,0,0.000145675707867321,0,0,0,0,2.94276959756409e-05,0,0.00013671949176244,0,0,0,0,0,0.000269488779247692,4.30486140760673e-05,0.000171529484269795,0.00151251687358755,2.24531228573871e-05,0.000157574377113041,8.96540152858349e-05,0,3.7986809028414e-05,0,0,0,0.000215166447657959,0.000223569190964341
0,0.00323557857344956,0.000801053611351335,0,0,7.87919639590011e-05,0.00023053986053904,8.18007888536299e-05,0,6.61342351608004e-05,1.72736476569113,0,0.0762163549502329,0.000115852768692278,0,0,0.0249738025770419,0,4.8352132843645,0,0,0.000387169971372251,0.000309359377016387,0,0.110700295656875,1.44701018753344,0.0209628093555591,0,0.00115819387182852,0.000188831723018572,0.129640943784133,0.00116143560876094,0,0.078063977569682,0,0.000244974016601158,0.0173639488664246,0.0300897990828568,0.00139707119994978,0,0,0.00210122483809591,0,0.00195243016798935,0.000907130870940367,0,0,0,0.000297429040070766,0,0.00562964178479619,0,0,0,0,0,0,0.000350760493804243,0,0.00157751227784066,0,0.0246978151019809,0,0,6.6471359784057e-05,0,0.00241552467177525,0.000446070511377863,0,0,0,0,3.78570110960979e-05,0.0389797922992605,0.00678168423391408,0.00358639279138192,0,0,0,0.00245099551738812,0,0,0.00013019399727443,0
0.00186629747589256,0.00835731521091021,0.046833724500894,0,0,0.000159660599566014,0.000139724973182512,0.000910368960867452,7.00618985344913e-05,0.00012060165929203,1.43291499331559,0,0.013842412041834,0.000390230848059414,0,0,2.84448802918863,4.8352132843645,0,0,0.00215725052182476,0.000535335306604733,0.0231245237767999,6.45640270659914e-05,0.0220453055155998,1.35418917103516,0.0320662737346549,0.0005441432424435,0.0017621899727102,0.00169480957037033,0.0233218354391137,0,0.00011706591590123,1.30036786350228,0.000108671636372127,0.00299759257929794,0.403150661336201,0.279185778921607,0.0156227065119615,0.000131602948329822,0,0,5.42898125486246e-05,0.00028310412457859,0,0,0,0,0,0,0.00238540158303072,0,0,0,0,0,0,0,0,0.000273022749880045,0,0.00281740488822822,0,0,0,0,0.000339984214937699,9.8917833013426e-05,0,0,0.000285323770115985,0,0.000151145133746464,0.0126745402628506,0.00163538674083255,0.000987023058596844,0,0,0,0.00060369725177423,0,0,0,0
0.000218253807468803,0,0,15.8425039461823,0,0,0.031319205157652,0.000323356846712065,0.101453232156234,1.8123814916884,0,5.36940924033093,0,0.00024459391284294,0,0,0,0,0,0,0,0,0,1.32704018172709,0,0,0,0.236156527863094,0.000183144300420367,0,0,0,0,0.000448408573753189,0,0,0,0.000199418439898767,0,0.00738950553063114,0,0,0,0,0,0,0,0,0,0,0,0,0.0616691145394586,0,0,0,0,0,0,0,0,0,0,0,0,0,0,0,0,0,0,0,0,0,0,0,0,0,0,0,0,0,0,0
0.0371400288398185,0.00248269587404211,0.130912616544211,0,0,0,0.0726322989624475,0.013375447902648,0.00445999296529567,0.0102001370134558,0.000283474098677343,0.000247982572769097,0,0.00428058389274578,0,1.15820948089662,0.0176984667842924,0,0.00215725052182476,0,0,0.0784616116105469,7.07915651857587,0.092062820397399,7.3912217366523e-05,0.00498651261759355,0.101908958032683,2.08744040230366,0.276087691801476,3.32002328576396,0,8.28193460703764e-05,0.42997506806841,0.134687497180207,0.00196966368062324,0.0962527093050037,0.0311963712626472,0.177865036689918,0.0918823898288407,0.0082732364222993,0,0.000133174759696524,0.0025185074435225,0.000844020193671705,0.00130184803144828,0.00237449086463688,0,0,0,0.00260425335029963,0.000479006712094533,0.000217072405021952,4.1276893069128e-05,0,0,0.0012838635046945,0,0.00526771694416833,4.62357451751494e-05,0,0,3.98053343327702e-05,0.000814899349155648,0,0.0132329220979794,5.76188316322133e-05,0,0,0,0.00190277854007444,0.00776589836952167,0.00258495157395878,0.0114010018997174,0,0,0.000727676284009124,0.00293538570900348,0.00314692104680245,0.00446107302602322,0,0,0.00155680224098217,0.00314999126384171,0.000967251364719842
0.01593423715169,2.16513365188615,0.00887798323775621,0,0,0,0.028061820917776,0.00673400175851445,1.53086283002033,0.00455823554160567,0.000156387289255979,0,0.00184014685291589,0.00291332289586937,0,4.29743376918977,0.002140413227541,0.000387169971372251,0.000535335306604733,0,0.0784616116105469,0,0.174812003828284,1.44118212791637,0.092307500183515,0.00674688359518392,0.854079420379369,0.132702050256063,0.0133138072472633,0.0423015226655023,0,8.79726962530209e-05,0.0175042835493468,0.0370701368820307,0.000364290246350833,0.0376274563270384,0.0057341452119923,0.0462636049150365,0.0435673438815329,0.00357227455787787,0,0,0.0381992384948837,0.00891247457631585,0.0251634684133676,0.0284209546809871,0,0,0,0.0102864813853955,0.405019765952297,0.00671088074592244,0,0,0,0.00287217390274529,8.50010873933993e-05,0.183948887978959,9.1689620387316e-05,0.000142482850416628,0,0.000819900947423546,0.0010346834001926,0,0.18058737950951,0.00145167755488755,0,9.97856381801656e-05,0,0.0124556407289332,1.25317943843762,0.0239469109900906,0.0606474634747013,0.0212746957661969,0.00177736812238936,0.0642900277908173,0.00860300063799543,0.00578568811117229,0.0150675317841604,0,0,0.00520038096232078,0.00746078197641299,0.000656461161824291
0.075865774838366,0.0136816556648921,3.07177560350785,0,8.24608826267446e-05,0,0.0905519390821407,0.0316425810005531,0.0046662889607452,0.00903957127927544,0.000322473198133699,0.000181360196308995,5.71937729878323e-05,0.00987758902785227,0,2.64922974557605,1.82868126623704,0.000309359377016387,0.0231245237767999,0,7.07915651857587,0.174812003828284,0,0.0838740321227763,0.000321844473957751,0.0913057758907665,2.01804203487692,0.401586898180385,0.0168614416542993,0.464385820990194,0,0.000104146694295347,0.00381627064072362,0.272367270883451,0.00544809675127473,0.157742692247199,0.154201674026205,0.417137821985518,0.17510491588678,0.0179043243468038,0.000225038518082844,9.38629354904803e-05,0.00474612209982717,0.00218005049856351,0.00208024444704305,0.00346280546210153,0,8.59760038083232e-05,0,0.00215204779913827,0.001099560987374,0.000453688407837612,0,0,0,0.00158480809219386,0,0.00604993775991938,0,2.6085724411478e-05,3.68445447688384e-05,4.46435679444072e-05,0.000458318020914603,0,0.0124785558851448,0,0,0,0,0.00262175509959032,0.0186428704919589,0.00346346099298805,0.00998705055832933,0.000119480796285534,2.1549198323239e-05,0.0019406765383672,0.00171801526101517,0.00227007033370938,0.00437397297962922,0,0,0.000974033488882405,0.00182703593429552,0.00271451601560068
0.0305771695926185,0.0380618743331781,0.00218295283753715,4.3618441070247,6.42639597677398e-05,0.00267970255717958,0.189373803429771,0.0266628713323509,4.52050399215714,0.102895131502859,0.000166546913927194,0.578616425123074,3.23619651237347e-05,0.0123833970623799,0,1.64138279287076,0.000417893954720651,0,6.45640270659914e-05,1.32704018172709,0.092062820397399,1.44118212791637,0.0838740321227763,0,0.00101221282977905,0.000499203699325879,0.0501883909098091,3.01704041002406,0.0449475736036338,0.0410163352641127,0,0.000252953506141448,0.0310915929831868,0.0679104978199108,0.000320056786466627,0.0267751468323272,0.00193138075350738,0.0217498424376906,0.0187413272339929,0.0420598843567693,0,0,0.0108453583387618,0.000820011412176044,0.0075332270251956,0.00606775258030816,0.000252222666983812,0,0,0.029233458595441,0.00350283373426749,0.00229128252038531,0,0,0.000181034858674784,0.0238257463328532,0.00150891664429445,0.0717312261457542,0.00107490974696705,0.000164850772747039,0,0,0.00619168758743007,0,0.0430570872273073,0.000322777869827826,0,0,0,0.0123809802091712,0.0464917972286727,0.00998294267218165,0.0863876030811866,0.000205534544936992,0.000232330098846196,0.00449412197290173,0.0340005513316736,0.0312803065673872,0.0305921702046939,4.83780727419927e-05,0,0.00949161722750484,0.0242814851489474,0.000115137249342897
0,0.81630579762377,0.00127625363779752,0,0,0,0.000113700294677721,0,0.00242237175245444,5.2786695122182e-05,0.770721686728898,0,2.19259654432421,9.20798335983302e-05,0,0.00259509353401005,0.00137117416105743,0.110700295656875,0.0220453055155998,0,7.3912217366523e-05,0.092307500183515,0.000321844473957751,0.00101221282977905,0,0.213664504996123,0.372192986229549,0.00016230697587743,0.000147441933484288,0,0.198079576623937,0.000550594388375646,0.000404816831435211,0.0278022880951069,9.76307891782571e-06,0.0069152988194264,0.892333858972577,0.101616357895997,0.0286730134192919,0,0,0.196084142296915,0.00664175449267911,0.52332511311968,0.0688747636094278,0.0138941027335217,0,0.000425590787264344,0.133308077095605,0,0.598805705289736,5.03873994892505e-05,0,0,0,0,0,0.0143910226896513,0,0.252474211817924,0,1.02604198013557,4.73995645469839e-05,0,0.00278821687243624,0.000780987597873697,0.031633330573416,0.017056485080083,0,0.000257186834055439,0.0633213775377999,0.00025754289659709,0.00188568880539996,1.12877703022593,0.156465168547303,0.143340999518415,0.000319573799985737,0.000209039950527657,0.000104938726517562,0.14663157020348,0.00053128403214503,0,0.00652441805748593,1.44990902907968e-05
0.00350550974872815,0.121496099422402,1.62972659730605,0,0,8.1857086530461e-05,0.00166813022822153,0.00207388034185355,9.60230022888134e-05,0.000289214993232532,1.5374127777512,3.13835089655826e-05,0.251604896422399,0.000892874015489399,0,0.00146923910268641,0.664322099975494,1.44701018753344,1.35418917103516,0,0.00498651261759355,0.00674688359518392,0.0913057758907665,0.000499203699325879,0.213664504996123,0,3.01895205279575,0.00172354538386899,0.0026965993726823,0.00688806299633755,1.80077577707417,0.000196102880130541,0.000155025891257929,0.0816988146861326,4.9798387795275e-05,0.00203256600966374,0.0863350262176513,0.0511049612047369,0.00505098331922525,0.000297835389780541,5.13853442495075e-05,0.00209307030733665,0,0.00457939835246446,0.00235362255702402,0.000523532250517665,0,0,0.000271924743548776,0,0.0475780751333292,0.000119072996218451,0,0,0,0,0,0.000672316188069419,0,0.00371350707136689,0,0.0613409143862266,0,0,0.000151173733062062,0.000133757385531056,0.00477293641769378,0.00268852745031432,0,0,0.00288680338309422,5.39357622616288e-05,0.000298234789249432,0.156564913124953,0.0342010640223618,0.0323186626419737,0,8.47705451357037e-05,0,0.00435841392288415,6.55341809107316e-05,0,0.000241545217833433,8.44270595560654e-05
0.00585044317442469,1.90081560974612,2.03289772593716,0,0,7.12017368941506e-05,0.0161775477764754,0.00334355953547956,0.0107802315664605,0.00257435030725789,0.0248334599503574,0,0.285708314325671,0.00114220793984605,0,0.605992502893771,0.105492248686689,0.0209628093555591,0.0320662737346549,0,0.101908958032683,0.854079420379369,2.01804203487692,0.0501883909098091,0.372192986229549,3.01895205279575,0,0.0490256731832478,0.00272447010056642,0.0266102407800311,0.278727680358659,5.06729788558598e-05,0.00120823758957356,0.0665811015769485,0.00210273963926774,0.0314772135386951,0.0188687372828984,0.104584793178045,0.037170386662903,0.00488274087829502,7.77253508842473e-05,0.000122439623598907,0.00184849539377896,0.00283552884606226,0.00131299858172183,0.00175987839302178,0,9.95576529052231e-05,0,0.000305246782227689,0.131416395460384,0.000386708206504227,0,0,0,0.000529157114416694,0,0.0062918618278891,0,0.00173212233201923,5.74596093888156e-05,0.0247911116221132,0.000190441843502762,3.51289148789826e-05,0.00420662668620122,4.64519352111293e-05,0.00210488470073458,0.00185170086697092,0,0.00022251639387799,0.0419273944464398,0.00157131584154501,0.00312355672956505,0.0995714385105495,0.0173985511910109,0.0478190511167705,0.00034991523829451,0.000135440812922731,0.000600903744429383,0.00100991543496589,0,0.000162043848191896,0.000378798245900425,0.00101749497915608
0.0924120494338091,0.00605961583525521,0.0292429669226817,1.96521892240912,0,0.00483367329170045,3.92805083765569,0.070712340760841,0.129899376543385,1.74897897122414,0.000999543241221838,0.0120360868633595,0,0.0348996551426929,0.000554473114375306,0.251147001269356,0.00459403433693489,0,0.0005441432424435,0.236156527863094,2.08744040230366,0.132702050256063,0.401586898180385,3.01704041002406,0.00016230697587743,0.00172354538386899,0.0490256731832478,0,0.0971851516867927,1.46782519354031,0,0.000856992223263915,0.0504354273444114,0.128361132354295,0.00105068326090708,0.0752826644771042,0.00998001604086487,0.0745693179117562,0.0529781776837441,0.00119260798275382,0.000152420725051092,0,0.00545778892568538,0.000393436104697292,0.00271461255588577,0.00310670049917822,0.000236727158424535,0,8.68269890572197e-05,0.0140634250453299,0.000540846832103071,0.000835240240709116,0,0,9.42342818697713e-05,0.0182298019502498,0.00101083132020887,0.0292564485471726,0.000809506740789485,0,0,0,0.00405536309220431,0,0.0202239099208717,0,3.12069486655656e-05,0,0,0.00658205188610325,0.0117730597124576,0.0065320911052317,0.0502561569269681,0,2.01617004613186e-05,0.00150922489410782,0.0271725018276422,0.0207455003269806,0.0192855066060307,0,0,0.00525451844082449,0.01101004457543,0.0004515642392819
2.30783221047493,0.000934633000961488,0.013626413164056,0.00341434166133588,0.0461947216091496,0.0599802819277677,0.116636415382358,0.255995190166252,0.0384673723019851,0.0541572658679872,0.0192696677910015,0.00313149813509628,0.000817861283222438,3.97084713911853,0,0.00455042425231436,0.00498252932253744,0.00115819387182852,0.0017621899727102,0.000183144300420367,0.276087691801476,0.0133138072472633,0.0168614416542993,0.0449475736036338,0.000147441933484288,0.0026965993726823,0.00272447010056642,0.0971851516867927,0,2.07671584508377,0.000134369269291882,0.873853541272258,3.17821624729549,1.71282056957206,0.000188392038860426,0.0146536528544786,0.00752327331305197,0.382160138917659,0.0251262334171523,0.000936243116714683,0.0883931053827815,0,0.000675701066530832,0.000133860673658383,0.00127622257341714,0.00108837927955132,0,9.23258308295027e-05,0,0.00698099673285035,0.000106638937333953,0.000252834362673568,0,0,0,0.00552542276438879,0.000139820220256854,0.00891782970708956,0.000277710125211865,0.000131280987194371,0,0.000206994585320838,0.00092998142183891,0,0.00480325320937198,0.000108339545140003,7.17016829144546e-05,0,0,0.00178466066891699,0.00190813753992641,0.00151604411507775,0.020914517786008,0,0.000239550916502143,0.000750671679103926,0.0122397098912315,0.00772710247596667,0.00731320710432367,0,4.97658870750456e-05,0.00299815411227504,0.00447358324444001,9.19018293975411e-05
0.34647565040324,0.00184010729258902,0.129963120239696,0,0,0.000109161605477818,1.81831007011538,0.0379154887725329,0.0244988826549931,0.0114774398660837,0.0011845560306053,0,0,0.216077365401789,0,0.0194265724167464,0.0218481917665748,0.000188831723018572,0.00169480957037033,0,3.32002328576396,0.0423015226655023,0.464385820990194,0.0410163352641127,0,0.00688806299633755,0.0266102407800311,1.46782519354031,2.07671584508377,0,0,0.00112001435770501,0.813742032736836,0.515201154820698,0.000609147225716746,0.0545477137314868,0.0184133705536964,0.153358122888593,0.0604913144132352,0.00278783350495035,0.000339516657064007,0,0.0014257101868958,0.000413670338023799,0.00184703179675638,0.000854101881295193,0,0,0,0.00740928339413757,0.000402505341240024,0.000472190022847072,0,0,3.4573635320106e-05,0.00396443048054606,7.21272668953777e-05,0.010531011405857,9.94386254213589e-05,0,9.73996289662313e-05,5.41058652207644e-05,0.000969411476961561,0,0.00975603046362357,6.2705670958698e-05,0,0,0,0.00286919510012554,0.00593908728345442,0.00292401755420603,0.0240698998904839,0,0,0.000848748555081879,0.00882454731294892,0.00773201112342669,0.00894338263448669,0,9.64125130643737e-05,0.00249275613989097,0.0046903453716496,0.000224721561453681
0,0.00226971513921851,0.000191772758178161,0,0,0,0,7.84462320783464e-05,0,0,1.31832382363298,0,0.131742680842508,0,0,0,0.000609518072532032,0.129640943784133,0.0233218354391137,0,0,0,0,0,0.198079576623937,1.80077577707417,0.278727680358659,0,0.000134369269291882,0,0,0,0,0.023855989770752,0,0,0.016756860828356,0.034519397350196,0.00172965759726204,0,0,0.00598765616647644,0,0.00230626861480623,0.000732641606908543,0,0,0,0,0,0.000731226317208854,0,0,0,0,0,0,0,0,0.000241826609373733,0,0.0139428472400892,0,0,0,0,0.000276482928363001,0.0011379895656057,0,0,0,0,0,0.00887512529899023,0.00331909734207774,0.00155686304342356,0,0,0,0.00232301468757435,0,0,0,0
0.0038437778230465,0,0,0.000222941027447708,4.48171054861942,0.643900725329939,0.00302964292248733,0.583078548450082,0.000685954175706638,0.00279853656612179,0.00415705715952175,0.000536260161108949,0,0.774984462954622,0,0,0,0.00116143560876094,0,0,8.28193460703764e-05,8.79726962530209e-05,0.000104146694295347,0.000252953506141448,0.000550594388375646,0.000196102880130541,5.06729788558598e-05,0.000856992223263915,0.873853541272258,0.00112001435770501,0,0,0.0073249336472988,0.66137466356214,0,0.000317779673675498,0.00185136827573946,0.0372136017347276,0,0,1.49725619299149,0,0,0,0,0,0,0,0,0,0,0,0,0,0,5.0338208090364e-05,0,0,0,0,0,0,3.47765189722413e-05,0,0,0,0,0,0,0,0,0,5.93492014684021e-05,0,0,0,0.000208998252921699,7.65955124939284e-05,0,0,0,0,0,0
0.252767318943214,0.00249164663786856,0.00279708794229194,0.000660270126421734,0.0018695079389699,0.00109058181528408,0.0452071489009927,0.00976947655817701,0.0480226476811512,0.00983126134168424,0.00302551251614071,8.61848651677686e-05,0,0.0493872412202406,0,0.00625205292699527,0.0010388403248905,0,0.00011706591590123,0,0.42997506806841,0.0175042835493468,0.00381627064072362,0.0310915929831868,0.000404816831435211,0.000155025891257929,0.00120823758957356,0.0504354273444114,3.17821624729549,0.813742032736836,0,0.0073249336472988,0,1.27601528665472,0,0.0111171389029435,0.00427196082647185,0.230734753456028,0.0396038911630023,0.000339814828293872,0.00353373971661163,0,0.000267367987242259,0.000161392675550405,0.000766898766225034,0.0035309711048771,0,0.000526164822951702,0,0.00835896223445113,0.000926493475462316,0,0,0,0,0.0040362922982392,0.000364166678233005,0.0157900974420276,0.000163079645763748,0,0,0,0.000888560130731077,0,0.00609001244749454,0,0,0,0,0.00294882719367484,0.00416132500431454,0.00102628792760318,0.0163439111540718,0,3.43841395057292e-05,0.000373955288825249,0.00772240950285107,0.00555656382660073,0.00455461998263503,0,0,0.00105362364089554,0.0028056813766744,0
0.0870231125723739,0.00678880291731988,0.042636515746929,0.00528918607780727,0.202617439268819,0.289499470900259,0.106052614396041,0.509184933274986,0.0670270531970883,0.0700479751160593,2.01399647860401,0.0071733399674251,0.0999026728432179,0.379056354170825,0,0.0257856367774767,1.18921927528286,0.078063977569682,1.30036786350228,0.000448408573753189,0.134687497180207,0.0370701368820307,0.272367270883451,0.0679104978199108,0.0278022880951069,0.0816988146861326,0.0665811015769485,0.128361132354295,1.71282056957206,0.515201154820698,0.023855989770752,0.66137466356214,1.27601528665472,0,0.00220699419442721,0.266011934230721,1.21612657100274,3.92917535474825,0.673120416974091,0.00670777625358068,0.69128772134987,0.0184063624233035,0.00150782045398331,0.00101662316428265,0.0031781393467868,0.002873461794921,0.000351389753678053,0.000576302529045985,0.000110099243790487,0.0116914271895052,0.00101979495877047,0.000460072149313651,0,0,0,0.00740680762489236,0.000654614893787879,0.0152864671889404,0.000369425672163375,0.000132049180960588,0,0.00311463694356654,0.0027807639948598,0.000704880877619565,0.00868217384700203,0.000426436105438227,0.000209556258479245,6.04110167749653e-05,0,0.00443274861084519,0.00559934022022149,0.00319025055433605,0.0335206940731107,0.00293313837692243,0.00101590042934154,0.00120404377827228,0.0166663200411323,0.0111505286054657,0.0110003164250334,0.000448642227878372,0,0.00488976280704066,0.00363489268481419,0.0010744277289487
0.000294682804716964,0,7.76006414295196e-05,0,0,0.769607192291358,0.000407949593027757,9.17563377878055e-05,0.0146748578880413,0.322367035949783,7.14696571556902e-05,1.56619112283111,1.89212549187212e-05,7.77056993939559e-05,0.111300516080383,0.00104805520565765,0.000419875150743291,0,0.000108671636372127,0,0.00196966368062324,0.000364290246350833,0.00544809675127473,0.000320056786466627,9.76307891782571e-06,4.9798387795275e-05,0.00210273963926774,0.00105068326090708,0.000188392038860426,0.000609147225716746,0,0,0,0.00220699419442721,0,0.0900571817993998,0.0692143852068539,0.0181447682715612,0.0264633986562544,0.00468016050380558,0.000210177396195217,3.16915477743562e-05,0.0301281849325031,0.0322485124033243,0.0176774461609924,0.0346271096532689,0,0.00299619806828669,0.000221580840051059,2.24457707715593e-05,0,0.000572053498525678,0,0,0.00218677908977228,3.3227684504395e-05,0,3.89600443566619e-05,0,0.000160260155251375,0.021249525716758,3.41462021746344e-05,0,0.00585284879641587,0.00184036353423561,0.000101212336139044,0,3.19907128312551e-05,0,0.000557063402622411,0.000508465357984685,0.00307662258799155,0.000258715991559386,1.25963041242728e-05,0.000103203821924336,0.00230129908963312,0.000504862357598858,3.63135699433406e-05,0.000169956003469504,0,0,0,0.000594941180168029,1.01058340962776
0.0217840166025589,0.00156350662540488,0.00931684030631372,0,0,0.000613062175033876,0.0263598339544939,0.00925857436296382,0.421012655152425,0.00689563007749165,0.00409480471763516,0.00303726924979739,0.00845950842589114,0.00456032000469631,0.000866471007090048,0.0574517245882297,0.0146639459872195,0.000244974016601158,0.00299759257929794,0,0.0962527093050037,0.0376274563270384,0.157742692247199,0.0267751468323272,0.0069152988194264,0.00203256600966374,0.0314772135386951,0.0752826644771042,0.0146536528544786,0.0545477137314868,0,0.000317779673675498,0.0111171389029435,0.266011934230721,0.0900571817993998,0,5.01001136787441,0.628364776477734,1.18759552790046,0.668877143632348,0.000510207538697842,0.0918337419175492,0.0680423677380071,0.0524868669584789,0.0205063508543562,0.0416752055884639,0.000407488382214848,0.000965005568994556,0.00185517608833466,0.00539347370897143,0,0.00061161868679201,0,0,0,0.00268088973347364,7.56688941880301e-05,0.00759035160049835,0.000359850088919586,0.000557322106342525,0.000797949961419415,7.40170674704888e-05,0.00106217090385077,0.00150680713375407,0.014591950910612,0.000226312686827335,0,0,0,0.00425565125810167,0.00768872278481355,0.00711374876682759,0.0183506542397088,0,6.47015641088375e-05,0.00234588160908657,0.00590796557430401,0.00517283549853139,0.00799346660927086,0,0,0.00271720242449368,0.0048189996437056,0.0261273132125743
0.0122376375736452,0.00059803340258735,0.0939327694997975,0,0,0.000672008852428027,0.00527693355885262,0.00458138478585711,0.0390230989039774,0.0024683979289947,0.636978750246347,0.000783073791977331,0.356528593639565,0.00331226911270623,0.00255988348788231,0.017353692313781,1.12535391993257,0.0173639488664246,0.403150661336201,0,0.0311963712626472,0.0057341452119923,0.154201674026205,0.00193138075350738,0.892333858972577,0.0863350262176513,0.0188687372828984,0.00998001604086487,0.00752327331305197,0.0184133705536964,0.016756860828356,0.00185136827573946,0.00427196082647185,1.21612657100274,0.0692143852068539,5.01001136787441,0,5.64205736906176,3.17365559794601,0.204388094854667,0.00402375778687739,1.72974927387313,0.0415796637389824,0.0222303929995623,0.0138786714220701,0.0646150665471984,0,0.00364792157920178,0.00280501723375671,0.000698321961475853,0.000475769110182434,0.000384556087633462,0,0,0.000394783898664562,0.000488511430156982,0,0.00045057926249488,0,0.000605854200496417,0.00295593341133003,0.00396159197889027,0,0.00015947951980107,0.00243580985977588,0,0,8.94036676627186e-05,0,0.000273160156892188,0.000497179586773498,0.00191700195983589,0.000956707475110139,0.000395634140587693,0.000654698473061342,0.000812698871616772,0.000371249964865828,0.000106286403096041,0.000592695733730974,0.000406657492195113,0,0.000205735668314707,0.000687259140715012,0.0428244043290729
0.0929831053260433,0.00375340103324066,0.0560940631419444,0.00436139505074174,0.0123905136774483,0.0108565703767264,0.0667794041419643,0.0675025599093474,0.024038580140743,0.0342814956259032,0.726847612141206,0.00397247325958655,0.135958502010353,0.0850172447202102,0,0.0793180129174958,0.257811141655404,0.0300897990828568,0.279185778921607,0.000199418439898767,0.177865036689918,0.0462636049150365,0.417137821985518,0.0217498424376906,0.101616357895997,0.0511049612047369,0.104584793178045,0.0745693179117562,0.382160138917659,0.153358122888593,0.034519397350196,0.0372136017347276,0.230734753456028,3.92917535474825,0.0181447682715612,0.628364776477734,5.64205736906176,0,5.46396420872578,0.0229670671551038,0.0290652484264593,0.522913927077523,0.00894942073606926,0.00603718445089428,0.00345669301443978,0.0254898683642944,0,0.0021325507204398,0.00147850063310515,0.00555063752269142,0.00132607032349635,7.08519427088813e-05,0,0,0.000313757497424445,0.00276773919560756,0,0.00740591260532229,5.95804956315758e-05,0.000679156967095149,0.00105638290250562,0.00211885708452041,0.000698350621281585,0.000593252468167493,0.00421210151716886,0,0,0,0,0.00169329505213303,0.00423166830868164,0.00168300571818477,0.0106056677338722,0.00150329390758633,0.000566469232891145,0.00112165541503083,0.00391370960453719,0.00351696608603197,0.0036679123016925,0,0,0.0017348991032964,0.00183850945178373,0.0142273596987464
0.0432075504398276,0.00802532116528924,0.0179663405824242,0.000501276951211792,0,0.000146227749330031,0.0235224960926243,0.0122665830063906,0.0262451385097093,0.00876604757082299,0.0331320588393949,0.000438086451803821,0.02447246118175,0.0051725823512603,0.00254626872702234,0.069293297543747,0.0415825291717086,0.00139707119994978,0.0156227065119615,0,0.0918823898288407,0.0435673438815329,0.17510491588678,0.0187413272339929,0.0286730134192919,0.00505098331922525,0.037170386662903,0.0529781776837441,0.0251262334171523,0.0604913144132352,0.00172965759726204,0,0.0396038911630023,0.673120416974091,0.0264633986562544,1.18759552790046,3.17365559794601,5.46396420872578,0,0.191214000725745,0.000617423588625363,0.401514352356726,0.018318191942994,0.0455064763143651,0.0235153799045886,0.0392282836972584,0,0.00386831098367708,0.000704674325444823,0.00473626830167047,0.000205116945805607,0.000670073046194917,0,0,0.000383025821116854,0.00151524709769668,0.000220518047532555,0.00493538633043109,0,0.000405601986401063,0.00196585024299888,0,0.000934106582878284,0,0.00809083854773,9.2697756646506e-05,0,0,0,0.00221312887032194,0.00993616105013442,0.00245383373159224,0.0102425012496129,0,0.000159647637672556,0.00106022530337831,0.00405232299566841,0.00314138176535051,0.00419096705898516,0.000405308205465471,0.00011501635092657,0.00200978866497838,0.0037161773463101,0.0173000733003759
0.000880899858588621,0.000264448388028762,0.000986406842538017,0.0037745874947901,0.00800584332185185,0.149875032428292,0.00170604278610258,0.000627687620525693,1.80491009299895,0.000969695491194369,0,0.576620172234275,0,0.000330498100736629,0.191418583165792,0.00963842543091913,0.00209193260169055,0,0.000131602948329822,0.00738950553063114,0.0082732364222993,0.00357227455787787,0.0179043243468038,0.0420598843567693,0,0.000297835389780541,0.00488274087829502,0.00119260798275382,0.000936243116714683,0.00278783350495035,0,0,0.000339814828293872,0.00670777625358068,0.00468016050380558,0.668877143632348,0.204388094854667,0.0229670671551038,0.191214000725745,0,0.943525962542224,0,0.00176823713166608,0.00547000953187082,0.000759903944676805,0.0133299588694318,0.000121054705164488,0,0,0.000507612094386375,0,0,0,0,0.00150887340606361,0.000425079596053747,0,0.00158240816576249,0,0,0.000880318468723298,0,0,0.00231918845738245,0.000134154359776602,0,0,0,0,0,0.00131361297297063,0.000308485013004543,0.00049388014347674,0,0,0,0.000536129209480086,0.000419091722314769,0.000498531839870919,0,0,0,0.00010319433891376,0.00459853007669871
0.000467415282403683,0,0.000206650574446702,0.000234626692249714,0.994626050785115,0.221219055427303,0.000398300339893228,0.0753087791379248,0,0.000236034693202179,0.000839802687185164,0,0,0.0250695293622084,0,0,0.0001815855917796,0,0,0,0,0,0.000225038518082844,0,0,5.13853442495075e-05,7.77253508842473e-05,0.000152420725051092,0.0883931053827815,0.000339516657064007,0,1.49725619299149,0.00353373971661163,0.69128772134987,0.000210177396195217,0.000510207538697842,0.00402375778687739,0.0290652484264593,0.000617423588625363,0.943525962542224,0,0,0,0,0,0,0,0,0,0,0,0,0,0,0,0,0,0,0,0,0,0,0,0,0,0,0,0,0,0,0,0,0,0,0,0,0,0,0,0,0,0,0,0
0,0,0.000305185257010065,0,0,0.000139735730669895,0,0,0,0,0.242851923540482,0,0.301664505805752,0,0,0,0,0.00210122483809591,0,0,0.000133174759696524,0,9.38629354904803e-05,0,0.196084142296915,0.00209307030733665,0.000122439623598907,0,0,0,0.00598765616647644,0,0,0.0184063624233035,3.16915477743562e-05,0.0918337419175492,1.72974927387313,0.522913927077523,0.401514352356726,0,0,0,0.00301027416394234,0.00375334597104842,0,0.00142953562472264,0,0,0.0245606956018057,0,0,0.000422753684245908,0,0,0,0,0,0,0,0.00862580976501219,0,0,0,0,0,0,0,0,0,0,0,0,0,0,0,3.20613652861346e-05,0,0,0,0,0,0,0,0
0.00041290253708994,0.00237228560500877,0.000576130071327839,0,0,0.000159580364294896,0.00118329404559714,9.60827510921311e-05,0.010423098247596,0.000153138956126923,4.03674812574232e-05,0.00162458513397343,0.00538067389855849,0.00033689839674656,0.000199245081110183,0.0101920609468313,0.000177845502186386,0,5.42898125486246e-05,0,0.0025185074435225,0.0381992384948837,0.00474612209982717,0.0108453583387618,0.00664175449267911,0,0.00184849539377896,0.00545778892568538,0.000675701066530832,0.0014257101868958,0,0,0.000267367987242259,0.00150782045398331,0.0301281849325031,0.0680423677380071,0.0415796637389824,0.00894942073606926,0.018318191942994,0.00176823713166608,0,0.00301027416394234,0,3.75606458438319,0.989810440713692,1.16184046441435,1.28001445325659,0.00619633550480994,0.0745244638517411,0.00883576221593552,0.00844459329658025,0.0960284959838309,0,0,0.000739503585053994,0.00463841027913177,0.000204933368133624,0.221733436641083,9.77359114602838e-05,0.201884918245956,0.00453912343780114,0.0399230830020916,0.00118387363640368,0.00174455194463433,0.256898109265487,0.014645634524114,0.000210776129806955,0.00346417725632486,0,0.0924882966720197,0.188903771212335,0.330522223005531,0.0231114457830389,0.00704042525970952,0.0185416308696805,0.153030355068325,0.0214318420716401,0.0112914580082552,0.0411718828903345,0.000184551272488752,0.000444640422437859,0.012365029574813,0.161879906780397,0.0689053131802747
0.000140237095406497,0.00556191346175725,0.000222068106214036,0,0,0.00012900895798606,0.000181449877817319,4.80766913158433e-05,0.00134758534197951,0.000107173468458524,0.00367332374327771,0.00105529945225369,0.0274236991885549,0,0.00140247992406959,0.00281918898869742,0.00046969210152384,0.00195243016798935,0.00028310412457859,0,0.000844020193671705,0.00891247457631585,0.00218005049856351,0.000820011412176044,0.52332511311968,0.00457939835246446,0.00283552884606226,0.000393436104697292,0.000133860673658383,0.000413670338023799,0.00230626861480623,0,0.000161392675550405,0.00101662316428265,0.0322485124033243,0.0524868669584789,0.0222303929995623,0.00603718445089428,0.0455064763143651,0.00547000953187082,0,0.00375334597104842,3.75606458438319,0,2.7100886801205,2.80366903700499,0,0.0316015441585587,1.47755319226547,0.00454517282087712,0.0284567959541889,0.305142458181134,0,0,0.000607071988444785,0.00587893203033762,0.0023610769707191,0.0270778090425269,0.000218097753759354,0.547488257076898,0.00170968728114736,0.813067559711061,0.000359349705019461,0.000692619887673151,0.0650374968949751,0.0967377262860165,0.0679401972696027,0.128351481988266,0,0.00970713727041691,0.0644418279993314,0.0903105158340597,0.00367436752818762,0.619159074131949,0.456795660953488,0.34900002719711,0.00372330217518618,0.00590104857465976,0.0103583799857228,0.0552134767059801,0.00655579507301488,0.000987271752236384,0.349002421994655,0.0434504754509562
0.000417775536632565,0.00253810606864689,0,0,0,0,0.00137236853801723,0.000696402975180305,0.00808962804439606,0,0.00141444568103772,7.11186317042321e-05,0.00457545048097001,0.000647196062238104,0.00049052076176721,0.00631530895467996,0.00033568983913608,0.000907130870940367,0,0,0.00130184803144828,0.0251634684133676,0.00208024444704305,0.0075332270251956,0.0688747636094278,0.00235362255702402,0.00131299858172183,0.00271461255588577,0.00127622257341714,0.00184703179675638,0.000732641606908543,0,0.000766898766225034,0.0031781393467868,0.0176774461609924,0.0205063508543562,0.0138786714220701,0.00345669301443978,0.0235153799045886,0.000759903944676805,0,0,0.989810440713692,2.7100886801205,0,5.56629240317697,0.00261274433120076,0.314279932463566,1.0497586677631,0.0324815643122748,0.0119661717612705,0.333363734125571,0,0.00419129485630265,0.00641184479665577,0.0180585973045983,0.0319984024889017,0.0140895369136461,0.00175653317237303,1.31844439386028,0.000827497409315381,0.424850256480319,0.0231967932994949,0.0012720341582468,0.15277940079959,0.0590583407414644,0.061214795525699,0.112541241553049,0.000235272139232999,0.10644507522769,0.105275241815308,0.43000337559179,0.0245194255536034,0.137995994288133,0.204025672229446,0.325781360631535,0.0211257851035149,0.293056980667679,0.185518150230994,0.0355034062481292,0.120364699803792,0.219517526131183,5.34846193216872,0.0252137469408366
0.00165008277254917,0.000159307698080023,0.000340467172907921,0,0,0,0.000720161142884624,0.000387677841945117,0.00675044066823026,4.92329496091376e-05,0,0.000931522275393517,0.010887313475448,0,0.00472427321744606,0.010460836216359,0.000694982938235475,0,0,0,0.00237449086463688,0.0284209546809871,0.00346280546210153,0.00606775258030816,0.0138941027335217,0.000523532250517665,0.00175987839302178,0.00310670049917822,0.00108837927955132,0.000854101881295193,0,0,0.0035309711048771,0.002873461794921,0.0346271096532689,0.0416752055884639,0.0646150665471984,0.0254898683642944,0.0392282836972584,0.0133299588694318,0,0.00142953562472264,1.16184046441435,2.80366903700499,5.56629240317697,0,0.000359520560841329,0.164728706800593,0.586474093958398,0.0248432867425993,0.00658992926708229,0.111085267819284,0,0.00154294605313304,0.000758237115435077,0.0109503628886702,0.000291645740766775,0.022392786772906,0.000146416920506041,0.272591221846653,0.0016785262238762,0.0428611503347921,0.00400635918488486,0.00266603034001925,0.227962692720171,0.013975315403835,0.011025061936464,0.0267948709849071,0,0.0879623935000053,0.135995761362113,0.340034481550456,0.0159989913422715,0.0310652738080156,0.0493495938301493,0.154701462743747,0.0167705429375887,0.0462556815363765,0.0838655816289162,0.00480647464628382,0.000876082805764122,0.0854347148332749,0.616991014805657,0.0302386533057719
0,0,0,0,0,0,0,0,0.00451970495935254,0,0,0,0,0,0,0,0,0,0,0,0,0,0,0.000252222666983812,0,0,0,0.000236727158424535,0,0,0,0,0,0.000351389753678053,0,0.000407488382214848,0,0,0,0.000121054705164488,0,0,1.28001445325659,0,0.00261274433120076,0.000359520560841329,0,2.00236022828144,0,0.00625223786216872,0,0,0.00836620858789899,0.138877708679888,0.431130511296934,0.00270755438866614,0.00916296957026651,2.05383669606756,0.00576066304705825,0.000658841448211708,0.867306998994827,0,0.00281156523286316,2.46554198846496,0,0,0.000137481024025188,0,0.00774291021980737,0,0,0,0.0904745372674546,0.000161363896045198,0,0,0.00441669692299915,0.0154978158691252,0.000491040008972221,0,0.0543783215038828,0,0.111627394461111,0
0,0,0,0,0,0,0,0,0,0,0,0,0,0,0,9.65226012679529e-05,0,0,0,0,0,0,8.59760038083232e-05,0,0.000425590787264344,0,9.95576529052231e-05,0,9.23258308295027e-05,0,0,0,0.000526164822951702,0.000576302529045985,0.00299619806828669,0.000965005568994556,0.00364792157920178,0.0021325507204398,0.00386831098367708,0,0,0,0.00619633550480994,0.0316015441585587,0.314279932463566,0.164728706800593,2.00236022828144,0,0.00187512278099766,0.00310576751261998,0,0.00136019100909376,0,2.44227040648972,0.0608351121304286,0.000558026959698935,0.322568061750592,0,5.63616531500202e-05,0.0215083212516582,0,0.00148292463202679,0.0706781052718367,0,0.000404542873782788,0,0.00191884212607226,0,0,0.00115739611236009,0.00146770990436602,0.00461556624176507,0.00011658278610314,0.00090854705529636,0.000845778160378917,0.00181986153230706,0.000226398290369264,0.215246095337674,0.00353940258067248,0.000783550992084055,5.37228032496747,0.0134317908660034,0.890169275053546,0.00138754356685353
0,0.000828254827221556,0,0,0,0,0,0,0,0,0.000106826319782359,0,0.0245329642043753,0,0.000456997921731237,0,0,0.000297429040070766,0,0,0,0,0,0,0.133308077095605,0.000271924743548776,0,8.68269890572197e-05,0,0,0,0,0,0.000110099243790487,0.000221580840051059,0.00185517608833466,0.00280501723375671,0.00147850063310515,0.000704674325444823,0,0,0.0245606956018057,0.0745244638517411,1.47755319226547,1.0497586677631,0.586474093958398,0,0.00187512278099766,0,0,0.00396478121563476,0.00131118324110877,0,0,0.000202099795816084,0,0.000388862263651684,0.000685345912245713,0,0.499462539999637,0,1.15818203592394,0.000170408129617523,0,0.000720880678867842,0,0.00248309129526642,0.000531287812738351,0,7.30870601500667e-05,0.00191726937506279,0.000362728266520487,0.000435651757756693,0.323455588912568,0.00769102626355983,0.00222109124145993,0,0,0,0.0125925233495165,0,0.00164902790640233,0.024235075442677,0.000785042581204867
0.00552636938054148,0.000202358903697452,0.000356558107373478,0,0,0,0.00481410490100392,0.00300315586297411,0.0356227336048946,0.000832183643920438,0,0,0,0.00307150082289809,0,0.00265492374861553,0.000286529431656046,0,0,0,0.00260425335029963,0.0102864813853955,0.00215204779913827,0.029233458595441,0,0,0.000305246782227689,0.0140634250453299,0.00698099673285035,0.00740928339413757,0,0,0.00835896223445113,0.0116914271895052,2.24457707715593e-05,0.00539347370897143,0.000698321961475853,0.00555063752269142,0.00473626830167047,0.000507612094386375,0,0,0.00883576221593552,0.00454517282087712,0.0324815643122748,0.0248432867425993,0.00625223786216872,0.00310576751261998,0,0,0.00205600122827174,0.0443054004143826,0.00800616665529174,0,0.0517916299804576,2.36467666425293,0.461030638547847,0.0627865528622888,0.0375060703987311,0.00147363008391661,0.00129475980201352,0.000107866458571955,2.42394438100734,0,0.0144586866020656,0.00552120142782277,0,0.000164876646284402,0.0081812258917861,0.0313757830295588,0.0264108949137821,0.0334953896531545,0.0593646212670699,0.000613104507085044,0.00266292589523041,0.00710103247115265,0.11245454873416,1.57504492307749,0.879603988305038,0,0.00131218069819733,0.0450763107110582,0.0592533497227189,0.000119029344332758
0.000435470820695489,1.7099271522479,0.000622729593679237,0,0,0,0,7.29926782731599e-05,0.0126805176914845,0,0.00301933577399298,0,0.00618681065999373,0,0,0.0119842595543963,0.00107734640621125,0.00562964178479619,0.00238540158303072,0,0.000479006712094533,0.405019765952297,0.001099560987374,0.00350283373426749,0.598805705289736,0.0475780751333292,0.131416395460384,0.000540846832103071,0.000106638937333953,0.000402505341240024,0.000731226317208854,0,0.000926493475462316,0.00101979495877047,0,0,0.000475769110182434,0.00132607032349635,0.000205116945805607,0,0,0,0.00844459329658025,0.0284567959541889,0.0119661717612705,0.00658992926708229,0,0,0.00396478121563476,0.00205600122827174,0,0.00398576064863591,0,0,0,0.000723241464343233,0,0.178451891787631,4.99901680686842e-05,0.00972949926617426,0,0.0808287966846731,0.000598673816508349,0,0.112016185551878,0.00153665129553982,0.0023783234655116,0.0136158934049943,0,0.00138476312150833,2.41255918156344,0.00303037679457285,0.0457610284826913,2.44942936781702,0.0445312303087792,2.28119223472274,0.000756066076034543,0.00151465117122127,0.00294043348261824,0.00887843795177711,0,0.00112130983023332,0.00245950775383405,6.10207693214164e-05
0.000231533326742125,0.00030088710459917,0,0,0,0,0.000420374639540651,8.93941223772069e-05,0.00237260713544428,3.78440346846163e-05,0,0,0,4.58266266149198e-05,0,0.00132634527282577,0,0,0,0,0.000217072405021952,0.00671088074592244,0.000453688407837612,0.00229128252038531,5.03873994892505e-05,0.000119072996218451,0.000386708206504227,0.000835240240709116,0.000252834362673568,0.000472190022847072,0,0,0,0.000460072149313651,0.000572053498525678,0.00061161868679201,0.000384556087633462,7.08519427088813e-05,0.000670073046194917,0,0,0.000422753684245908,0.0960284959838309,0.305142458181134,0.333363734125571,0.111085267819284,0,0.00136019100909376,0.00131118324110877,0.0443054004143826,0.00398576064863591,0,0,0,9.51241491698798e-05,0.0965858470481379,0.00303123343599797,0.00197484433421197,0.00180837730675945,0.000331533158104159,0.000192016695185662,0.00114783708612725,0.00685146564695329,0,0.0403720399405868,1.83296307804727,0.000233677364234336,0.0253846812819014,0.000202600332544559,0.0854518714418608,0.037679171178089,4.5445941588125,0.0108419016386507,0.00156241325369267,1.50443054547451,1.93086436934628,0.0442583171380675,0.00763743621355327,0.201065669034121,0.00027182600569492,0,0.00403052415848927,0.0904249167069252,0.000860106567627178
0.000246844829872675,0,0,0.351224117183056,0,0,0,0,0,0.000990736842490129,0,0.00983089599794833,0,0,0,0,0,0,0,0.0616691145394586,4.1276893069128e-05,0,0,0,0,0,0,0,0,0,0,0,0,0,0,0,0,0,0,0,0,0,0,0,0,0,0.00836620858789899,0,0,0.00800616665529174,0,0,0,0,0.000725575209188752,0.00652432084395545,0.000950556758718482,0.196072843020058,1.01371693759883,0,0.551737253545271,0,0.00150338494950946,0,0,0,0,0,9.52708206850627,0,0,0.000106806264759014,4.39965743049393,0,0,0,1.73027123971386,0.00245267404176617,7.50706417738476e-05,0,0,0.00116988828899465,0.000336082071213586,0
0,0,0,0,0,0,0,0,0,0,0,0,0,0,0,0,0,0,0,0,0,0,0,0,0,0,0,0,0,0,0,0,0,0,0,0,0,0,0,0,0,0,0,0,0.00419129485630265,0.00154294605313304,0.138877708679888,2.44227040648972,0,0,0,0,0,0,1.63572581414889,0,0.352863157348959,0,0.000109019017645561,0,0,0.000215424335729339,0.000594932340227941,0.0830001850708472,0,0,0,0,0,0,0,0,0,0,0,0,0,0.00329238376651451,0,0,3.44454032827259,0.00645475854446476,0.0197130264046346,0
0,0,0,0,0,0,9.6167285832401e-05,7.90369751504907e-05,0.0001678424589996,0,5.89981862644112e-05,0.000210114009828823,0,0,0,0,0,0,0,0,0,0,0,0.000181034858674784,0,0,0,9.42342818697713e-05,0,3.4573635320106e-05,0,0,0,0,0.00218677908977228,0,0.000394783898664562,0.000313757497424445,0.000383025821116854,0.00150887340606361,0,0,0.000739503585053994,0.000607071988444785,0.00641184479665577,0.000758237115435077,0.431130511296934,0.0608351121304286,0.000202099795816084,0.0517916299804576,0,9.51241491698798e-05,0.000725575209188752,1.63572581414889,0,0.0318263567646541,2.37853722604944,0.000813427664283217,0.360346395743798,0.00184740126173364,2.06986964657846,0.000196283567659422,0.181923006321337,0.235564438921384,0.000128578830695988,0,0,0,0.00158560017367206,0.00062634433124389,6.93283878210361e-05,0.000698543837100832,0.00917061173830042,0,0.000131756046866741,5.4749854865273e-05,0.0168093161729097,0.042481397605968,0.00047644687291298,4.65177887632019e-05,0.200728370027468,7.66682362237036e-05,0.0574755901956637,0.756694219604052
0.0035299322926239,7.61344718949375e-05,0,0,0,0,0.00848457959967485,0.00282148552725729,0.0323321044222342,0.00140624360753283,6.09773737827524e-05,0,0,0.00216279987476012,0,0.00138773413309453,0,0,0,0,0.0012838635046945,0.00287217390274529,0.00158480809219386,0.0238257463328532,0,0,0.000529157114416694,0.0182298019502498,0.00552542276438879,0.00396443048054606,0,5.0338208090364e-05,0.0040362922982392,0.00740680762489236,3.3227684504395e-05,0.00268088973347364,0.000488511430156982,0.00276773919560756,0.00151524709769668,0.000425079596053747,0,0,0.00463841027913177,0.00587893203033762,0.0180585973045983,0.0109503628886702,0.00270755438866614,0.000558026959698935,0,2.36467666425293,0.000723241464343233,0.0965858470481379,0.00652432084395545,0,0.0318263567646541,0,0.211120985065296,0.0470201167059876,1.79366088424558,0.00049779087146896,0.000601026582049686,3.47770644415191e-05,1.71824862096709,0,0.00635550517828841,0.0106623369614988,0,0.000383688427431158,0.00310230153329605,0.161417848948195,0.00888868924459792,0.135899710081836,0.204184375283899,9.62387897964964e-05,0.00581221422197814,0.0149361204028629,3.14880110005924,0.14740939347594,2.62844251889996,0,0.000633491796175639,0.00933649388557092,0.0218714232938698,0.000156625047504752
0.000414034586486672,0,0,0,0,0,0.00024982964549358,0.000278735432062503,0.00128994436542577,2.71614636099325e-05,0,0,0,3.6181278938275e-05,0,7.35620801117767e-05,0,0,0,0,0,8.50010873933993e-05,0,0.00150891664429445,0,0,0,0.00101083132020887,0.000139820220256854,7.21272668953777e-05,0,0,0.000364166678233005,0.000654614893787879,0,7.56688941880301e-05,0,0,0.000220518047532555,0,0,0,0.000204933368133624,0.0023610769707191,0.0319984024889017,0.000291645740766775,0.00916296957026651,0.322568061750592,0.000388862263651684,0.461030638547847,0,0.00303123343599797,0.000950556758718482,0.352863157348959,2.37853722604944,0.211120985065296,0,0.00436538692388657,0.508160757088621,0.00616604011058975,0.00269411855674051,0.00110378793748753,2.81799973120806,0.000857273510048748,0.000229573681181927,0.000225156539638797,0.000525510099512927,0,0.00116936107287845,0.00529181928263115,0.000333678806015965,0.00593266637944222,0.00697875581907242,0.00080674756458743,0.000626225804947537,0.000783163486462137,0.0277597325788318,0.235125422178203,0.00441700692848548,0.000166014164842271,0.449723730970611,0.00133045088252776,0.210109563211011,0
0.0142434736244765,0.0645444734435396,0.000366890385409102,0,0,0,0.0138779297995375,0.00346232740413985,1.14905485624119,0.0031221676843308,0.00026821822623735,0.00021119292853998,0,0.00184485316098057,0,0.0351520540401167,0.000145675707867321,0.000350760493804243,0,0,0.00526771694416833,0.183948887978959,0.00604993775991938,0.0717312261457542,0.0143910226896513,0.000672316188069419,0.0062918618278891,0.0292564485471726,0.00891782970708956,0.010531011405857,0,0,0.0157900974420276,0.0152864671889404,3.89600443566619e-05,0.00759035160049835,0.00045057926249488,0.00740591260532229,0.00493538633043109,0.00158240816576249,0,0,0.221733436641083,0.0270778090425269,0.0140895369136461,0.022392786772906,2.05383669606756,0,0.000685345912245713,0.0627865528622888,0.178451891787631,0.00197484433421197,0.196072843020058,0,0.000813427664283217,0.0470201167059876,0.00436538692388657,0,0.0118968161175313,0.000882277694430143,0.644799682054377,0.00156308993920153,0.00825474941074938,0,0.080941622940501,0.000459575328042694,0.00051438312404057,0.000681107368578073,0.159132952922253,0.00519407607323269,1.83134880490014,0.00640803314500035,3.61794251411749,0.0372909124257489,0.00213091864539469,0.0299221997515779,0.0416026957785105,0.0254341273295715,0.0228328225815908,0.000527848694663141,0,0.0171875502557186,0.0127921185297993,0.000652955706643903
0.000142159613320342,0,0,0,0,0,9.7260273992459e-05,0,0.00143282896089056,2.54994681609836e-05,0,0,0,6.99927748377743e-05,0,0.00011556886091968,0,0,0,0,4.62357451751494e-05,9.1689620387316e-05,0,0.00107490974696705,0,0,0,0.000809506740789485,0.000277710125211865,9.94386254213589e-05,0,0,0.000163079645763748,0.000369425672163375,0,0.000359850088919586,0,5.95804956315758e-05,0,0,0,0,9.77359114602838e-05,0.000218097753759354,0.00175653317237303,0.000146416920506041,0.00576066304705825,5.63616531500202e-05,0,0.0375060703987311,4.99901680686842e-05,0.00180837730675945,1.01371693759883,0.000109019017645561,0.360346395743798,1.79366088424558,0.508160757088621,0.0118968161175313,0,0.000260710242067468,0.482633270512257,0,0.54809139944984,0.000141623925893333,0.000174735448101732,5.80762148511406e-05,0,0,1.68146153236732,0.00435597827043227,0.000396356524439046,0.00540925199796307,0.167354932167542,0,0.000136065669871478,0.000782625668290399,2.45672319216821,0.022994902392789,0.00328379679114762,0,0.000332518110682022,0.000850023365376856,0.00636070029985707,0.0254141903976018
0,0.000876089303430676,0,0,0,0,0,0,6.83862749753282e-05,3.47778423861978e-05,0.00170099194110937,0,0.044051367560251,0,0,0,0,0.00157751227784066,0.000273022749880045,0,0,0.000142482850416628,2.6085724411478e-05,0.000164850772747039,0.252474211817924,0.00371350707136689,0.00173212233201923,0,0.000131280987194371,0,0.000241826609373733,0,0,0.000132049180960588,0.000160260155251375,0.000557322106342525,0.000605854200496417,0.000679156967095149,0.000405601986401063,0,0,0.00862580976501219,0.201884918245956,0.547488257076898,1.31844439386028,0.272591221846653,0.000658841448211708,0.0215083212516582,0.499462539999637,0.00147363008391661,0.00972949926617426,0.000331533158104159,0,0,0.00184740126173364,0.00049779087146896,0.00616604011058975,0.000882277694430143,0.000260710242067468,0,8.01084978797797e-05,5.55649225042017,0.00543549702535472,0,0.000475995471845364,0.000365127190383642,3.34603813365921,0.128915413260602,0,0.000758852895444498,0.000881747262934015,0.0017680022990044,0.000311405243296849,0.355506732757563,0.988349636898767,0.0183559802826598,0.000797185850002248,0.0448914085162204,0.00244776599209576,0.988816755319746,0.0182976371683007,0.00372441878410521,1.47748341529533,0.000320109672026666
0,0,0,0,0,0.000361382994352497,0,0,0,0,0,0.00143735900222125,0,0,0,0,0,0,0,0,0,0,3.68445447688384e-05,0,0,0,5.74596093888156e-05,0,0,9.73996289662313e-05,0,0,0,0,0.021249525716758,0.000797949961419415,0.00295593341133003,0.00105638290250562,0.00196585024299888,0.000880318468723298,0,0,0.00453912343780114,0.00170968728114736,0.000827497409315381,0.0016785262238762,0.867306998994827,0,0,0.00129475980201352,0,0.000192016695185662,0.551737253545271,0,2.06986964657846,0.000601026582049686,0.00269411855674051,0.644799682054377,0.482633270512257,8.01084978797797e-05,0,0,0.000594243264771246,1.12512811761802,0.00034501773874103,0,0,0,4.83783179015729,0,0,0.000108909392323542,0.671099505667353,0,0,8.97104409911323e-05,0.0380175882730558,0.00172646185819434,0,0,0,0,0.00111121512905208,1.56568912741639
0,0.00518870167184121,0,0,0,0,0,0,6.1547888613709e-05,0,0.0285323996813265,0,0.390477678138709,0,0,5.27050732022742e-05,0,0.0246978151019809,0.00281740488822822,0,3.98053343327702e-05,0.000819900947423546,4.46435679444072e-05,0,1.02604198013557,0.0613409143862266,0.0247911116221132,0,0.000206994585320838,5.41058652207644e-05,0.0139428472400892,0,0,0.00311463694356654,3.41462021746344e-05,7.40170674704888e-05,0.00396159197889027,0.00211885708452041,0,0,0,0,0.0399230830020916,0.813067559711061,0.424850256480319,0.0428611503347921,0,0.00148292463202679,1.15818203592394,0.000107866458571955,0.0808287966846731,0.00114783708612725,0,0.000215424335729339,0.000196283567659422,3.47770644415191e-05,0.00110378793748753,0.00156308993920153,0,5.55649225042017,0,0,0.000620214729292578,0,0.000643458439371354,0.00110643174594441,0.0648951429493959,0.0324750264296038,0,4.22988593004325e-05,0.00715369413645112,0.000636643809314122,0.000300006528421788,3.10976449280823,0.584200082893112,1.33860123501341,6.44562351022702e-05,0.00370069710619067,0.000259819036793169,3.82598614391653,0.00266871151386887,0.000253318012507556,0.0592354710090362,5.08400667333905e-05
0.00113411059402568,5.04690757257907e-05,4.21166402601696e-05,0,0,0,0.00159014463335398,0.000963537640812837,0.00626870523065701,0.000355579237401316,0,0,0,0.000717253421383931,0,0.000354086693140061,2.94276959756409e-05,0,0,0,0.000814899349155648,0.0010346834001926,0.000458318020914603,0.00619168758743007,4.73995645469839e-05,0,0.000190441843502762,0.00405536309220431,0.00092998142183891,0.000969411476961561,0,3.47765189722413e-05,0.000888560130731077,0.0027807639948598,0,0.00106217090385077,0,0.000698350621281585,0.000934106582878284,0,0,0,0.00118387363640368,0.000359349705019461,0.0231967932994949,0.00400635918488486,0.00281156523286316,0.0706781052718367,0.000170408129617523,2.42394438100734,0.000598673816508349,0.00685146564695329,0.00150338494950946,0.000594932340227941,0.181923006321337,1.71824862096709,2.81799973120806,0.00825474941074938,0.54809139944984,0.00543549702535472,0.000594243264771246,0.000620214729292578,0,0,0.00118910802042166,0.000319438058274269,0.000292463355460945,0.000138501970154809,0.00226668028554569,0.00821170648366622,0.00303149076424334,0.00860178571949708,0.0193233128629808,9.15401871562707e-05,0.000611142212759821,0.00134858516912892,0.052136476863347,4.59390931625354,0.0837560040061816,4.72737454050749e-05,0.376361149052504,0.0109526548599433,0.142373223053739,0
0,0,0,0,0,0,0,0,0,0,0,0.000861251928107071,0,0,0,0,0,0,0,0,0,0,0,0,0,0,3.51289148789826e-05,0,0,0,0,0,0,0.000704880877619565,0.00585284879641587,0.00150680713375407,0.00015947951980107,0.000593252468167493,0,0.00231918845738245,0,0,0.00174455194463433,0.000692619887673151,0.0012720341582468,0.00266603034001925,2.46554198846496,0,0,0,0,0,0,0.0830001850708472,0.235564438921384,0,0.000857273510048748,0,0.000141623925893333,0,1.12512811761802,0,0,0,0,0,0,0,0,0,0.000129895682127947,0.000479027448209504,7.32930613162259e-05,0,0,0,0,7.4815215134515e-05,0,0,0,0,0.000206247702135887,0.193783908168035
0.0045904580804845,0.0140727165758494,0.00119709917809303,0,0.000306140559812221,0.000183175080438174,0.0061976461990804,0.00103298158621205,0.0363746724038032,0.00150362703094361,0,0.000346685508499277,0,0.00108600683017172,0,0.11808318389017,0.00013671949176244,6.6471359784057e-05,0,0,0.0132329220979794,0.18058737950951,0.0124785558851448,0.0430570872273073,0.00278821687243624,0.000151173733062062,0.00420662668620122,0.0202239099208717,0.00480325320937198,0.00975603046362357,0,0,0.00609001244749454,0.00868217384700203,0.00184036353423561,0.014591950910612,0.00243580985977588,0.00421210151716886,0.00809083854773,0.000134154359776602,0,0,0.256898109265487,0.0650374968949751,0.15277940079959,0.227962692720171,0,0.000404542873782788,0.000720880678867842,0.0144586866020656,0.112016185551878,0.0403720399405868,0,0,0.000128578830695988,0.00635550517828841,0.000229573681181927,0.080941622940501,0.000174735448101732,0.000475995471845364,0.00034501773874103,0.000643458439371354,0.00118910802042166,0,0,0.00474172961550841,0,0.000336477448487915,0,0.460028374498988,3.99665065911023,1.83376564461855,2.67448970043584,0.00765506344431931,0.00208962374175018,1.05687488079224,0.217866470287172,0.0107679604770878,0.0425207405266665,9.27441473768465e-05,0.000366216548921328,0.0147225879767032,0.0316014291848744,0.00346539643263866
0,0,0,0,0,0,0,0,0.000142595605868117,0,0,0,0,0,0,0,0,0,0,0,5.76188316322133e-05,0.00145167755488755,0,0.000322777869827826,0.000780987597873697,0.000133757385531056,4.64519352111293e-05,0,0.000108339545140003,6.2705670958698e-05,0,0,0,0.000426436105438227,0.000101212336139044,0.000226312686827335,0,0,9.2697756646506e-05,0,0,0,0.014645634524114,0.0967377262860165,0.0590583407414644,0.013975315403835,0,0,0,0.00552120142782277,0.00153665129553982,1.83296307804727,0,0,0,0.0106623369614988,0.000225156539638797,0.000459575328042694,5.80762148511406e-05,0.000365127190383642,0,0.00110643174594441,0.000319438058274269,0,0.00474172961550841,0,0.000418102241404483,0.829203521086587,0,0.0292904603645192,0.0094071567514581,1.72495324546126,0.00120161853014845,0.00129692273530781,1.35318077616978,0.126226551649112,0.00411085997848338,0.000708313798253119,0.0483824166457737,0.000360512195901594,0,0.000210119773205418,0.0766013810374941,0.000229103718571955
0,0.000801171933802788,0,0,0,0,0,0,0,0,0.00146542768485479,0,0.00400248765805687,0,0,0,0,0.00241552467177525,0.000339984214937699,0,0,0,0,0,0.031633330573416,0.00477293641769378,0.00210488470073458,3.12069486655656e-05,7.17016829144546e-05,0,0.000276482928363001,0,0,0.000209556258479245,0,0,0,0,0,0,0,0,0.000210776129806955,0.0679401972696027,0.061214795525699,0.011025061936464,0.000137481024025188,0.00191884212607226,0.00248309129526642,0,0.0023783234655116,0.000233677364234336,0,0,0,0,0.000525510099512927,0.00051438312404057,0,3.34603813365921,0,0.0648951429493959,0.000292463355460945,0,0,0.000418102241404483,0,0.926405940966787,0,0,0,4.75765098608746e-05,0.000238652010488644,0.0586470024027907,0.676489104994165,0.0178224723678132,0,0.00167956660860863,8.64008905610844e-05,0.016047784026809,0.00104721190906469,0.00034939178471009,0.0142586206537717,0
0,0.00133436008813109,0,0,0,0,0,0,0,0,0.000539250604787761,0,0.00107222953811062,0,0,0,0,0.000446070511377863,9.8917833013426e-05,0,0,9.97856381801656e-05,0,0,0.017056485080083,0.00268852745031432,0.00185170086697092,0,0,0,0.0011379895656057,0,0,6.04110167749653e-05,3.19907128312551e-05,0,8.94036676627186e-05,0,0,0,0,0,0.00346417725632486,0.128351481988266,0.112541241553049,0.0267948709849071,0,0,0.000531287812738351,0.000164876646284402,0.0136158934049943,0.0253846812819014,0,0,0,0.000383688427431158,0,0.000681107368578073,0,0.128915413260602,0,0.0324750264296038,0.000138501970154809,0,0.000336477448487915,0.829203521086587,0.926405940966787,0,0,0.000359880737133701,0.00113324465549028,0.00599122383490987,0,0.0779938851741825,1.89652453824992,0.0820383707658929,0.000165496514614749,0.000445966668427588,0.00087906713390508,0.00443160081666524,0.000416308970049807,0,0.0314404457603961,0
0,0,0,0.00115662951054441,0,0,0,0,0,0,0,0,0,0,0,0,0,0,0,0,0,0,0,0,0,0,0,0,0,0,0,0,0,0,0,0,0,0,0,0,0,0,0,0,0.000235272139232999,0,0.00774291021980737,0,0,0.0081812258917861,0,0.000202600332544559,9.52708206850627,0,0.00158560017367206,0.00310230153329605,0.00116936107287845,0.159132952922253,1.68146153236732,0,4.83783179015729,0,0.00226668028554569,0,0,0,0,0,0,0,0,0,1.14464394878591,0,0,8.30062763370071e-05,0.145582951608766,0.00247632180464594,0.000146658526078997,0,0.000116139903318346,0.00028039880486487,0.0012049756446546,0
0.00152045350198087,0.000176070174870642,0.00020290491340582,0,0,0,0.00287113286833552,0.00105293414166304,0.00656098846273471,0.000840476784871825,0,0,3.08540701431821e-05,0.000227219167674241,0,0.00529641200935132,0,0,0,0,0.00190277854007444,0.0124556407289332,0.00262175509959032,0.0123809802091712,0.000257186834055439,0,0.00022251639387799,0.00658205188610325,0.00178466066891699,0.00286919510012554,0,0,0.00294882719367484,0.00443274861084519,0.000557063402622411,0.00425565125810167,0.000273160156892188,0.00169329505213303,0.00221312887032194,0,0,0,0.0924882966720197,0.00970713727041691,0.10644507522769,0.0879623935000053,0,0.00115739611236009,7.30870601500667e-05,0.0313757830295588,0.00138476312150833,0.0854518714418608,0,0,0.00062634433124389,0.161417848948195,0.00529181928263115,0.00519407607323269,0.00435597827043227,0.000758852895444498,0,4.22988593004325e-05,0.00821170648366622,0,0.460028374498988,0.0292904603645192,0,0.000359880737133701,0,0,0.0513624779701711,4.83689270158901,0.0763839511844849,0.000137730699619644,0.00408225056439771,0.039936012254099,2.21150291586518,0.883800925875638,3.41405856580034,0,0.000961519783583793,0.335297802436604,0.103223087528404,0.00114702155618396
0.00206254043111509,0.455208046860172,0.000931969685411376,0,0,0,0.00513809115001223,0.00121373176656398,0.0876579203741918,0.000699300614910797,0,0,0.000407157667775698,0.000592957120497176,0,0.132897778753425,0.000269488779247692,0,0.000285323770115985,0,0.00776589836952167,1.25317943843762,0.0186428704919589,0.0464917972286727,0.0633213775377999,0.00288680338309422,0.0419273944464398,0.0117730597124576,0.00190813753992641,0.00593908728345442,0,0,0.00416132500431454,0.00559934022022149,0.000508465357984685,0.00768872278481355,0.000497179586773498,0.00423166830868164,0.00993616105013442,0.00131361297297063,0,0,0.188903771212335,0.0644418279993314,0.105275241815308,0.135995761362113,0,0.00146770990436602,0.00191726937506279,0.0264108949137821,2.41255918156344,0.037679171178089,0,0,6.93283878210361e-05,0.00888868924459792,0.000333678806015965,1.83134880490014,0.000396356524439046,0.000881747262934015,0,0.00715369413645112,0.00303149076424334,0.000129895682127947,3.99665065911023,0.0094071567514581,0,0.00113324465549028,0,0.0513624779701711,0,0.134136233103826,1.41540006487582,0.10208298803394,0.0092119392688718,1.5108160668229,0.0287261391896666,0.0182182023570864,0.0568276594904192,0.000461622977370301,0,0.02007945754965,0.0354549887963592,0.00178604890232422
0.00169683383754087,0.00199483451497432,0.000104626791774495,0,0,0,0.00275360346176937,0.000576554003423642,0.00674653639693622,0.00066135681440373,0,0,0,0.000384385854149998,0,0.017480603562699,4.30486140760673e-05,0,0,0,0.00258495157395878,0.0239469109900906,0.00346346099298805,0.00998294267218165,0.00025754289659709,5.39357622616288e-05,0.00157131584154501,0.0065320911052317,0.00151604411507775,0.00292401755420603,0,0,0.00102628792760318,0.00319025055433605,0.00307662258799155,0.00711374876682759,0.00191700195983589,0.00168300571818477,0.00245383373159224,0.000308485013004543,0,0,0.330522223005531,0.0903105158340597,0.43000337559179,0.340034481550456,0,0.00461556624176507,0.000362728266520487,0.0334953896531545,0.00303037679457285,4.5445941588125,0.000106806264759014,0,0.000698543837100832,0.135899710081836,0.00593266637944222,0.00640803314500035,0.00540925199796307,0.0017680022990044,0.000108909392323542,0.000636643809314122,0.00860178571949708,0.000479027448209504,1.83376564461855,1.72495324546126,4.75765098608746e-05,0.00599122383490987,0,4.83689270158901,0.134136233103826,0,0.1065392124367,0.000739797435870721,0.0592515214287102,1.89787376402383,0.28752948093916,0.332385935391305,0.505609137207509,0,0.000346779001625608,0.0739546224441548,0.321403926775518,0.00799289065146937
0.0101500849308161,0.0094828682575058,0.000357705137710904,0.0014974834636272,0,3.22809890839089e-05,0.0197196388741346,0.00749315803655161,0.121598315676028,0.00378046978748248,2.51989072949969e-05,0,0.000231092964388922,0.00399746873815523,0,0.0184199867637913,0.000171529484269795,3.78570110960979e-05,0.000151145133746464,0,0.0114010018997174,0.0606474634747013,0.00998705055832933,0.0863876030811866,0.00188568880539996,0.000298234789249432,0.00312355672956505,0.0502561569269681,0.020914517786008,0.0240698998904839,0,5.93492014684021e-05,0.0163439111540718,0.0335206940731107,0.000258715991559386,0.0183506542397088,0.000956707475110139,0.0106056677338722,0.0102425012496129,0.00049388014347674,0,0,0.0231114457830389,0.00367436752818762,0.0245194255536034,0.0159989913422715,0.0904745372674546,0.00011658278610314,0.000435651757756693,0.0593646212670699,0.0457610284826913,0.0108419016386507,4.39965743049393,0,0.00917061173830042,0.204184375283899,0.00697875581907242,3.61794251411749,0.167354932167542,0.000311405243296849,0.671099505667353,0.000300006528421788,0.0193233128629808,7.32930613162259e-05,2.67448970043584,0.00120161853014845,0.000238652010488644,0,1.14464394878591,0.0763839511844849,1.41540006487582,0.1065392124367,0,0.00553891211921187,0.00104752912026153,0.0550858022378506,3.94347822997049,0.0620689688119247,0.0716493458884265,0,0.000227529930620259,0.0189965196588764,0.040525846212512,0.00022557517190431
0,0.219640323506754,0.000270051644044436,0,0,0,0,0,0.000677089396800665,0,0.0183394385121215,0,0.0330950088800568,0,0,0.000235862046932654,0.00151251687358755,0.0389797922992605,0.0126745402628506,0,0,0.0212746957661969,0.000119480796285534,0.000205534544936992,1.12877703022593,0.156564913124953,0.0995714385105495,0,0,0,0.00887512529899023,0,0,0.00293313837692243,1.25963041242728e-05,0,0.000395634140587693,0.00150329390758633,0,0,0,0,0.00704042525970952,0.619159074131949,0.137995994288133,0.0310652738080156,0.000161363896045198,0.00090854705529636,0.323455588912568,0.000613104507085044,2.44942936781702,0.00156241325369267,0,0,0,9.62387897964964e-05,0.00080674756458743,0.0372909124257489,0,0.355506732757563,0,3.10976449280823,9.15401871562707e-05,0,0.00765506344431931,0.00129692273530781,0.0586470024027907,0.0779938851741825,0,0.000137730699619644,0.10208298803394,0.000739797435870721,0.00553891211921187,0,0.34061683609376,1.02687744999867,0.000216744045943132,0.00125023459735715,0.000217193181829398,0.177770562123746,0.00139875543451171,0,0.0127846433662617,5.55181382699312e-05
0,0.00487356929171201,2.76787560796227e-05,0,0,0,0,0,0,0,0.00890271333913197,0,0.0237894081857153,0,0,6.37894062451964e-05,2.24531228573871e-05,0.00678168423391408,0.00163538674083255,0,0,0.00177736812238936,2.1549198323239e-05,0.000232330098846196,0.156465168547303,0.0342010640223618,0.0173985511910109,2.01617004613186e-05,0.000239550916502143,0,0.00331909734207774,0,3.43841395057292e-05,0.00101590042934154,0.000103203821924336,6.47015641088375e-05,0.000654698473061342,0.000566469232891145,0.000159647637672556,0,0,0,0.0185416308696805,0.456795660953488,0.204025672229446,0.0493495938301493,0,0.000845778160378917,0.00769102626355983,0.00266292589523041,0.0445312303087792,1.50443054547451,0,0,0.000131756046866741,0.00581221422197814,0.000626225804947537,0.00213091864539469,0.000136065669871478,0.988349636898767,0,0.584200082893112,0.000611142212759821,0,0.00208962374175018,1.35318077616978,0.676489104994165,1.89652453824992,0,0.00408225056439771,0.0092119392688718,0.0592515214287102,0.00104752912026153,0.34061683609376,0,2.03793928902825,0.00217539920579838,0.00508790750471536,0.0127372265255349,0.498553337385086,0.00236991566615231,0.000592871199985977,0.055554879238933,5.44239758752213e-05
0.000192410654933915,0.0852945279189358,0.000446578383855679,0,0,0,0.000545365362798349,0.000137206059110644,0.00216862141151033,0.000121789947674029,0.00461838888412627,2.73694142004532e-05,0.0109736650707587,5.55022865636713e-05,0,0.00824912491717382,0.000157574377113041,0.00358639279138192,0.000987023058596844,0,0.000727676284009124,0.0642900277908173,0.0019406765383672,0.00449412197290173,0.143340999518415,0.0323186626419737,0.0478190511167705,0.00150922489410782,0.000750671679103926,0.000848748555081879,0.00155686304342356,0,0.000373955288825249,0.00120404377827228,0.00230129908963312,0.00234588160908657,0.000812698871616772,0.00112165541503083,0.00106022530337831,0,0,3.20613652861346e-05,0.153030355068325,0.34900002719711,0.325781360631535,0.154701462743747,0,0.00181986153230706,0.00222109124145993,0.00710103247115265,2.28119223472274,1.93086436934628,0,0,5.4749854865273e-05,0.0149361204028629,0.000783163486462137,0.0299221997515779,0.000782625668290399,0.0183559802826598,8.97104409911323e-05,1.33860123501341,0.00134858516912892,0,1.05687488079224,0.126226551649112,0.0178224723678132,0.0820383707658929,8.30062763370071e-05,0.039936012254099,1.5108160668229,1.89787376402383,0.0550858022378506,1.02687744999867,2.03793928902825,0,0.0288583344513342,0.00349995064644851,0.0274878917998859,0.342628298923492,6.95885576243333e-05,0.00206208829103177,0.0726864144574889,0.00393066295766434
0.00606464206771491,0.000285485611867817,0.000517556338548622,0.000250854571739617,0,2.36871528126552e-05,0.0097953219366781,0.0045703289927491,0.0351448255593802,0.00168612802915913,9.49087665067716e-05,0,0,0.00244419969685947,0,0.00278935365981719,8.96540152858349e-05,0,0,0,0.00293538570900348,0.00860300063799543,0.00171801526101517,0.0340005513316736,0.000319573799985737,0,0.00034991523829451,0.0271725018276422,0.0122397098912315,0.00882454731294892,0,0.000208998252921699,0.00772240950285107,0.0166663200411323,0.000504862357598858,0.00590796557430401,0.000371249964865828,0.00391370960453719,0.00405232299566841,0.000536129209480086,0,0,0.0214318420716401,0.00372330217518618,0.0211257851035149,0.0167705429375887,0.00441669692299915,0.000226398290369264,0,0.11245454873416,0.000756066076034543,0.0442583171380675,1.73027123971386,0,0.0168093161729097,3.14880110005924,0.0277597325788318,0.0416026957785105,2.45672319216821,0.000797185850002248,0.0380175882730558,6.44562351022702e-05,0.052136476863347,0,0.217866470287172,0.00411085997848338,0,0.000165496514614749,0.145582951608766,2.21150291586518,0.0287261391896666,0.28752948093916,3.94347822997049,0.000216744045943132,0.00217539920579838,0.0288583344513342,0,0.0819255958345262,0.85672466176554,0,0.00066318980441366,0.0147767253375129,0.0326416462526846,0.00016420617566769
0.00372121423903185,0.000292647290543458,0.000274229228789734,4.730638880498e-05,0,0,0.00658632265349635,0.00190958930604247,0.0284094071850508,0.000892786017591162,0,0,0,0.0015627385523839,0,0.00292431725180942,0,0,0,0,0.00314692104680245,0.00578568811117229,0.00227007033370938,0.0312803065673872,0.000209039950527657,8.47705451357037e-05,0.000135440812922731,0.0207455003269806,0.00772710247596667,0.00773201112342669,0,7.65955124939284e-05,0.00555656382660073,0.0111505286054657,3.63135699433406e-05,0.00517283549853139,0.000106286403096041,0.00351696608603197,0.00314138176535051,0.000419091722314769,0,0,0.0112914580082552,0.00590104857465976,0.293056980667679,0.0462556815363765,0.0154978158691252,0.215246095337674,0,1.57504492307749,0.00151465117122127,0.00763743621355327,0.00245267404176617,0.00329238376651451,0.042481397605968,0.14740939347594,0.235125422178203,0.0254341273295715,0.022994902392789,0.0448914085162204,0.00172646185819434,0.00370069710619067,4.59390931625354,7.4815215134515e-05,0.0107679604770878,0.000708313798253119,0.00167956660860863,0.000445966668427588,0.00247632180464594,0.883800925875638,0.0182182023570864,0.332385935391305,0.0620689688119247,0.00125023459735715,0.00508790750471536,0.00349995064644851,0.0819255958345262,0,1.57289703945184,0.000181083668266109,1.31740317033976,1.8849302974086,1.80503673945986,8.91741364952023e-05
0.00568361454943418,0.00128852509638187,0.000653879159335432,0.000108610230350811,2.96696147772746e-05,0,0.00622562347920017,0.00283472127568526,0.0227423931841663,0.00124438122703774,0,0,0,0.00178363349930529,0,0.00511815062768918,3.7986809028414e-05,0,0,0,0.00446107302602322,0.0150675317841604,0.00437397297962922,0.0305921702046939,0.000104938726517562,0,0.000600903744429383,0.0192855066060307,0.00731320710432367,0.00894338263448669,0,0,0.00455461998263503,0.0110003164250334,0.000169956003469504,0.00799346660927086,0.000592695733730974,0.0036679123016925,0.00419096705898516,0.000498531839870919,0,0,0.0411718828903345,0.0103583799857228,0.185518150230994,0.0838655816289162,0.000491040008972221,0.00353940258067248,0,0.879603988305038,0.00294043348261824,0.201065669034121,7.50706417738476e-05,0,0.00047644687291298,2.62844251889996,0.00441700692848548,0.0228328225815908,0.00328379679114762,0.00244776599209576,0,0.000259819036793169,0.0837560040061816,0,0.0425207405266665,0.0483824166457737,8.64008905610844e-05,0.00087906713390508,0.000146658526078997,3.41405856580034,0.0568276594904192,0.505609137207509,0.0716493458884265,0.000217193181829398,0.0127372265255349,0.0274878917998859,0.85672466176554,1.57289703945184,0,4.04542800692179e-05,0.00318140859112983,0.710659847459682,0.57091786847967,0.000350057911267991
0,0,0,0,0,0,0,0,0,0,0.00357236486279785,0,0.0110083732850957,0,0,0,0,0.00245099551738812,0.00060369725177423,0,0,0,0,4.83780727419927e-05,0.14663157020348,0.00435841392288415,0.00100991543496589,0,0,0,0.00232301468757435,0,0,0.000448642227878372,0,0,0.000406657492195113,0,0.000405308205465471,0,0,0,0.000184551272488752,0.0552134767059801,0.0355034062481292,0.00480647464628382,0,0.000783550992084055,0.0125925233495165,0,0.00887843795177711,0.00027182600569492,0,0,4.65177887632019e-05,0,0.000166014164842271,0.000527848694663141,0,0.988816755319746,0,3.82598614391653,4.72737454050749e-05,0,9.27441473768465e-05,0.000360512195901594,0.016047784026809,0.00443160081666524,0,0,0.000461622977370301,0,0,0.177770562123746,0.498553337385086,0.342628298923492,0,0.000181083668266109,4.04542800692179e-05,0,0.000155680455180544,0,0.0055213672214814,0
0,0,0,0,0,0,0,3.63315724877756e-05,0,0,0,0,0,0,0,0,0,0,0,0,0,0,0,0,0.00053128403214503,6.55341809107316e-05,0,0,4.97658870750456e-05,9.64125130643737e-05,0,0,0,0,0,0,0,0,0.00011501635092657,0,0,0,0.000444640422437859,0.00655579507301488,0.120364699803792,0.000876082805764122,0.0543783215038828,5.37228032496747,0,0.00131218069819733,0,0,0,3.44454032827259,0.200728370027468,0.000633491796175639,0.449723730970611,0,0.000332518110682022,0.0182976371683007,0,0.00266871151386887,0.376361149052504,0,0.000366216548921328,0,0.00104721190906469,0.000416308970049807,0.000116139903318346,0.000961519783583793,0,0.000346779001625608,0.000227529930620259,0.00139875543451171,0.00236991566615231,6.95885576243333e-05,0.00066318980441366,1.31740317033976,0.00318140859112983,0.000155680455180544,0,0.00871507901359746,0.916569638523336,0
0.001520269047687,0,0,0.000137109289586771,0,0,0.00209434582923122,0.00017639636329646,0.0133421891962788,0.000315324296102876,0.000165440542817757,0,0,0.000834602866891191,0,0.00412251591519819,0,0,0,0,0.00155680224098217,0.00520038096232078,0.000974033488882405,0.00949161722750484,0,0,0.000162043848191896,0.00525451844082449,0.00299815411227504,0.00249275613989097,0,0,0.00105362364089554,0.00488976280704066,0,0.00271720242449368,0.000205735668314707,0.0017348991032964,0.00200978866497838,0,0,0,0.012365029574813,0.000987271752236384,0.219517526131183,0.0854347148332749,0,0.0134317908660034,0.00164902790640233,0.0450763107110582,0.00112130983023332,0.00403052415848927,0.00116988828899465,0.00645475854446476,7.66682362237036e-05,0.00933649388557092,0.00133045088252776,0.0171875502557186,0.000850023365376856,0.00372441878410521,0,0.000253318012507556,0.0109526548599433,0,0.0147225879767032,0.000210119773205418,0.00034939178471009,0,0.00028039880486487,0.335297802436604,0.02007945754965,0.0739546224441548,0.0189965196588764,0,0.000592871199985977,0.00206208829103177,0.0147767253375129,1.8849302974086,0.710659847459682,0,0.00871507901359746,0,0.567447929113044,2.59955487768799e-05
0.00349496337796229,0.000410286485213896,0.000434374852404764,0,0,0,0.00392519449256593,0.00245235570787525,0.0165881653651017,0.000597943207489995,0.000161312584252031,5.21858656348968e-05,0.000744985425715752,0.000793571611004802,0,0.00351930122274069,0.000215166447657959,0.00013019399727443,0,0,0.00314999126384171,0.00746078197641299,0.00182703593429552,0.0242814851489474,0.00652441805748593,0.000241545217833433,0.000378798245900425,0.01101004457543,0.00447358324444001,0.0046903453716496,0,0,0.0028056813766744,0.00363489268481419,0.000594941180168029,0.0048189996437056,0.000687259140715012,0.00183850945178373,0.0037161773463101,0.00010319433891376,0,0,0.161879906780397,0.349002421994655,5.34846193216872,0.616991014805657,0.111627394461111,0.890169275053546,0.024235075442677,0.0592533497227189,0.00245950775383405,0.0904249167069252,0.000336082071213586,0.0197130264046346,0.0574755901956637,0.0218714232938698,0.210109563211011,0.0127921185297993,0.00636070029985707,1.47748341529533,0.00111121512905208,0.0592354710090362,0.142373223053739,0.000206247702135887,0.0316014291848744,0.0766013810374941,0.0142586206537717,0.0314404457603961,0.0012049756446546,0.103223087528404,0.0354549887963592,0.321403926775518,0.040525846212512,0.0127846433662617,0.055554879238933,0.0726864144574889,0.0326416462526846,1.80503673945986,0.57091786847967,0.0055213672214814,0.916569638523336,0.567447929113044,0,0.000487439453805909
4.88546850946524e-05,4.64176151735665e-05,0.000164753740417361,0,0,0.000742527143251728,0.000201528582442325,0.000105514135070376,0.00059520737478518,1.81097106623836e-05,1.20214424210471e-05,0.0184387191995378,0,2.07095543824751e-05,0.0014143657796018,0.00065955071797264,0.000223569190964341,0,0,0,0.000967251364719842,0.000656461161824291,0.00271451601560068,0.000115137249342897,1.44990902907968e-05,8.44270595560654e-05,0.00101749497915608,0.0004515642392819,9.19018293975411e-05,0.000224721561453681,0,0,0,0.0010744277289487,1.01058340962776,0.0261273132125743,0.0428244043290729,0.0142273596987464,0.0173000733003759,0.00459853007669871,0,0,0.0689053131802747,0.0434504754509562,0.0252137469408366,0.0302386533057719,0,0.00138754356685353,0.000785042581204867,0.000119029344332758,6.10207693214164e-05,0.000860106567627178,0,0,0.756694219604052,0.000156625047504752,0,0.000652955706643903,0.0254141903976018,0.000320109672026666,1.56568912741639,5.08400667333905e-05,0,0.193783908168035,0.00346539643263866,0.000229103718571955,0,0,0,0.00114702155618396,0.00178604890232422,0.00799289065146937,0.00022557517190431,5.55181382699312e-05,5.44239758752213e-05,0.00393066295766434,0.00016420617566769,8.91741364952023e-05,0.000350057911267991,0,0,2.59955487768799e-05,0.000487439453805909,0
