0,0,0.0853124707031047,0.000350466691645493,0,0.00142915811439511,1.76824801413714,0.506911587554534,0.189136985349342,0.0161372593561902,0.000481433479959884,0.00149913288074778,0,1.37861553954241,0,0.000715548285219832,0.0363987460906402,0.000140825188040802,0.0415568927329713,0.0108583546091519,0.00987843398785795,0.00104530359444527,0.0732777506060135,0.0435646133028463,0,0.0405057949835581,0.00579190920897991,0.0281438806938257,3.15586216527201,0.552299122461383,0,0.000147840334115981,0.0383539677271745,0.120802909818951,0.000262952283954505,0.00743705378462263,0.0187658385943095,0.020275346356519,0.00581125965110468,0.000187179828581063,0,0,0,0,0,0,0,0,0,0.00683761604704933,0,0.000238654856617171,0,0,0,0.00532113902876724,0.000216805932228541,0.0614897818754087,0,0,0,0,0.000157933972829948,0,0.000278898016545194,0,0,0,0,0.000191104837257741,0.000129484777780478,0,0.00613919333838696,0,0,7.1657775858722e-05,0.000966875809054298,0.00152985791315255,0.00854954541703838,0,0,0,0.000106865137636978,0
0,0,0.0102404364149214,0,0,0,0,0,0.124025422973369,0,0.00698974852697062,0,0.0919637328459728,0,0,0.0293134567987966,0.0274467718815091,0,0.00619160083795206,0,0.00194555464265265,1.23280154563341,0.00124644575494737,0.0357083836641969,0.710486856950552,0.00584642161283223,0.529530745137048,0.00263485905338485,0.000223605042787811,0.000533885121985975,0.0354606279501911,0,0.000252383783500371,0.00656032223918521,0.000964364775821829,0.0426534735300998,0.0244065081172043,0.0476753164858128,0.0397708905073801,0,0,0.0415709906012221,0.00684556564724653,0.00978095140810231,0.0154806738002827,0.0106418986123976,0,0,0.000855291480688886,0,0.0790940249290091,0.000380759333840203,0,0,0,9.65847644508202e-05,0,0.00502410781180475,6.91041150887271e-05,0.00152134097793235,7.75219911198005e-05,0.00634827174116511,0,0,0.00327614959763519,0.00837568054026496,0.00083605795445707,0.00489163578177088,0,0.000816062280141124,0.0305662560587601,0.00098851795303621,0.00230542675792449,0.0223595527090558,0.00386350272629272,0.0714595819313079,7.96908225998948e-05,0.00029604015566545,0.00037599777212436,0.00240286116919284,0,0,0.00141171318213611,0.000468386737728624
0.0853124707031047,0.0102404364149214,0,8.61738317074756e-05,0,0.00676121694943509,0.140137413036083,0.041950707485767,0.0234785934646089,0.0028449056043092,0.00221034369289545,0.000225296196301617,0.000206123401264974,0.00774834838456991,0,0.00941120862767152,2.59399561759497,0.000467466550918576,0.122264541852539,0,0.235091233261695,0.00471019879523374,1.98247632024721,0.0579089654703253,0,0.917207994992144,2.00540215546994,0.173423991402032,0.0252027838551717,0.0244772781418997,0,0,0.00547614234586647,0.0657366039168956,0.00198491109480486,0.10524523245186,0.18654487404207,0.169660877387165,0.0845500447403377,0.000129423098338085,0,0,0.00264762175659126,0.000350037232424051,0.000802518316683576,0.00100530369445991,0,0,0,0.00115707050325978,0.00504704346811303,0.00014984388697248,0,0,0,0.000817584088186367,0,0.0031577065691211,0,0,0,0.000382196005902374,0,0,0.00180347136984788,0.000331112308871852,0,0,0,5.14656273043401e-05,0.00194019927324489,0.000233794204815253,0.000560689302356103,0,0,0.00993360846677842,3.29400080137793e-05,0.000790713518618964,0.000463070135055081,0,0,0,0.000171441670896982,0.00116430993814544
0.000350466691645493,0,8.61738317074756e-05,0,0,0.00953261274512404,0.0429742807546796,0.00152479429872983,0.128146482135641,0.0960501539238027,0,0.871953237466742,0,0.000603139416161232,0,0.000288366501913218,0.000321717181027347,0,0,7.31574658182481,0,0,0.000280854986518721,2.86209965800725,0,0,5.72176003284471e-05,2.85941788082662,0.00368227638895124,5.50739278846538e-05,0,0,0,5.99379202436321e-05,0,0,0,0.000600542210090541,0,0.019064109924004,0,0,0,0,0,0,0,0,0,0,0,0,0,0,0,0,0,0,0,0,0,0,0,0,0,0,0,0,0,0,0,0,0,0,0,0,0,0,0,0,0,0,0,0
0,0,0,0,0,1.0499960658717,0,0.176164829129193,0,0,0,0.000473500027765881,0,0.000864969870518387,0.00398830270614456,0,0,0,0,0,0,0,0.000521725621307756,0,0,0,0,0,0.137318138348548,0,0,4.21194331368898,0,0.396022343869981,0.00760144753355258,0.000349698019145972,0,0.00142420127214312,0,1.33163680195592,3.68907699399598,0,0,0,0,0,0,0,0,0,0,0,0,0,0,0,0,0,0,0,0.00111610834650716,0,0,0,0,0,0,0,0,0,0,1.77286019418806e-05,0,0,0,2.01345148115144e-05,0,0,0,0,0,0,0,0.000449059494675474
0.00142915811439511,0,0.00676121694943509,0.00953261274512404,1.0499960658717,0,0.262324624490074,1.0805737254299,0.00036488607581127,1.16198016830775,0,1.38800723170531,0,0.036076192427908,0.659655934373357,3.95360204608541e-05,0.0006577617145554,0,0.000355460857321247,0.281964502180293,0.0025083797752592,0,0.00631413380330878,0.0340983317303069,0,0.000313783918792193,0.00010044930277044,0.0650415201512003,0.275545745547242,0.000268379314052991,0,0.178655402117591,7.16321249996203e-05,0.0277785338849934,0.342316057238093,0.0050707814792443,0.00118464279104879,0.00180319239985156,0.00047539603922564,1.04484928126882,0.201873668092057,0,0.00106504265404928,0.00118072141417292,0.000416922724664121,0.00110511481661433,0,0,0,0,2.33090810308825e-05,2.62193140062022e-05,0,0.0015814663627815,0.00255490655108619,6.23310013638538e-05,0,0,0,1.91128943500154e-05,0.00175666909494861,0,0,0.00206929259409171,0.000502730362649374,0,0,2.80603202883101e-05,0,0.000499445634627488,0,0.000351036163499608,2.15510345044122e-05,0,0,0.000515008075775009,0,0,1.68742545685746e-05,0,0,0,0,0.0280590405705622
1.76824801413714,0,0.140137413036083,0.0429742807546796,0,0.262324624490074,0,0.361463192972848,0.0180313760864792,1.80271893457599,0,0.102637434552955,0,0.0713466542994368,0,0.000666614302847753,0.0228923778163831,0,0.00254830184679525,0.846498758921303,0.0895514606130744,0.0002412901289034,0.164156618104579,0.249038510928583,0,0.00713111037557654,0.00223096133160605,3.48409231047669,0.211474800826652,0.629687250671366,0,0,0.00441711821590016,0.0172516715360379,0.000370521776779426,0.00795264474738546,0.00473394892878987,0.00857968045928412,0.00212299870175307,0.00338408058106908,0,0,0.000129165610057221,0.000168067283557005,0,0.000423056638835701,0,0,0,0.000965502209653274,8.98643615842229e-05,0,0,0,0,0,0,0.00120509979211257,0,0,0,0,0.000176374571367184,0,0.000496593614626754,0,0,0,0,0,0.000183475574312689,0.000356497805784183,0.000211611917712986,0,0,3.22403378216337e-05,0.000108962313196065,4.99124678568956e-05,0.000924957591802849,0,0,0,0,4.51411704462625e-05
0.506911587554534,0,0.041950707485767,0.00152479429872983,0.176164829129193,1.0805737254299,0.361463192972848,0,0.0301580055811493,0.358781452325191,0,0.0176633736060149,0,3.48979065451682,0.00051106569181926,0,0.0124696051020028,0,0.0060763357320066,0.0325330578307449,0.00827419744766498,0.000311549096875025,0.0329971817266068,0.0166493335403241,0,0.0145027371844632,0.00202321654821644,0.0349283846950235,1.06997758806723,0.0321400141720036,0,0.246185920568005,0.00100896799875832,0.0374197866266922,2.23806058854198e-05,0.00424914885025256,0.0037313191215855,0.00533025579047719,0.000670861101838886,0.0929921135358859,0.151483747745836,0,0.000121831879020179,0,2.67586471208369e-05,0,0,0,0,0.00190612775734206,0,0,0,0,0,0.00275110303885666,0,0.0135178620678298,0,0,0,0,0.000194343320725418,0,0.000324983701960346,0.000146723786257303,0,0.000160204101197506,0,0.00014672872970134,0.000173717578782178,2.26109888805052e-05,0.00269004842313445,0,6.84703983399879e-05,3.3298914202725e-05,0.00082462181373937,0.00118257530788902,0.00234472574045456,0,0,0.000110599091653861,9.63449792805698e-05,8.43838389777787e-05
0.189136985349342,0.124025422973369,0.0234785934646089,0.128146482135641,0,0.00036488607581127,0.0180313760864792,0.0301580055811493,0,0.00125465955538851,0.00281354249499085,0.487779588544512,0.0392248749580392,0.0337678838750634,0.0081466703210363,0.01662180689771,0.0141581398812282,0.000216902026755978,0.00674878917406526,0.247940877773244,0.00628063439071683,3.28930614449326,0.00472336547212496,3.00803251979374,0.0985529665982567,0.00601806560482453,0.368010174487977,0.204395614234461,0.321194641160078,0.259574221717073,0.0203623498294794,0,0.162910824170536,0.0888731227991727,0.00136982417524434,0.0578323987619444,0.0252351100377106,0.108198552585416,0.0445139419713897,2.74994640212954,0.000119567256554412,0.0166158154650185,0.00151555613918965,0.00163003714613571,0.0054831263800531,0.00144026908217708,0,0,0,0.0244813306610531,0.0117935039060232,0,0,0,0,0.0191816158241224,0.000208384539480118,1.00683701283917,0,0.000672923671076568,0,0.00151793368099163,0.00127432702383284,0,0.0192912151314785,0.0013002613845979,0,0.00073431032507687,0,0.00133334432046718,0.0532252267646439,0.00128123134823966,0.0201857605706846,0.00164344037492624,0.000896185686958526,0.00532815208515689,0.00465393423932517,0.0139522820844525,0.0308122424787825,0.00213994208010451,0,0.0050750635316709,0.00560265247064279,0.000412342870852051
0.0161372593561902,0,0.0028449056043092,0.0960501539238027,0,1.16198016830775,1.80271893457599,0.358781452325191,0.00125465955538851,0,0,0.910960273112786,0,0.0184871706946394,0,0,0.000439571563468244,0,0,2.99251548641297,0.000657152920611554,0,0.00209183727523537,0.0637274834767239,0,0.000234019117320327,0,0.376487943005602,0.021436588930439,0,0,8.20918141531922e-05,0.000447355098781529,0.00238460672486098,0.000340402930430507,0,0.000172778043099498,0.000728560452247067,0,0.00329406899989781,0,0,0,0,0,0,0,0,0,0,0,0,0,0,0,0,0,0.000252555449875014,0,0,0,0,0,0,0,0,0,0,0,0,0,0,0,0,0,0,0,0,0,0,0,0,0,0
0.000481433479959884,0.00698974852697062,0.00221034369289545,0,0,0,0,0,0.00281354249499085,0,0,0,1.11131861768184,0.000141497220432479,0,0.00262637297892367,0.0875571777224213,0.812389634629599,0.216572524268536,0,0.00635771399570923,0.014626634689158,0.00354220441465707,0.00121621830581948,1.05437126903436,0.446850137967657,0.158505909032393,0.00102523004686288,0.0116686140383664,0.000735400905857029,1.04019696410584,0.000563982746873502,8.0756535128115e-05,1.56962232162695,6.97714281439263e-05,0.0136577505043122,0.524931637076648,1.23348470730916,0.0404547483076467,0,0.0557495606229275,0.11023195691534,0.000372035025571002,0.00375171495233388,0.000710017584382032,0.000268567669468183,0,0,0.000400879266790104,6.38035302451389e-05,0.00663067845116196,0,0,0,0,0,0,0.001177158736894,0,0.0121398047343929,0,0.0408603640494542,0,0,0.00116640508733819,0,0.00117829471924374,0.000154056542742812,0,0,0.00502569376244932,0,0.000209463051881111,0.0207978365931629,0.00341911885498821,0.00518595107142368,0,0,0.0001951527469985,0.0194738525195996,0,0,0,8.60328962546192e-05
0.00149913288074778,0,0.000225296196301617,0.871953237466742,0.000473500027765881,1.38800723170531,0.102637434552955,0.0176633736060149,0.487779588544512,0.910960273112786,0,0,0,0.0119460545490218,0.704032195834733,0,0,0,4.04449424481739e-05,10.9072672406083,0,0,0.000318598385804288,1.16868735966029,0,0,0.000107698037381276,0.0947150260543792,0.13940533100109,0.00012207637620474,0,0.00142004669973836,0.00142604685400414,0.0494887093112868,0.404517891790979,0.00460913572899867,0,0.00353135392632297,0,1.12425517556216,0.00074197254504544,0,9.57468972951818e-05,0.000254827256098962,0.000219478581353937,4.84286349611614e-05,0,0,0,0,0,0,0,0.00077241535451232,0.000450858298354839,0,0,0,0,0,0.000175542032318218,0,0,0.0014709506077016,0,0,0,0,0,0,0,5.0674348691316e-05,0,0,1.66806510030411e-05,2.88496150845142e-05,0,0,0.000153408961208967,0,0,0,0,0.00882343212688615
0,0.0919637328459728,0.000206123401264974,0,0,0,0,0,0.0392248749580392,0,1.11131861768184,0,0,0,0,0.00327345156205513,0.000621523420095398,0.0152723108153831,0,0,0.000261839874946486,0.179500424805467,0.000713982353436829,0.00753995614060678,2.94834508981791,0.0379646207494993,0.320004846475541,0.000222676049884904,0.000573356261470749,0.000369886752788341,1.15996188954857,0.000421742783845163,0,0.0314284471002353,0,0.0152786271103808,0.0988372589542852,0.307139111895722,0.102908501719146,0,0.00275574198682163,0.557955709515787,0.000861739145465509,0.0297337811455542,0.00110246733804091,0.000741501971544108,0,0,0.000433426905640119,0,0.0504090403736048,0,0,0,0,0,0,0.0102604064457706,0,0.0530089905305989,0,0.343427794114622,0,0,0.00351431852446638,7.6435422219784e-05,0.0106311074705832,0,0,0,0.0580605336528223,0.000120900650001615,0.000651136266940801,0.111531055942403,0.0264514267326335,0.0164430319284919,0,3.11863909248115e-05,0,0.122756953293674,0,0,0.00021800158958039,0
1.37861553954241,0,0.00774834838456991,0.000603139416161232,0.000864969870518387,0.036076192427908,0.0713466542994368,3.48979065451682,0.0337678838750634,0.0184871706946394,0.000141497220432479,0.0119460545490218,0,0,4.61373608726871e-05,0,0.00364570372335779,0,0.00483271027707093,0.0152517461054508,0.00114145043065332,0.000364241122523935,0.00600114382595123,0.0133486676474886,0,0.00816718409935759,0.00112084344879405,0.0125945266770419,1.57147514380479,0.0287602574375648,0,0.00576537307937223,0.00493910525846587,0.0689718535589702,0,0.00189173849597787,0.00175911755260529,0.00799882566799535,0.000842048270008909,0.00487573864291221,0.00108335342846914,0.000108708261725095,0,0,0.00010827982811439,0,0,0,0,0.00243322898441406,0,0,0,0,0,0.00205125061742109,0,0.010393663066484,0,0,0,0,2.41509093494845e-05,0,0,0,0,0,0,0,0,9.0619959631469e-05,0.00132463887647004,0,2.15398839290152e-05,3.41725847132306e-05,0.000442096677789735,0.0014617682190233,0.00217241382243393,0,0,0.000222998984899863,0.000224645894874587,5.18183457043217e-05
0,0,0,0,0.00398830270614456,0.659655934373357,0,0.00051106569181926,0.0081466703210363,0,0,0.704032195834733,0,4.61373608726871e-05,0,0.000481059612241467,0,7.29940897472997e-05,0,0,0.00146726096636351,0.000159934039268491,0.00141555185637553,0,0.000265391646555488,2.59126373814908e-05,0.000673200620581136,0.000245563432559944,0.00742405587089903,4.68685253073985e-05,0,0.00378167901314612,0,0.00248928845941846,0.392070122341977,0.00597908552017864,0.00363637807057084,0.00165179809793164,0.00109339599511884,2.11131596448503,0.00958221588677605,0,0.0168829815555224,0.0437249975141653,0.0153297704831505,0.0172359627914495,0.00320211411580215,0,0,0.000318994706429863,0.000710177317143967,0.00186607870404593,0,0.0033960565275893,0.00875422191569308,0.000649104028819621,7.89225821742944e-05,0.00045117768109239,0.000478375844166823,4.84037777706136e-05,0.0108962932503291,0,0.000165991010559433,0.0130185369691151,0.00174466275428883,0.000659079162095488,0.000129343813061401,0.000219636224811203,0,0.00174321798312631,0.00159133095863158,0.0064042687247203,0.000205599837597747,0,0.00116934599856104,0.00503280968979498,0.000734494361104072,0.000550782723304615,0.000107643310283811,0,0,0,0.000552631534632357,0.0771954297233272
0.000715548285219832,0.0293134567987966,0.00941120862767152,0.000288366501913218,0,3.95360204608541e-05,0.000666614302847753,0,0.01662180689771,0,0.00262637297892367,0,0.00327345156205513,0,0.000481059612241467,0,0.0165290343401856,0,0.00974937525642374,0,1.14436329952416,2.15971813136698,1.34334730374848,1.31099080010235,0.00751984486762076,0.00463174765716784,0.748818152733266,0.61075424595353,0.000891286530982003,0.0260268288091796,0.00187742791794386,0,0.000498070963222963,0.021755262465157,0.00694575071839072,0.52276849011822,0.0841207487367139,0.157503331572135,0.0528615449311781,0,0,0.00128540236090073,0.0843751268469411,0.213191054477465,0.0432176690019053,0.0210785307146572,0,0,0,0.00464733911890538,0.00533243465672363,0.0107745093746412,0,0,0.000599514455573644,0.00364356550261969,0.00072995825480769,0.0272482171263259,0.000123755336235743,0.000158224737875362,0,0.00037679282126892,0.00138474331755819,0,1.21408256270715,0.00240036165095255,0,0.00122643884287608,0,0.0213126270735925,0.451867068358304,0.278995750892551,0.0550693002906537,0.000289090802093779,0.00110799681173009,0.222588173002669,0.0156409788664083,0.00387850608773327,0.031733768716559,0,0,0.00459973375186977,0.0186843546376416,0.00259237444492859
0.0363987460906402,0.0274467718815091,2.59399561759497,0.000321717181027347,0,0.0006577617145554,0.0228923778163831,0.0124696051020028,0.0141581398812282,0.000439571563468244,0.0875571777224213,0,0.000621523420095398,0.00364570372335779,0,0.0165290343401856,0,0,5.13598594361086,0,0.0458277429960302,0.0185823976951529,1.71020797283694,0.027234147935318,0.00151315695110007,0.769286384938544,0.627033578789711,0.0269516700955843,0.0127558301001376,0.0101481111828832,0.000454958677556822,0,0.00337149716765394,0.99294698287113,0.000163970933066474,0.0116723209418314,0.284062038756171,0.230101002877645,0.0121242282852301,0,0.000644460687616165,0,0.000648940147749615,0.00016792050021185,0.000745738116750376,0.000219087148271669,0,0,0,0.000299908265248755,0.0160162495799527,0.000312163761420429,0,0,0,0,0,0.000210984848190824,0,0.000193749752551806,0,0.000211413895325802,0,0,0.00120651019127731,0.000918955662056242,0,0,0,0,0.00220549522704112,0.000207150484503313,0.000489398817667306,0.001085336650716,0.000136990669739217,0.0132321999222698,0.000130801123038815,0,0.000604451437919024,0,0,0,0.000540385831006858,0.000104780552009096
0.000140825188040802,0,0.000467466550918576,0,0,0,0,0,0.000216902026755978,0,0.812389634629599,0,0.0152723108153831,0,7.29940897472997e-05,0,0,0,0.505979533104962,0,0.000318905139741913,0.000324227481025174,0,0.000174355629622997,0.0200456941686204,0.663013157611807,0.0760758572004028,0.000137301622086245,0.000373680642903633,0.00019076479247073,0.165475324790839,0.000193226995697862,0.000823472810318503,0.0140679095836558,0.00022835118520866,0.0416960048382584,0.332348387079989,0.372325130514181,0.114341205357196,0,0.000282324650483367,0.00445859501257088,0.000238060792574398,0.00038886217402817,0.000646451165120464,0.000383672048578839,0,0,0,0,0.000214180453419349,0,0,0,0,0,0,0.000821599479176566,0,0.00301798014400828,0,0.00934378938577011,0,0,0.000518967020875435,0,0.00156278647855248,0,0,0,0.000850954709310999,0,0,0.00214916141868795,0.00288647554147511,0.000891424702906568,0,0,0,0.00777284155940969,0,0,0.000124732303262962,7.2191886012938e-05
0.0415568927329713,0.00619160083795206,0.122264541852539,0,0,0.000355460857321247,0.00254830184679525,0.0060763357320066,0.00674878917406526,0,0.216572524268536,4.04449424481739e-05,0,0.00483271027707093,0,0.00974937525642374,5.13598594361086,0.505979533104962,0,0,0.0259200502045449,0.00434695152804801,0.0872758773807783,0.00515093782902046,0.00113152597970458,1.28420281656079,0.102258084055441,0.00720964864547968,0.0460653878299333,0.012929440158247,0.000511028552917518,0.00032488333043619,0.0142594117084623,0.771069712080401,0.000135413592505988,0.0154297961482561,0.119537769787377,0.264356256066367,0.0241400946323904,0,0.000538341169061444,0.000164962932038555,8.62996232685479e-05,0.000746650178946262,0.000166768258286029,0.000248936354259073,0,0,0,0,0.00473648215765245,0,0,0,0,0,0,0.00112448862530451,0,0,0,4.11804902351849e-05,0,0,0.00186080597924181,7.85090082093256e-05,0,0,0,0,0.0028088254696679,4.86581203053863e-05,6.51241490560945e-05,0.000559644381718349,3.65988602214393e-05,0.00240981790024835,8.5909097357683e-05,5.57380245975016e-05,0.000227460962113351,0,0,0,9.9473528559671e-05,6.21679150091198e-05
0.0108583546091519,0,0,7.31574658182481,0,0.281964502180293,0.846498758921303,0.0325330578307449,0.247940877773244,2.99251548641297,0,10.9072672406083,0,0.0152517461054508,0,0,0,0,0,0,0,0,6.89354911128422e-05,2.66222639434668,0,0,0,1.52951846058881,0.0795830346100992,0,0,0.000388797096759459,0.00752321286009538,0.013053110794032,0,0,0,0.00089000156667636,0.000135613319016802,0.0701790190662896,0,0,0,0,0,0,0,0,0,0,0,0,0,0,0,0,0,0,0,0,0,0,0,0,0,0,0,0,0,0,0,0,0,0,0,0,0,0,0,0,0,0,0,0
0.00987843398785795,0.00194555464265265,0.235091233261695,0,0,0.0025083797752592,0.0895514606130744,0.00827419744766498,0.00628063439071683,0.000657152920611554,0.00635771399570923,0,0.000261839874946486,0.00114145043065332,0.00146726096636351,1.14436329952416,0.0458277429960302,0.000318905139741913,0.0259200502045449,0,0,0.0157715493336441,4.20834910837301,0.00938503342699065,0.000184238404499555,0.0142053651947099,0.059682459196853,1.48424632405972,0.0120582214416869,2.2604962737585,0,0.000235817467961422,0.00252735513927747,0.174081476404374,0.0200914812338978,0.862377898495383,0.0994402837591386,0.36653218674923,0.107184749725867,0,0.00115359328334897,0.000133383309958662,0.00973781911343823,0.00918577715806052,0.00603347572858784,0.00344438697404594,0,0,0,0.00521114342028116,0.000349807766350735,0.000456681187344445,0,8.41401097683211e-05,0,0.00329022710451178,0.000273155270652012,0.00993698573159986,2.53012109214116e-05,0,5.98458448420503e-05,2.8667496291527e-05,0.000243885206844574,0.000418321487261328,0.0478248485572404,0.00015025474369986,0,0,0,0.00231915801396562,0.0148454695634963,0.00752442131083917,0.0153067838447081,0,0,0.00321045936824758,0.00865147341495309,0.00630255920428879,0.0223762516909207,0,0,0.00371474744284981,0.0104747616456703,0.00767556094544261
0.00104530359444527,1.23280154563341,0.00471019879523374,0,0,0,0.0002412901289034,0.000311549096875025,3.28930614449326,0,0.014626634689158,0,0.179500424805467,0.000364241122523935,0.000159934039268491,2.15971813136698,0.0185823976951529,0.000324227481025174,0.00434695152804801,0,0.0157715493336441,0,0.0360420775490335,1.12237625206625,0.563847090874299,0.0107965543923585,1.15007270012611,0.0682795328429992,0.00470829227740063,0.0212804411556905,0.0639164799463822,0,0.00294368105488297,0.0105969338313397,0.00107198359740314,0.10010766012093,0.0305855615784165,0.077676314193544,0.03044992190692,0,0,0.0604718311718377,0.0186259413313758,0.0369275045330965,0.0172029636272547,0.0079104672180171,0,0,0.000178729451853722,0.00222283838733989,0.0442210122967685,0.00226576394040915,0,0,0,0.00112022781879305,0,0.035095086431081,0,0.0023077316877881,4.09802248939155e-05,0.0103402245475925,0.000206493908644144,0,0.197296184343901,0.00613381130082491,0.000147022897561442,0.000752497013962465,0,0.00297884303458875,0.371305895452487,0.0218998817624452,0.0181483174717995,0.011745106104782,0.00233873476512788,0.0629701111594652,0.00411951228451667,0.000874463422252331,0.0120345985641026,0.00421960721242749,0,0.000583551297344489,0.00891924269376336,0.000389111727731486
0.0732777506060135,0.00124644575494737,1.98247632024721,0.000280854986518721,0.000521725621307756,0.00631413380330878,0.164156618104579,0.0329971817266068,0.00472336547212496,0.00209183727523537,0.00354220441465707,0.000318598385804288,0.000713982353436829,0.00600114382595123,0.00141555185637553,1.34334730374848,1.71020797283694,0,0.0872758773807783,6.89354911128422e-05,4.20834910837301,0.0360420775490335,0,0.0417489495262407,7.35740820200456e-05,0.128893345822393,1.46154696698425,0.554892777194446,0.131724752927857,0.171104783363158,3.10558036389647e-05,0.000125934631873366,0.00982265192589141,0.163113830398457,0.0399347031662975,1.0794586827512,0.721911938380915,0.552072665111682,0.11968810867897,0.000121334782110436,0.000616115422220851,3.1397232792779e-05,0.0261632544082231,0.0232080396792851,0.00746662867365343,0.00672835205256072,0,0,0,0.000158067432903811,0.00112615684574528,0.00332480437133251,0,6.88332313269688e-05,0.000626392038307137,0.000581583430872841,0.000166247099368238,0.00269870749013861,0,3.96549287279176e-05,0.000624836604356802,0,0.000256803182154368,0.000220275271793594,0.178383168023678,0.000564477444155291,0,8.96913710049757e-05,0,0.00404020728705892,0.0474632097137937,0.0780260008586328,0.00966704373801699,0,0.000344044119733581,0.0684674923753994,0.001278644944762,0.000335824862160231,0.00158224666832558,0,0,2.84042686020929e-05,0.000909532714605987,0.0193161805210909
0.0435646133028463,0.0357083836641969,0.0579089654703253,2.86209965800725,0,0.0340983317303069,0.249038510928583,0.0166493335403241,3.00803251979374,0.0637274834767239,0.00121621830581948,1.16868735966029,0.00753995614060678,0.0133486676474886,0,1.31099080010235,0.027234147935318,0.000174355629622997,0.00515093782902046,2.66222639434668,0.00938503342699065,1.12237625206625,0.0417489495262407,0,0.0115509198654619,0.00802113712215103,0.448313186028559,1.70366043101489,0.107197753068596,0.0988962022133193,0.00185543459693966,0,0.0328084570651255,0.0350944431490591,0.00124952044500042,0.0709194403187315,0.0120081001036933,0.0677679482053898,0.0194087922533703,0.234032965585145,0.000621261477855307,0.00147630307709948,0.00855315940657332,0.0170620669870329,0.0113392792924762,0.00144691664904242,0,0,0,0.0265121962659052,0.00454560022820467,0.00133718231781926,0,0,0.000114823999689413,0.0163615306883247,0.000215577684095306,0.109875092131379,0,9.63582449120147e-05,0,0.000438218968353449,0.00127279069871911,0,0.123738721364871,0.000768385762063032,0.000197897639680283,0.000191892757646488,0,0.00438853007604017,0.0575288833538133,0.0252334587888524,0.0310158598436778,0.000614938295416406,0.000518957385369964,0.0107971373341682,0.00971938366532451,0.0199484252360377,0.0514417296759665,0.000278633028378987,0,0.00562891295450835,0.0186747341067721,0.00044940896158101
0,0.710486856950552,0,0,0,0,0,0,0.0985529665982567,0,1.05437126903436,0,2.94834508981791,0,0.000265391646555488,0.00751984486762076,0.00151315695110007,0.0200456941686204,0.00113152597970458,0,0.000184238404499555,0.563847090874299,7.35740820200456e-05,0.0115509198654619,0,0.0631426909506829,0.588450066090831,0.00050231861272514,0.000207486560518224,0.0004238257608596,1.38094164845358,0,0.000274758044756483,0.00571135584315191,1.95095088571893e-05,0.0032209171334551,0.895703516879542,0.144338747206783,0.022363147538726,0,0.00064488106670612,1.35026772421596,0.00172329245091865,0.0974678767324609,0.0586606712549183,0.00961249962237021,0,0,0.033742535162953,0,0.128951350717263,0,0,0,0,4.69154430548413e-05,0,0.0290949383120666,0,0.0935252927922313,0,0.398372412686643,0,0,0.00661288122877174,0.000304127568311649,0.0462178596309973,0.00180922012433923,0,6.60328710406222e-05,0.0991358592435784,0.000342938344123439,0.00188116720687817,0.33276707060286,0.157653789956277,0.111373736498683,0,0,8.52351404664001e-05,0.497092002721856,0,0,0.000954210682685537,3.62848633056432e-05
0.0405057949835581,0.00584642161283223,0.917207994992144,0,0,0.000313783918792193,0.00713111037557654,0.0145027371844632,0.00601806560482453,0.000234019117320327,0.446850137967657,0,0.0379646207494993,0.00816718409935759,2.59126373814908e-05,0.00463174765716784,0.769286384938544,0.663013157611807,1.28420281656079,0,0.0142053651947099,0.0107965543923585,0.128893345822393,0.00802113712215103,0.0631426909506829,0,1.58937643071522,0.00945780163255303,0.0312335505285191,0.0126634508481812,0.144252699326362,0,0.0037158753247349,0.10114973168738,0.00147535089716351,0.158382513962757,0.327090766142162,0.343785895285387,0.103739042184429,0,8.24053038025099e-05,0.00238533831927387,0.00259132883204582,0.0080527624505872,0.00848284193600897,0.00199224520313706,5.36784196496893e-05,0,0.000105865010852161,0,0.00944427913092634,0.000124335657750413,0,0,0,4.60433313669377e-05,0,0.00262537993672982,0,0.0122327471334905,0,0.041282883408876,0,0,0.000451212036619,0,0.00315071469479664,0.000641888352621098,0,0,0.00868912786718204,5.86831419228018e-05,0.000552048219888504,0.0132643508191938,0.023616780609882,0.031286141564935,0,0,0.000283723865365616,0.030468565348612,0,0,0,0.00103981323370896
0.00579190920897991,0.529530745137048,2.00540215546994,5.72176003284471e-05,0,0.00010044930277044,0.00223096133160605,0.00202321654821644,0.368010174487977,0,0.158505909032393,0.000107698037381276,0.320004846475541,0.00112084344879405,0.000673200620581136,0.748818152733266,0.627033578789711,0.0760758572004028,0.102258084055441,0,0.059682459196853,1.15007270012611,1.46154696698425,0.448313186028559,0.588450066090831,1.58937643071522,0,0.164454502270316,0.00593269983267986,0.0121611438900638,0.338470904653013,3.60368328910232e-05,0.000681651173373503,0.270743159581876,0.0290607808615531,0.790231060344999,0.343276928657907,1.10370502324106,0.437979589224135,0,0.000398829236426998,0.00573811797841966,0.0583693911359753,0.0719608773712065,0.1130544806167,0.0242600246043678,0,0,0.0010063371959949,0.00148731017164286,0.314905066739476,0.0177091155275582,0,6.57993707935749e-05,0.000575369587222639,0.00202862700287514,2.26701745638207e-05,0.0293505726978295,0,0.0428566500801311,6.38035131519509e-05,0.144196732728098,0.000324558948751006,7.23854437157329e-05,0.0527228677787,0.0202875237804662,0.0161441556864137,0.010093843121463,0,0.00217306801412366,0.219327984868512,0.0298408958093721,0.0285215304374505,0.109742620884716,0.196324431878544,0.983732135500851,0.00182524891371013,0.000752665645596406,0.00171868182725768,0.133293159047914,0,0.000102616998995491,0.00852904936197193,0.0144810078130532
0.0281438806938257,0.00263485905338485,0.173423991402032,2.85941788082662,0,0.0650415201512003,3.48409231047669,0.0349283846950235,0.204395614234461,0.376487943005602,0.00102523004686288,0.0947150260543792,0.000222676049884904,0.0125945266770419,0.000245563432559944,0.61075424595353,0.0269516700955843,0.000137301622086245,0.00720964864547968,1.52951846058881,1.48424632405972,0.0682795328429992,0.554892777194446,1.70366043101489,0.00050231861272514,0.00945780163255303,0.164454502270316,0,0.116351241624462,1.34550040772186,6.7930782945049e-05,0.000137475616048126,0.0315043558688034,0.0729435915133879,0.00404979312807036,0.228056748741263,0.018120165211315,0.137376161072819,0.048407918552177,0.00150187644538114,0.00029631170232177,0.000361576967633802,0.00464180871814582,0.00318049979988107,0.00476571479712052,0.000493625865092889,0,0,0,0.0211108378003525,0.000939376001601551,0.000772888852740212,0,0,0,0.0127409247449142,0.000191377170198469,0.0664766212348135,2.02766962402708e-05,0,0,6.84077589534378e-05,0.00135910898986384,0,0.0508651760910294,0.000621934665368422,0,8.19642432250967e-05,0,0.00426962181522733,0.0214661029932411,0.00524579587581068,0.0255241620383903,0,0.000211826541445023,0.00385888221077101,0.0115750991440055,0.0239960286317447,0.039511096419832,0,0,0.00278488338038719,0.0132305113248055,0.0014240940946808
3.15586216527201,0.000223605042787811,0.0252027838551717,0.00368227638895124,0.137318138348548,0.275545745547242,0.211474800826652,1.06997758806723,0.321194641160078,0.021436588930439,0.0116686140383664,0.13940533100109,0.000573356261470749,1.57147514380479,0.00742405587089903,0.000891286530982003,0.0127558301001376,0.000373680642903633,0.0460653878299333,0.0795830346100992,0.0120582214416869,0.00470829227740063,0.131724752927857,0.107197753068596,0.000207486560518224,0.0312335505285191,0.00593269983267986,0.116351241624462,0,0.86540842648579,0.000392070605023072,0.573158361539897,1.57950787553028,2.59140054536959,0.000117027681392582,0.0150335212105356,0.0331573600897653,1.0842074003978,0.0212952426766467,0.519189974618061,0.301472344987068,0.00509062074273774,0.000285167834688368,4.12970124512302e-05,0.000962757074431803,5.15054775404064e-05,0,0,0,0.0165405090523623,0,0.00018720279767959,0,0,0,0.0249803293831465,8.36226251821554e-05,0.125539415709693,8.83204908728018e-05,0,0,0,0.00205106157942894,0,0.00379723110772654,0.000272356312592311,0,0.000181160460413596,0,0.000800600821036137,0.00094125254592066,0.00025852510388532,0.0229116619920216,0,4.3030801514239e-05,9.42117949712716e-05,0.00777584277025097,0.0121590154526666,0.0264951491199057,0,0,0.000725618697872951,0.00284655402973793,4.61424841113312e-05
0.552299122461383,0.000533885121985975,0.0244772781418997,5.50739278846538e-05,0,0.000268379314052991,0.629687250671366,0.0321400141720036,0.259574221717073,0,0.000735400905857029,0.00012207637620474,0.000369886752788341,0.0287602574375648,4.68685253073985e-05,0.0260268288091796,0.0101481111828832,0.00019076479247073,0.012929440158247,0,2.2604962737585,0.0212804411556905,0.171104783363158,0.0988962022133193,0.0004238257608596,0.0126634508481812,0.0121611438900638,1.34550040772186,0.86540842648579,0,3.95127384830354e-05,0.000301966082743479,0.253314411609812,0.314440838539783,0.000244355135384817,0.0394135453586844,0.00990118703838463,0.100385910072593,0.016093676939843,0,0.000442227126362598,0.000216332306196339,0.00160192923286656,0.000894661971617468,0.00152003927136895,0.000228465581534685,0,0,0,0.0151219861082998,0.000258742965528561,0,0,0,0,0.0167647839550365,0.000245925431938012,0.0837038347772467,0,0,0,0,0.000812005057619622,0,0.0207780350719499,0,0,0,0,0.00316551728230833,0.0115670351644142,0.000479259958235782,0.0321159592687168,0,0,0.000850365809582774,0.0138277253220601,0.0150782271613024,0.033147157585384,0,0,0.00395751973335544,0.00884678581631345,0.000211696586892404
0,0.0354606279501911,0,0,0,0,0,0,0.0203623498294794,0,1.04019696410584,0,1.15996188954857,0,0,0.00187742791794386,0.000454958677556822,0.165475324790839,0.000511028552917518,0,0,0.0639164799463822,3.10558036389647e-05,0.00185543459693966,1.38094164845358,0.144252699326362,0.338470904653013,6.7930782945049e-05,0.000392070605023072,3.95127384830354e-05,0,0,0,0.0033749030680641,0,0.00536556828107391,0.0899705200000138,0.0838355631966393,0.0239700790918379,0,0.000659479894980824,0.0200611933407339,0.000473749899095084,0.0291158271674756,0.00228694691039031,0,0,0,0.000453071312900871,0,0.0797153026081327,0,0,0,0,0,0,0.020347007178699,0,0.0661606199342307,0,0.293549417661571,0,0,0.00527840075401012,0,0.0188469944316915,0.000246800540975922,0,0.000220588390556158,0.112118500773453,0.000283858109922666,0.00220653558620624,0.125153126329228,0.0311509399774337,0.0150180151671745,0,0,0,0.285768478227207,0,0.000405294859605883,0,7.64865648921246e-06
0.000147840334115981,0,0,0,4.21194331368898,0.178655402117591,0,0.246185920568005,0,8.20918141531922e-05,0.000563982746873502,0.00142004669973836,0.000421742783845163,0.00576537307937223,0.00378167901314612,0,0,0.000193226995697862,0.00032488333043619,0.000388797096759459,0.000235817467961422,0,0.000125934631873366,0,0,0,3.60368328910232e-05,0.000137475616048126,0.573158361539897,0.000301966082743479,0,0,0,0.655513275311437,0,0.00126338375246285,0.00494857476419804,0.0976279882779029,0.00374693420398995,1.01619192519008,2.54675717057833,0.000535355036810934,0,0,0,0.000145359198433895,0,0,0,0,0,0,0,0,0,0,0,6.87354569928068e-05,0,0,0,0,0,0,0,0,0,0,0,0,0,0,0.000179648435923878,0,0,0,0,0,0,0,0,0,0,0
0.0383539677271745,0.000252383783500371,0.00547614234586647,0,0,7.16321249996203e-05,0.00441711821590016,0.00100896799875832,0.162910824170536,0.000447355098781529,8.0756535128115e-05,0.00142604685400414,0,0.00493910525846587,0,0.000498070963222963,0.00337149716765394,0.000823472810318503,0.0142594117084623,0.00752321286009538,0.00252735513927747,0.00294368105488297,0.00982265192589141,0.0328084570651255,0.000274758044756483,0.0037158753247349,0.000681651173373503,0.0315043558688034,1.57950787553028,0.253314411609812,0,0,0,0.345411537403084,0,0.00335740373383291,0.00099720183754554,0.0755846491305864,0.00666073052020746,0.000189186857742493,0.000335121183863391,0,0,0,0,0,0,0,0,0.00341880135053041,0,0,0,0,0,0.00321271265196822,0,0.0666149040872014,0,0,0,0,0.000540995567091135,0,0.00268381265433399,0,0,0,0,0,0.000634897333832648,0,0.00550615778530563,0,0,0.00011547330191122,0.00164169708388622,0.00220624547235863,0.00525608154352136,0,0,0.00386072996398373,0.00100530018762834,0
0.120802909818951,0.00656032223918521,0.0657366039168956,5.99379202436321e-05,0.396022343869981,0.0277785338849934,0.0172516715360379,0.0374197866266922,0.0888731227991727,0.00238460672486098,1.56962232162695,0.0494887093112868,0.0314284471002353,0.0689718535589702,0.00248928845941846,0.021755262465157,0.99294698287113,0.0140679095836558,0.771069712080401,0.013053110794032,0.174081476404374,0.0105969338313397,0.163113830398457,0.0350944431490591,0.00571135584315191,0.10114973168738,0.270743159581876,0.0729435915133879,2.59140054536959,0.314440838539783,0.0033749030680641,0.655513275311437,0.345411537403084,0,0.0021493534273481,0.143496364617884,0.338429716215763,4.58069112550792,0.332644579900691,0.116461630057583,0.50500975445983,0.047972707377179,0.00483598573202518,0.00356751658435599,0.00212081648076075,0.00215767716923604,0,0,0,0.00574256348136677,0.00420297262521345,0.000435715664546279,0,0,0,0.0065667400118208,0.000127332154996173,0.0343018344225055,0,0.000242491791683389,0,0.000209462348256871,0.00061171089475663,0,0.00838085234867506,0,0,0.000208353399950212,0,0.000843366571085498,0.00771545450502338,0.00133413841878703,0.0105407087502827,0.000580402057951658,0.000487178167553581,0.00887471641567128,0.00398359754078266,0.00330403525462928,0.0101663218343302,4.87873223020713e-05,0,0.000178856276913309,0.00188829082677284,0.00083749271131375
0.000262952283954505,0.000964364775821829,0.00198491109480486,0,0.00760144753355258,0.342316057238093,0.000370521776779426,2.23806058854198e-05,0.00136982417524434,0.000340402930430507,6.97714281439263e-05,0.404517891790979,0,0,0.392070122341977,0.00694575071839072,0.000163970933066474,0.00022835118520866,0.000135413592505988,0,0.0200914812338978,0.00107198359740314,0.0399347031662975,0.00124952044500042,1.95095088571893e-05,0.00147535089716351,0.0290607808615531,0.00404979312807036,0.000117027681392582,0.000244355135384817,0,0,0,0.0021493534273481,0,0.111294160074831,0.0825044168144694,0.0166922229959503,0.0242393704514397,0,0.000408742670350468,0.00010489457915665,0.0788035277775983,0.0746306743229235,0.0308572553726783,0.022083746785386,0.00393740784443011,0,0,0.00039103205268933,0.000754155109407012,0.00309690239292882,0,0.0141703596950307,0.0692818598730985,0.00121368853532055,8.48785815252085e-05,0.000226679281246093,0.000717739407659118,9.48990694297669e-05,0.0513738072497033,4.55150475690807e-05,0.000206270698869368,0.0247133815341586,0.00466198138895256,0.000619263823910482,5.22867757774119e-05,0.000255255741666045,0,0.00567059312327434,0.000838822411541576,0.0199646569672078,0.00121194860048719,8.0604707736043e-05,0.00247246347672009,0.022417974528022,0.00112177438029037,0.000240664226532074,0.00034063925936052,2.50744889408588e-05,0,4.6628920747046e-05,0.00125170600105551,2.74552502753162
0.00743705378462263,0.0426534735300998,0.10524523245186,0,0.000349698019145972,0.0050707814792443,0.00795264474738546,0.00424914885025256,0.0578323987619444,0,0.0136577505043122,0.00460913572899867,0.0152786271103808,0.00189173849597787,0.00597908552017864,0.52276849011822,0.0116723209418314,0.0416960048382584,0.0154297961482561,0,0.862377898495383,0.10010766012093,1.0794586827512,0.0709194403187315,0.0032209171334551,0.158382513962757,0.790231060344999,0.228056748741263,0.0150335212105356,0.0394135453586844,0.00536556828107391,0.00126338375246285,0.00335740373383291,0.143496364617884,0.111294160074831,0,6.94398511891687,0.785172377377576,0.781243740420875,1.78045395408292,0.0103164965890053,0.00662675449798356,0.146680409847851,0.134186851317015,0.0378774681847198,0.0466088794446347,0,0,0.000107794698154483,0.00578037287340234,0.0250007487500221,0.005825721613657,0,0.0006399407130582,0.000136286389001987,0.00410068519198541,6.77644847598066e-05,0.0253091749481274,0,0.00149555041626408,0.000142799550068018,0.000777956603966916,0.000421759649233661,0.00123357540826563,0.200068960918858,0.00330903230927035,0.000551873193304375,0.0010129894476916,0,0.00929456663911541,0.0681034021305557,0.0459264862076147,0.0309695911614212,0.00202975993390658,0.00432196722716346,0.0909593306796919,0.0125707068429613,0.00223771751610991,0.011398249826687,0.000542825809621502,0,0.00269172001514463,0.00486023820519013,0.0407803414167471
0.0187658385943095,0.0244065081172043,0.18654487404207,0,0,0.00118464279104879,0.00473394892878987,0.0037313191215855,0.0252351100377106,0.000172778043099498,0.524931637076648,0,0.0988372589542852,0.00175911755260529,0.00363637807057084,0.0841207487367139,0.284062038756171,0.332348387079989,0.119537769787377,0,0.0994402837591386,0.0305855615784165,0.721911938380915,0.0120081001036933,0.895703516879542,0.327090766142162,0.343276928657907,0.018120165211315,0.0331573600897653,0.00990118703838463,0.0899705200000138,0.00494857476419804,0.00099720183754554,0.338429716215763,0.0825044168144694,6.94398511891687,0,3.67465679526415,2.82737099332421,0,0.0287241946438994,0.865535856075249,0.119846442669768,0.0349282006182741,0.0159848011778561,0.0417189678256033,0,0,0,0.00018716166365889,0.0183821666711014,0.00130259487799709,0,0.00229518121953117,0.000805353363485104,0.000545444291579028,0.000141761855790247,0.00353160758804912,0,0.00159976077851813,0.00121213848307648,0.00128970804976581,0,0,0.0264797275309318,0.00126861826692383,0.000243840097677292,0.00268109271196852,0,0.000677303863639192,0.0174887744937465,0.00770670508144587,0.00258375383609946,0.00561523124785341,0.00405440924607813,0.0384546245039332,0.000766434414929302,0,0.00112577594313387,0.00164860669085253,0,0,0.00138922504136011,0.0398741259116149
0.020275346356519,0.0476753164858128,0.169660877387165,0.000600542210090541,0.00142420127214312,0.00180319239985156,0.00857968045928412,0.00533025579047719,0.108198552585416,0.000728560452247067,1.23348470730916,0.00353135392632297,0.307139111895722,0.00799882566799535,0.00165179809793164,0.157503331572135,0.230101002877645,0.372325130514181,0.264356256066367,0.00089000156667636,0.36653218674923,0.077676314193544,0.552072665111682,0.0677679482053898,0.144338747206783,0.343785895285387,1.10370502324106,0.137376161072819,1.0842074003978,0.100385910072593,0.0838355631966393,0.0976279882779029,0.0755846491305864,4.58069112550792,0.0166922229959503,0.785172377377576,3.67465679526415,0,2.28234525591625,0.00418267059130729,0.454360590114615,2.60095531562893,0.0231954433920812,0.0228516575816021,0.0125982029729801,0.0130977686498244,0,0,0.000149715874619462,0.0081453926291617,0.0242101259588587,0.00167161565367415,0,0,0.000386656861170931,0.00549528480340892,0,0.0374572639653113,0,0.00167314523136842,0.000447023835893161,0.00263921199579169,9.82391556489299e-05,9.14716404710608e-05,0.0510913744342321,0.00227111179711412,0.000526801938757284,0.00185390536368903,0,0.00239750446755683,0.0375387236952653,0.00750949912411753,0.0198052638149577,0.00615708617345172,0.0044659921535146,0.0524146871337801,0.00797487059154658,0.00269093738425791,0.0105436772858558,0.00163085591733641,0,0,0.00197360307580234,0.0118670774479169
0.00581125965110468,0.0397708905073801,0.0845500447403377,0,0,0.00047539603922564,0.00212299870175307,0.000670861101838886,0.0445139419713897,0,0.0404547483076467,0,0.102908501719146,0.000842048270008909,0.00109339599511884,0.0528615449311781,0.0121242282852301,0.114341205357196,0.0241400946323904,0.000135613319016802,0.107184749725867,0.03044992190692,0.11968810867897,0.0194087922533703,0.022363147538726,0.103739042184429,0.437979589224135,0.048407918552177,0.0212952426766467,0.016093676939843,0.0239700790918379,0.00374693420398995,0.00666073052020746,0.332644579900691,0.0242393704514397,0.781243740420875,2.82737099332421,2.28234525591625,0,0.00287179280136373,0.0621224745917699,1.23427384750687,0.048235633693558,0.0727641485358323,0.0225580449735607,0.0370039470243287,0,0,0,0.00343891416057672,0.0160036788220234,0.00175688491478519,0,0.00155614721370444,0.000592985029306822,0.00116694272576117,3.07935417440512e-05,0.0219060802591763,3.84887177869559e-05,0.00115759674374534,7.85436625123448e-05,0.00267937095591283,0,0.000132428955696876,0.0229251284006228,0.000804030612109569,0.000104635757129285,0.00067778738513536,0,0.00078242044993405,0.0166701784753795,0.00451628901157226,0.00831384604889776,0.00285962940823716,0.00309572701744222,0.0267375315197956,0.00438393678779743,0.000859933698013386,0.00402161372051115,0.00305130667207273,0,0,0.000858766379208322,0.0144484637696304
0.000187179828581063,0,0.000129423098338085,0.019064109924004,1.33163680195592,1.04484928126882,0.00338408058106908,0.0929921135358859,2.74994640212954,0.00329406899989781,0,1.12425517556216,0,0.00487573864291221,2.11131596448503,0,0,0,0,0.0701790190662896,0,0,0.000121334782110436,0.234032965585145,0,0,0,0.00150187644538114,0.519189974618061,0,0,1.01619192519008,0.000189186857742493,0.116461630057583,0,1.78045395408292,0,0.00418267059130729,0.00287179280136373,0,6.1618114164603,0,0,0,0,0,0,0,0,0,0,0,0,0,0,0,0,0,0,0,0,0,0,0,0,0,0,0,0,0,0,0,0,0,0,0,0,0,0,0,0,0,0,0
0,0,0,0,3.68907699399598,0.201873668092057,0,0.151483747745836,0.000119567256554412,0,0.0557495606229275,0.00074197254504544,0.00275574198682163,0.00108335342846914,0.00958221588677605,0,0.000644460687616165,0.000282324650483367,0.000538341169061444,0,0.00115359328334897,0,0.000616115422220851,0.000621261477855307,0.00064488106670612,8.24053038025099e-05,0.000398829236426998,0.00029631170232177,0.301472344987068,0.000442227126362598,0.000659479894980824,2.54675717057833,0.000335121183863391,0.50500975445983,0.000408742670350468,0.0103164965890053,0.0287241946438994,0.454360590114615,0.0621224745917699,6.1618114164603,0,0.0197599892701535,0.000404172853651108,0.000402361239179,0.00166074693865967,0.00013889959402023,0,0,0,0,0,0,0,0,0,0,0,0,0,0,0,0,0,0,0.000142220765476431,0,0,0,0,6.03257764697496e-05,0.000309962475479854,0,0,0,0,4.49036643864007e-05,0,0,0.000116803195945787,0,0,0,0,0.000173637043563342
0,0.0415709906012221,0,0,0,0,0,0,0.0166158154650185,0,0.11023195691534,0,0.557955709515787,0.000108708261725095,0,0.00128540236090073,0,0.00445859501257088,0.000164962932038555,0,0.000133383309958662,0.0604718311718377,3.1397232792779e-05,0.00147630307709948,1.35026772421596,0.00238533831927387,0.00573811797841966,0.000361576967633802,0.00509062074273774,0.000216332306196339,0.0200611933407339,0.000535355036810934,0,0.047972707377179,0.00010489457915665,0.00662675449798356,0.865535856075249,2.60095531562893,1.23427384750687,0,0.0197599892701535,0,8.75547468541429e-05,0,0,0.000152205891184729,0,0,0,0,0.000181719858326441,0,0,0,0,0,0,0,0,0,0,5.55178787310599e-05,0,0,0,0,0,0,0,0,0,0,0,0,2.86593483740426e-05,0.000162478627627713,0,0,0,0,0,0,0,4.7168746145829e-05
0,0.00684556564724653,0.00264762175659126,0,0,0.00106504265404928,0.000129165610057221,0.000121831879020179,0.00151555613918965,0,0.000372035025571002,9.57468972951818e-05,0.000861739145465509,0,0.0168829815555224,0.0843751268469411,0.000648940147749615,0.000238060792574398,8.62996232685479e-05,0,0.00973781911343823,0.0186259413313758,0.0261632544082231,0.00855315940657332,0.00172329245091865,0.00259132883204582,0.0583693911359753,0.00464180871814582,0.000285167834688368,0.00160192923286656,0.000473749899095084,0,0,0.00483598573202518,0.0788035277775983,0.146680409847851,0.119846442669768,0.0231954433920812,0.048235633693558,0,0.000404172853651108,8.75547468541429e-05,0,7.90205805566181,1.91691982151135,1.15609465147142,1.5970315020772,0.000822069284576925,0.0227148580574302,0.0220067968824807,0.0487213504064252,0.136333849968635,0.000135682133057757,0.00240924334674228,0.00861964889207109,0.034713593355158,0.00276365863480158,0.0594817324245753,0.00216106999294103,0.0177735097905827,0.00611111314788568,0.0310626142114087,0.00542851085848443,0.00317726084780618,0.272844501853709,0.0373973100654058,0.00771382891749414,0.0439955582984281,0.000359560148349869,0.307637286408686,0.0459758665179841,0.874832896567798,0.0422221939904132,0.00178620428522008,0.112469604933222,0.59193668521245,0.0585977577316692,0.0616094352771585,0.0311107342173707,0.00191764962250518,4.86819384512855e-05,0.137569265676492,0.407858445467482,0.173002428101538
0,0.00978095140810231,0.000350037232424051,0,0,0.00118072141417292,0.000168067283557005,0,0.00163003714613571,0,0.00375171495233388,0.000254827256098962,0.0297337811455542,0,0.0437249975141653,0.213191054477465,0.00016792050021185,0.00038886217402817,0.000746650178946262,0,0.00918577715806052,0.0369275045330965,0.0232080396792851,0.0170620669870329,0.0974678767324609,0.0080527624505872,0.0719608773712065,0.00318049979988107,4.12970124512302e-05,0.000894661971617468,0.0291158271674756,0,0,0.00356751658435599,0.0746306743229235,0.134186851317015,0.0349282006182741,0.0228516575816021,0.0727641485358323,0,0.000402361239179,0,7.90205805566181,0,4.39445198199683,2.73200392699286,0.000155316109998672,0.0157792078179437,0.758392853302422,0.0226522450090039,0.0598195020652869,0.0540384174099239,0,0.00518215858892565,0.00192383745172735,0.0152107478335005,0.000717465035759532,0.0133067548051874,0.000289326988240897,0.979975038968021,0.00112592645880563,0.596222387431689,0.00354343262522702,0.00275590341691581,0.496041075642611,0.212137018136059,0.275460576667045,0.156899195142511,0,0.20791763353067,0.0648266573434659,0.792135724496649,0.0220453061938517,1.66529182236108,0.359577988353127,0.407264565946063,0.037023730481916,0.0281175055409882,0.00842070881561219,0.303912438259077,0,0.0105268197655445,0.216435966096178,0.0949710493598358
0,0.0154806738002827,0.000802518316683576,0,0,0.000416922724664121,0,2.67586471208369e-05,0.0054831263800531,0,0.000710017584382032,0.000219478581353937,0.00110246733804091,0.00010827982811439,0.0153297704831505,0.0432176690019053,0.000745738116750376,0.000646451165120464,0.000166768258286029,0,0.00603347572858784,0.0172029636272547,0.00746662867365343,0.0113392792924762,0.0586606712549183,0.00848284193600897,0.1130544806167,0.00476571479712052,0.000962757074431803,0.00152003927136895,0.00228694691039031,0,0,0.00212081648076075,0.0308572553726783,0.0378774681847198,0.0159848011778561,0.0125982029729801,0.0225580449735607,0,0.00166074693865967,0,1.91691982151135,4.39445198199683,0,1.78727842050226,0.0545212962374565,0.871450094995093,2.40530869739795,0.132137998949211,0.140152148799728,0.336116878816833,7.89680394355642e-05,0.000918939028677926,0.00515722535469385,0.117891233896532,0.00634890372073198,0.0378482640075207,0.0023402030842816,1.22413563459437,0.0073672372727105,0.277895629932523,0.0573554371508884,0.000291801238682558,0.207216493179769,0.442858378501915,0.282980991979551,0.895779974716174,0.000683482434555214,0.477484980443352,0.0815828374775893,0.924887620436825,0.0688424775028305,0.155822346931415,0.635252966875472,0.982321005529883,0.083786497574191,1.54902420030455,0.14337602892094,0.185407392554969,0.00748233926745998,0.200889191358891,3.51357615499369,0.0331964097992772
0,0.0106418986123976,0.00100530369445991,0,0,0.00110511481661433,0.000423056638835701,0,0.00144026908217708,0,0.000268567669468183,4.84286349611614e-05,0.000741501971544108,0,0.0172359627914495,0.0210785307146572,0.000219087148271669,0.000383672048578839,0.000248936354259073,0,0.00344438697404594,0.0079104672180171,0.00672835205256072,0.00144691664904242,0.00961249962237021,0.00199224520313706,0.0242600246043678,0.000493625865092889,5.15054775404064e-05,0.000228465581534685,0,0.000145359198433895,0,0.00215767716923604,0.022083746785386,0.0466088794446347,0.0417189678256033,0.0130977686498244,0.0370039470243287,0,0.00013889959402023,0.000152205891184729,1.15609465147142,2.73200392699286,1.78727842050226,0,0,0.0548768905813907,1.00797845469143,0.0199855637969036,0.0546228495724848,0.117796779746392,0,0.000845518404039673,0.00103106894663398,0.0157609251159067,0.00103163152301611,0.0132129258928293,0.0010483700399107,0.196192438338024,0.000486181968329189,0.351049428104566,0.00326930207704113,0.00120951725004188,0.0648429823516496,0.0376100030587269,0.0163134209464648,0.0891766615931523,0,0.074110860285466,0.0323911814366282,0.16038201357295,0.0174864363612967,0.0164426111313596,0.0919240044544739,0.298019399124839,0.0161352194733782,0.0261788848807961,0.010894478241493,0.00615761943336709,0,0.0196350632931943,0.101905687602469,0.0262314268798551
0,0,0,0,0,0,0,0,0,0,0,0,0,0,0.00320211411580215,0,0,0,0,0,0,0,0,0,0,5.36784196496893e-05,0,0,0,0,0,0,0,0,0.00393740784443011,0,0,0,0,0,0,0,1.5970315020772,0.000155316109998672,0.0545212962374565,0,0,4.8661328530817,0,0.000197105394573918,0,0,0.0674993138703166,0.0848997359264426,1.31400236941592,0.000444613019756712,0.108342588382796,2.65820884352384,0.00119169861159388,0,1.44730795265395,0,0.137733011100795,4.53974868693853,0,0,0,0,0.0356478515923376,0,0,4.46053424864616e-05,0.481986232678927,0,0,0,0.000385681717493171,0.819285984848427,0,0,0.558080331988,0.000156177543200312,0.359185046143356,0.057727886870251
0,0,0,0,0,0,0,0,0,0,0,0,0,0,0,0,0,0,0,0,0,0,0,0,0,0,0,0,0,0,0,0,0,0,0,0,0,0,0,0,0,0,0.000822069284576925,0.0157792078179437,0.871450094995093,0.0548768905813907,4.8661328530817,0,0.0281309191665776,0,0,0,0,0.0695871012608969,0.171828268216744,0,0.0785867083469971,0,0,0.0707370933475956,0,0.00103300017770892,0.00180401782799812,0.000716676174749714,0,0,0,0,0,0,0,0,0,0,4.09500472988594e-05,0,6.70305910649145e-05,0.92375875611125,0,0,4.40843690222739,0,2.27354546507422,0
0,0.000855291480688886,0,0,0,0,0,0,0,0,0.000400879266790104,0,0.000433426905640119,0,0,0,0,0,0,0,0,0.000178729451853722,0,0,0.033742535162953,0.000105865010852161,0.0010063371959949,0,0,0,0.000453071312900871,0,0,0,0,0.000107794698154483,0,0.000149715874619462,0,0,0,0,0.0227148580574302,0.758392853302422,2.40530869739795,1.00797845469143,0,0.0281309191665776,0,0,0.0379633449478406,0.000134109738324506,0,0,0.000130954064299815,0.000126229766646112,0,0.00893247569424591,0,0.1496621563382,0,0.977789063157309,8.31692835890204e-05,0,0.00178631027929845,0,0,0.000207509601139952,0,0.000293355460009864,0.0303581583953612,0.000387294169184415,5.93814338262907e-05,0.510174658125929,0.000200173552950987,0.00157995134747512,4.38286570197434e-05,0.00965537889690337,8.6502843661023e-05,0.000682474785920302,0,0.00381717804854212,0.0352370224073347,7.05437638809868e-05
0.00683761604704933,0,0.00115707050325978,0,0,0,0.000965502209653274,0.00190612775734206,0.0244813306610531,0,6.38035302451389e-05,0,0,0.00243322898441406,0.000318994706429863,0.00464733911890538,0.000299908265248755,0,0,0,0.00521114342028116,0.00222283838733989,0.000158067432903811,0.0265121962659052,0,0,0.00148731017164286,0.0211108378003525,0.0165405090523623,0.0151219861082998,0,0,0.00341880135053041,0.00574256348136677,0.00039103205268933,0.00578037287340234,0.00018716166365889,0.0081453926291617,0.00343891416057672,0,0,0,0.0220067968824807,0.0226522450090039,0.132137998949211,0.0199855637969036,0.000197105394573918,0,0,0,0.00526486376854936,0.0537244699758333,0.03083194943916,0,0.00289038333765703,1.07216752289037,0.338485403813077,0.187106807279345,0.0270961428841462,0.00213168776887803,0.144687846159581,0,2.33680740284373,0,0.00578854133947581,0.0788953482967437,0,0.0846521586730001,0.214392163718099,0.00907461863420901,0.0295826659813565,0.0300911285538849,0.11582250807866,0,0.046948117642475,0.0170545938557459,0.0542225496869466,1.50743503112991,0.840137698314037,0,0,0.0210462788548383,0.120178569192156,0.000505279444885185
0,0.0790940249290091,0.00504704346811303,0,0,2.33090810308825e-05,8.98643615842229e-05,0,0.0117935039060232,0,0.00663067845116196,0,0.0504090403736048,0,0.000710177317143967,0.00533243465672363,0.0160162495799527,0.000214180453419349,0.00473648215765245,0,0.000349807766350735,0.0442210122967685,0.00112615684574528,0.00454560022820467,0.128951350717263,0.00944427913092634,0.314905066739476,0.000939376001601551,0,0.000258742965528561,0.0797153026081327,0,0,0.00420297262521345,0.000754155109407012,0.0250007487500221,0.0183821666711014,0.0242101259588587,0.0160036788220234,0,0,0.000181719858326441,0.0487213504064252,0.0598195020652869,0.140152148799728,0.0546228495724848,0,0,0.0379633449478406,0.00526486376854936,0,0.0105529798310393,0,0,0,0.00157324779885716,0.000288237027691682,0.435499330434365,0,0.0371861635234725,0,0.249220170779704,0.000236323035287196,0,0.0980129103446278,0.0592619293201863,0.0027738818382106,0.0350736041397818,0,0.00285071071950837,1.44314696873538,0.00579246284790274,0.0718425958352908,0.849620932564641,0.0251395658852111,1.36316010216145,0.00182737857559666,0.00134070335977824,0.003936724837149,0.0511719268038219,0,0.000994632425228884,0.0131955449881954,0.00100787336634649
0.000238654856617171,0.000380759333840203,0.00014984388697248,0,0,2.62193140062022e-05,0,0,0,0,0,0,0,0,0.00186607870404593,0.0107745093746412,0.000312163761420429,0,0,0,0.000456681187344445,0.00226576394040915,0.00332480437133251,0.00133718231781926,0,0.000124335657750413,0.0177091155275582,0.000772888852740212,0.00018720279767959,0,0,0,0,0.000435715664546279,0.00309690239292882,0.005825721613657,0.00130259487799709,0.00167161565367415,0.00175688491478519,0,0,0,0.136333849968635,0.0540384174099239,0.336116878816833,0.117796779746392,0,0,0.000134109738324506,0.0537244699758333,0.0105529798310393,0,0,0,0.00341270269078289,0.324198907819314,0.0265417180096004,0.00101689649112868,0.0128591830917786,0.00190178778460138,0,0,0.0647943475986977,0,0.0302094594765298,3.05277038899179,0.000274759123560376,0.160195939994369,0,0.361839617713631,0.0156694566638616,3.60180026171632,0.0701681894224677,0.00011548100112943,1.59937765144584,1.50033235433555,0.171791724276173,0.00969155071631455,0.0421929126111131,0,0,0.00294084093109635,0.0615105614078123,0.00413576857403533
0,0,0,0,0,0,0,0,0,0,0,0,0,0,0,0,0,0,0,0,0,0,0,0,0,0,0,0,0,0,0,0,0,0,0,0,0,0,0,0,0,0,0.000135682133057757,0,7.89680394355642e-05,0,0.0674993138703166,0,0,0.03083194943916,0,0,0,0,0.043848514661121,0.00438466481641501,0.00715823007057173,0.192076208291343,0.461098800884661,0,0.775755808240262,0,0.0101739836884205,0,0,0,0,0,7.43165732960656,0,0,0,2.28079477240017,0,2.50209124585629e-05,0.000121632771933264,0.868275986426005,0.0146921634864991,9.47225795541588e-05,0,0,0.00128115952480394,0.00191961899978703,0
0,0,0,0,0,0.0015814663627815,0,0,0,0,0,0.00077241535451232,0,0,0.0033960565275893,0,0,0,0,0,8.41401097683211e-05,0,6.88332313269688e-05,0,0,0,6.57993707935749e-05,0,0,0,0,0,0,0,0.0141703596950307,0.0006399407130582,0.00229518121953117,0,0.00155614721370444,0,0,0,0.00240924334674228,0.00518215858892565,0.000918939028677926,0.000845518404039673,0.0848997359264426,0.0695871012608969,0,0,0,0,0,0,1.9604445737742,0,0.000411538680490002,0,0.00123477140269424,0.0223564213926385,0.0270985167210297,0,0,0.0413997635286793,7.78859233873937e-05,0,0,0,0,0,0,0.000983807396321874,0,0,0,2.5202627723769e-05,0.000394441900036319,0,0,0,0.0871349815804304,0,0.00857902721997229,0.122492796728669
0,0,0,0,0,0.00255490655108619,0,0,0,0,0,0.000450858298354839,0,0,0.00875422191569308,0.000599514455573644,0,0,0,0,0,0,0.000626392038307137,0.000114823999689413,0,0,0.000575369587222639,0,0,0,0,0,0,0,0.0692818598730985,0.000136286389001987,0.000805353363485104,0.000386656861170931,0.000592985029306822,0,0,0,0.00861964889207109,0.00192383745172735,0.00515722535469385,0.00103106894663398,1.31400236941592,0.171828268216744,0.000130954064299815,0.00289038333765703,0,0.00341270269078289,0.043848514661121,1.9604445737742,0,0.0753273980474491,0.827978988828655,0.000434694016636401,2.09508506813462,0,2.7967145768485,0,0.0343578661903832,0.360417371476583,0.000104288635306593,0.0010953874217393,0,0.000274680633431207,0.252404788175899,0.00173842002373816,0,0.00324368117776869,0.123272091198004,0,0.000986416299409665,0.000987273276886094,0.0861725681686508,0.176893267920961,0.00015218133714822,0,0.140756800079143,0.000230968691318958,0.0144203271803837,0.726340499842612
0.00532113902876724,9.65847644508202e-05,0.000817584088186367,0,0,6.23310013638538e-05,0,0.00275110303885666,0.0191816158241224,0,0,0,0,0.00205125061742109,0.000649104028819621,0.00364356550261969,0,0,0,0,0.00329022710451178,0.00112022781879305,0.000581583430872841,0.0163615306883247,4.69154430548413e-05,4.60433313669377e-05,0.00202862700287514,0.0127409247449142,0.0249803293831465,0.0167647839550365,0,0,0.00321271265196822,0.0065667400118208,0.00121368853532055,0.00410068519198541,0.000545444291579028,0.00549528480340892,0.00116694272576117,0,0,0,0.034713593355158,0.0152107478335005,0.117891233896532,0.0157609251159067,0.000444613019756712,0,0.000126229766646112,1.07216752289037,0.00157324779885716,0.324198907819314,0.00438466481641501,0,0.0753273980474491,0,0.0551547209146381,0.159527834606023,0.838668745340378,0.00171044717674195,0.00161322980954946,0.000120395915826256,0.616600609156448,0,0.0067974023865899,0.136183061449707,0.000118935855188556,0.0745383178176133,0.0120515674151181,0.318157635785304,0.0129425598144875,0.427386266178,0.436767850214452,0.000107193625870045,0.132003209377817,0.0517240486319272,2.63541499018237,0.196092231116561,1.96229120943725,0,0,0.0108179780187653,0.0695887793756537,0.00119166950104666
0.000216805932228541,0,0,0,0,0,0,0,0.000208384539480118,0,0,0,0,0,7.89225821742944e-05,0.00072995825480769,0,0,0,0,0.000273155270652012,0,0.000166247099368238,0.000215577684095306,0,0,2.26701745638207e-05,0.000191377170198469,8.36226251821554e-05,0.000245925431938012,0,0,0,0.000127332154996173,8.48785815252085e-05,6.77644847598066e-05,0.000141761855790247,0,3.07935417440512e-05,0,0,0,0.00276365863480158,0.000717465035759532,0.00634890372073198,0.00103163152301611,0.108342588382796,0.0785867083469971,0,0.338485403813077,0.000288237027691682,0.0265417180096004,0.00715823007057173,0.000411538680490002,0.827978988828655,0.0551547209146381,0,0.00186762454717483,0.10897740417061,4.0111302224176e-05,0.0947591169010324,0,2.83735666448434,0.00196563602738349,0.000473249870893712,0.00748775005142917,0,0.00288511308125901,0.0376562768866649,0.00590221672497567,0.000189844467279439,0.0208753439990244,0.0237151422083917,0,0.0102697904048972,0.00164993578941202,0.0172834456732865,0.272339568204786,0.00336397868514756,0,0.00560314530660115,7.20102294494156e-05,0.00360850219945693,9.20819500857366e-05
0.0614897818754087,0.00502410781180475,0.0031577065691211,0,0,0,0.00120509979211257,0.0135178620678298,1.00683701283917,0.000252555449875014,0.001177158736894,0,0.0102604064457706,0.010393663066484,0.00045117768109239,0.0272482171263259,0.000210984848190824,0.000821599479176566,0.00112448862530451,0,0.00993698573159986,0.035095086431081,0.00269870749013861,0.109875092131379,0.0290949383120666,0.00262537993672982,0.0293505726978295,0.0664766212348135,0.125539415709693,0.0837038347772467,0.020347007178699,6.87354569928068e-05,0.0666149040872014,0.0343018344225055,0.000226679281246093,0.0253091749481274,0.00353160758804912,0.0374572639653113,0.0219060802591763,0,0,0,0.0594817324245753,0.0133067548051874,0.0378482640075207,0.0132129258928293,2.65820884352384,0,0.00893247569424591,0.187106807279345,0.435499330434365,0.00101689649112868,0.192076208291343,0,0.000434694016636401,0.159527834606023,0.00186762454717483,0,0.000225220697755088,0.00930548717889601,0.634358398587223,0.0439313950098496,0.00805380345018097,0.286723172416547,0.0983839243819808,0.0145042029417075,0.000262052774636035,0.0104568273679429,0.0438780037813508,0.00381817019281073,4.19589925034972,0.00364573563537408,3.86018987286036,0.102175610799961,0.0069107910858097,0.17790216208381,0.054098581389925,0.0922827388834513,0.229850471479413,0.0107145729295595,0,0.0313364804772673,0.0331286897153346,0.000107612138620633
0,6.91041150887271e-05,0,0,0,0,0,0,0,0,0,0,0,0,0.000478375844166823,0.000123755336235743,0,0,0,0,2.53012109214116e-05,0,0,0,0,0,0,2.02766962402708e-05,8.83204908728018e-05,0,0,0,0,0,0.000717739407659118,0,0,0,3.84887177869559e-05,0,0,0,0.00216106999294103,0.000289326988240897,0.0023402030842816,0.0010483700399107,0.00119169861159388,0,0,0.0270961428841462,0,0.0128591830917786,0.461098800884661,0.00123477140269424,2.09508506813462,0.838668745340378,0.10897740417061,0.000225220697755088,0,5.601395393625e-05,0.746451303222478,0,0.380051311660853,0.000321837230278479,4.54819763333132e-05,0.00143363363998306,0,0.000400452389854081,3.82196661199147,0.00463045965972224,0,0.00800556572989523,0.25322098173399,0,0.00252489056250894,0.00136440509833847,0.842774945129942,0.0128091505240158,0.000393036780628215,0,0,0.000752191750560586,0.00168053884286082,0.110309840313728
0,0.00152134097793235,0,0,0,1.91128943500154e-05,0,0,0.000672923671076568,0,0.0121398047343929,0,0.0530089905305989,0,4.84037777706136e-05,0.000158224737875362,0.000193749752551806,0.00301798014400828,0,0,0,0.0023077316877881,3.96549287279176e-05,9.63582449120147e-05,0.0935252927922313,0.0122327471334905,0.0428566500801311,0,0,0,0.0661606199342307,0,0,0.000242491791683389,9.48990694297669e-05,0.00149555041626408,0.00159976077851813,0.00167314523136842,0.00115759674374534,0,0,0,0.0177735097905827,0.979975038968021,1.22413563459437,0.196192438338024,0,0.0707370933475956,0.1496621563382,0.00213168776887803,0.0371861635234725,0.00190178778460138,0,0.0223564213926385,0,0.00171044717674195,4.0111302224176e-05,0.00930548717889601,5.601395393625e-05,0,8.3922691086407e-05,1.61617396809036,0.000426213305698977,0,0.00457946497759744,0.0328171953471381,0.677348574671968,0.646516673916319,0,0.00275302971472151,0.0422401729757095,0.00458733529727559,0.00193076397649208,0.505017503923086,0.406856813080578,0.0940101137920778,0.000821308876262092,0.043747859262219,0.00201418472872374,1.55366651017866,0.00111090784055693,0.00107538956572279,1.01744755998694,0.000125676537444421
0,7.75219911198005e-05,0,0,0.00111610834650716,0.00175666909494861,0,0,0,0,0,0.000175542032318218,0,0,0.0108962932503291,0,0,0,0,0,5.98458448420503e-05,4.09802248939155e-05,0.000624836604356802,0,0,0,6.38035131519509e-05,0,0,0,0,0,0,0,0.0513738072497033,0.000142799550068018,0.00121213848307648,0.000447023835893161,7.85436625123448e-05,0,0,0,0.00611111314788568,0.00112592645880563,0.0073672372727105,0.000486181968329189,1.44730795265395,0,0,0.144687846159581,0,0,0.775755808240262,0.0270985167210297,2.7967145768485,0.00161322980954946,0.0947591169010324,0.634358398587223,0.746451303222478,8.3922691086407e-05,0,0,0.154515340806489,0.579242594667522,2.95494019616482e-05,0,0,0,5.30614751627467,0.000405969968261897,0,0.000328327957524673,1.0247950886038,0,0.000325840602703248,0.00017777445189409,0.0173642370657463,0.231261585586732,0,0,8.35070932720646e-05,0.00355942056520843,0.0236482464539889,0.625920509159986
0,0.00634827174116511,0.000382196005902374,0,0,0,0,0,0.00151793368099163,0,0.0408603640494542,0,0.343427794114622,0,0,0.00037679282126892,0.000211413895325802,0.00934378938577011,4.11804902351849e-05,0,2.8667496291527e-05,0.0103402245475925,0,0.000438218968353449,0.398372412686643,0.041282883408876,0.144196732728098,6.84077589534378e-05,0,0,0.293549417661571,0,0,0.000209462348256871,4.55150475690807e-05,0.000777956603966916,0.00128970804976581,0.00263921199579169,0.00267937095591283,0,0,5.55178787310599e-05,0.0310626142114087,0.596222387431689,0.277895629932523,0.351049428104566,0,0.00103300017770892,0.977789063157309,0,0.249220170779704,0,0,0,0,0.000120395915826256,0,0.0439313950098496,0,1.61617396809036,0,0,6.93921330913172e-05,0,0.0140625530425331,0.000157785775203136,0.0425769048370966,0,0,0.00061319741371009,0.181938921683828,0.000505248043382135,0.00339778880056393,0.75679002390885,0.143529652203827,0.234212508045621,4.01262498258247e-05,0.00205418799750105,0.000459580442705845,0.709795275505415,0,0.000216496841966616,0.00383674855921423,5.30848553132813e-06
0.000157933972829948,0,0,0,0,0,0.000176374571367184,0.000194343320725418,0.00127432702383284,0,0,0,0,2.41509093494845e-05,0.000165991010559433,0.00138474331755819,0,0,0,0,0.000243885206844574,0.000206493908644144,0.000256803182154368,0.00127279069871911,0,0,0.000324558948751006,0.00135910898986384,0.00205106157942894,0.000812005057619622,0,0,0.000540995567091135,0.00061171089475663,0.000206270698869368,0.000421759649233661,0,9.82391556489299e-05,0,0,0,0,0.00542851085848443,0.00354343262522702,0.0573554371508884,0.00326930207704113,0.137733011100795,0.00180401782799812,8.31692835890204e-05,2.33680740284373,0.000236323035287196,0.0647943475986977,0.0101739836884205,0,0.0343578661903832,0.616600609156448,2.83735666448434,0.00805380345018097,0.380051311660853,0.000426213305698977,0.154515340806489,6.93921330913172e-05,0,0.000655304940655813,0.00145766959142523,0.0177305095766588,0,0.00862159623241659,0.0944236976449694,0.0238411462909968,0.00134229667705814,0.0527288719002243,0.0428520754348007,0,0.025564384958274,0.00660868418015357,0.0315656057569327,2.67925702867604,0.0255446518729007,0,0.005467468571266,0.00565074618140075,0.0969626633654016,0.000250910400934834
0,0,0,0,0,0.00206929259409171,0,0,0,0,0,0.0014709506077016,0,0,0.0130185369691151,0,0,0,0,0,0.000418321487261328,0,0.000220275271793594,0,0,0,7.23854437157329e-05,0,0,0,0,0,0,0,0.0247133815341586,0.00123357540826563,0,9.14716404710608e-05,0.000132428955696876,0,0,0,0.00317726084780618,0.00275590341691581,0.000291801238682558,0.00120951725004188,4.53974868693853,0.000716676174749714,0,0,0,0,0,0.0413997635286793,0.360417371476583,0,0.00196563602738349,0.286723172416547,0.000321837230278479,0,0.579242594667522,0,0.000655304940655813,0,6.45342875155996e-05,0,0,0,0,0,0,0.000713239890602738,0.0234211815229253,0,0,5.29260147608382e-05,0,0.00556502051975747,0,0,0.000412640659039858,0,0.00227875971378063,0.212691445125922
0.000278898016545194,0.00327614959763519,0.00180347136984788,0,0,0.000502730362649374,0.000496593614626754,0.000324983701960346,0.0192912151314785,0,0.00116640508733819,0,0.00351431852446638,0,0.00174466275428883,1.21408256270715,0.00120651019127731,0.000518967020875435,0.00186080597924181,0,0.0478248485572404,0.197296184343901,0.178383168023678,0.123738721364871,0.00661288122877174,0.000451212036619,0.0527228677787,0.0508651760910294,0.00379723110772654,0.0207780350719499,0.00527840075401012,0,0.00268381265433399,0.00838085234867506,0.00466198138895256,0.200068960918858,0.0264797275309318,0.0510913744342321,0.0229251284006228,0,0.000142220765476431,0,0.272844501853709,0.496041075642611,0.207216493179769,0.0648429823516496,0,0,0.00178631027929845,0.00578854133947581,0.0980129103446278,0.0302094594765298,0,7.78859233873937e-05,0.000104288635306593,0.0067974023865899,0.000473249870893712,0.0983839243819808,4.54819763333132e-05,0.00457946497759744,2.95494019616482e-05,0.0140625530425331,0.00145766959142523,6.45342875155996e-05,0,0.0468654801424854,0.00012960158599791,0.00616850937641433,0,0.355628234033996,2.15768065605172,2.7510448750472,1.38015165209025,0.0139683486188229,0.0077390823780971,0.913477306060529,0.648304286653234,0.00592972491251463,0.0872568902182428,0.00485284708931912,0,0.00565251828081232,0.0637321081962858,0.00487147097468224
0,0.00837568054026496,0.000331112308871852,0,0,0,0,0.000146723786257303,0.0013002613845979,0,0,0,7.6435422219784e-05,0,0.000659079162095488,0.00240036165095255,0.000918955662056242,0,7.85090082093256e-05,0,0.00015025474369986,0.00613381130082491,0.000564477444155291,0.000768385762063032,0.000304127568311649,0,0.0202875237804662,0.000621934665368422,0.000272356312592311,0,0,0,0,0,0.000619263823910482,0.00330903230927035,0.00126861826692383,0.00227111179711412,0.000804030612109569,0,0,0,0.0373973100654058,0.212137018136059,0.442858378501915,0.0376100030587269,0,0,0,0.0788953482967437,0.0592619293201863,3.05277038899179,0,0,0.0010953874217393,0.136183061449707,0.00748775005142917,0.0145042029417075,0.00143363363998306,0.0328171953471381,0,0.000157785775203136,0.0177305095766588,0,0.0468654801424854,0,0.000195517810029945,2.79312607524655,0,0.0761412881366666,0.0241215048098385,1.60307747015541,0.0506072421071567,0.000432401347347637,1.15573814705538,0.669793385710359,0.0246053192108415,0.010421478905818,0.0413219908472844,0,0,0.00278472785084041,1.16056016140518,0.000991258456265247
0,0.00083605795445707,0,0,0,0,0,0,0,0,0.00117829471924374,0,0.0106311074705832,0,0.000129343813061401,0,0,0.00156278647855248,0,0,0,0.000147022897561442,0,0.000197897639680283,0.0462178596309973,0.00315071469479664,0.0161441556864137,0,0,0,0.0188469944316915,0,0,0,5.22867757774119e-05,0.000551873193304375,0.000243840097677292,0.000526801938757284,0.000104635757129285,0,0,0,0.00771382891749414,0.275460576667045,0.282980991979551,0.0163134209464648,0,0,0,0,0.0027738818382106,0.000274759123560376,0,0,0,0.000118935855188556,0,0.000262052774636035,0,0.677348574671968,0,0.0425769048370966,0,0,0.00012960158599791,0.000195517810029945,0,0.86035991067322,0,0,0.000914832407902001,0.000319569734175416,0,0.00483743074952392,0.637619193342356,0.0601545035065592,3.47741679167424e-05,0.000129678326982199,0,0.356362872520459,0,0,0.00223804745425034,5.73267347741082e-05
0,0.00489163578177088,0,0,0,2.80603202883101e-05,0,0.000160204101197506,0.00073431032507687,0,0.000154056542742812,0,0,0,0.000219636224811203,0.00122643884287608,0,0,0,0,0,0.000752497013962465,8.96913710049757e-05,0.000191892757646488,0.00180922012433923,0.000641888352621098,0.010093843121463,8.19642432250967e-05,0.000181160460413596,0,0.000246800540975922,0,0,0.000208353399950212,0.000255255741666045,0.0010129894476916,0.00268109271196852,0.00185390536368903,0.00067778738513536,0,0,0,0.0439955582984281,0.156899195142511,0.895779974716174,0.0891766615931523,0,0,0.000207509601139952,0.0846521586730001,0.0350736041397818,0.160195939994369,0,0,0.000274680633431207,0.0745383178176133,0.00288511308125901,0.0104568273679429,0.000400452389854081,0.646516673916319,0,0,0.00862159623241659,0,0.00616850937641433,2.79312607524655,0.86035991067322,0,0.00011314342496037,0.0476929965115956,0.00686195105660826,0.0993320345676133,0.00570199422030785,0.00393608070928803,1.76653881791242,0.165660675593337,0.00946716326813417,0.0183975200312402,0.0362239875121251,0.00416897320907741,0,0.00370508076236427,1.34718412195612,0.00027868897727806
0,0,0,0,0,0,0,0,0,0,0,0,0,0,0,0,0,0,0,0,0,0,0,0,0,0,0,0,0,0,0,0,0,0,0,0,0,0,0,0,0,0,0.000359560148349869,0,0.000683482434555214,0,0.0356478515923376,0,0,0.214392163718099,0,0,7.43165732960656,0,0.252404788175899,0.0120515674151181,0.0376562768866649,0.0438780037813508,3.82196661199147,0,5.30614751627467,0,0.0944236976449694,0,0,0,0,0.00011314342496037,0,0,0,0,1.07915055674134,0,0,0,0.209834688466784,0.0897286673821701,0,0,0,0.00796791777030893,0.00896916150896803,0
0.000191104837257741,0.000816062280141124,5.14656273043401e-05,0,0,0.000499445634627488,0,0.00014672872970134,0.00133334432046718,0,0,0,0,0,0.00174321798312631,0.0213126270735925,0,0,0,0,0.00231915801396562,0.00297884303458875,0.00404020728705892,0.00438853007604017,6.60328710406222e-05,0,0.00217306801412366,0.00426962181522733,0.000800600821036137,0.00316551728230833,0.000220588390556158,0,0,0.000843366571085498,0.00567059312327434,0.00929456663911541,0.000677303863639192,0.00239750446755683,0.00078242044993405,0,6.03257764697496e-05,0,0.307637286408686,0.20791763353067,0.477484980443352,0.074110860285466,0,0,0.000293355460009864,0.00907461863420901,0.00285071071950837,0.361839617713631,0,0,0.00173842002373816,0.318157635785304,0.00590221672497567,0.00381817019281073,0.00463045965972224,0.00275302971472151,0.000405969968261897,0.00061319741371009,0.0238411462909968,0,0.355628234033996,0.0761412881366666,0,0.0476929965115956,0,0,0.0150642647929581,5.08007782801173,0.119677757185697,0.000283242823364942,0.0643100166414912,0.0731809392059822,2.23963265483517,0.0725834314533545,2.44602626532285,0,0,0.0349996747156391,0.392143722335042,0.00884400966604885
0.000129484777780478,0.0305662560587601,0.00194019927324489,0,0,0,0.000183475574312689,0.000173717578782178,0.0532252267646439,0,0.00502569376244932,0,0.0580605336528223,0,0.00159133095863158,0.451867068358304,0.00220549522704112,0.000850954709310999,0.0028088254696679,0,0.0148454695634963,0.371305895452487,0.0474632097137937,0.0575288833538133,0.0991358592435784,0.00868912786718204,0.219327984868512,0.0214661029932411,0.00094125254592066,0.0115670351644142,0.112118500773453,0,0.000634897333832648,0.00771545450502338,0.000838822411541576,0.0681034021305557,0.0174887744937465,0.0375387236952653,0.0166701784753795,0,0.000309962475479854,0,0.0459758665179841,0.0648266573434659,0.0815828374775893,0.0323911814366282,0,0,0.0303581583953612,0.0295826659813565,1.44314696873538,0.0156694566638616,0,0,0,0.0129425598144875,0.000189844467279439,4.19589925034972,0,0.0422401729757095,0,0.181938921683828,0.00134229667705814,0,2.15768065605172,0.0241215048098385,0.000914832407902001,0.00686195105660826,0,0.0150642647929581,0,0.0348135482313828,0.82537963619476,0.379169543860751,0.00917652004788631,0.547970790893491,0.04454293037169,0.0169647509832329,0.105683256646739,0.0804080259698206,0,0.0182034669221976,0.0465933709671636,0.000388643332301157
0,0.00098851795303621,0.000233794204815253,0,1.77286019418806e-05,0.000351036163499608,0.000356497805784183,2.26109888805052e-05,0.00128123134823966,0,0,5.0674348691316e-05,0.000120900650001615,9.0619959631469e-05,0.0064042687247203,0.278995750892551,0.000207150484503313,0,4.86581203053863e-05,0,0.00752442131083917,0.0218998817624452,0.0780260008586328,0.0252334587888524,0.000342938344123439,5.86831419228018e-05,0.0298408958093721,0.00524579587581068,0.00025852510388532,0.000479259958235782,0.000283858109922666,0,0,0.00133413841878703,0.0199646569672078,0.0459264862076147,0.00770670508144587,0.00750949912411753,0.00451628901157226,0,0,0,0.874832896567798,0.792135724496649,0.924887620436825,0.16038201357295,4.46053424864616e-05,0,0.000387294169184415,0.0300911285538849,0.00579246284790274,3.60180026171632,0,0.000983807396321874,0.00324368117776869,0.427386266178,0.0208753439990244,0.00364573563537408,0.00800556572989523,0.00458733529727559,0.000328327957524673,0.000505248043382135,0.0527288719002243,0.000713239890602738,2.7510448750472,1.60307747015541,0.000319569734175416,0.0993320345676133,0,5.08007782801173,0.0348135482313828,0,0.252002996877919,0.000150757497994493,0.313660583595513,0.766253183207319,0.66323401768662,0.0255107011619921,0.129255150448258,0,0,0.015874854846543,0.268453046445812,0.0323026213845613
0.00613919333838696,0.00230542675792449,0.000560689302356103,0,0,2.15510345044122e-05,0.000211611917712986,0.00269004842313445,0.0201857605706846,0,0.000209463051881111,0,0.000651136266940801,0.00132463887647004,0.000205599837597747,0.0550693002906537,0.000489398817667306,0,6.51241490560945e-05,0,0.0153067838447081,0.0181483174717995,0.00966704373801699,0.0310158598436778,0.00188116720687817,0.000552048219888504,0.0285215304374505,0.0255241620383903,0.0229116619920216,0.0321159592687168,0.00220653558620624,0.000179648435923878,0.00550615778530563,0.0105407087502827,0.00121194860048719,0.0309695911614212,0.00258375383609946,0.0198052638149577,0.00831384604889776,0,0,0,0.0422221939904132,0.0220453061938517,0.0688424775028305,0.0174864363612967,0.481986232678927,0,5.93814338262907e-05,0.11582250807866,0.0718425958352908,0.0701681894224677,2.28079477240017,0,0.123272091198004,0.436767850214452,0.0237151422083917,3.86018987286036,0.25322098173399,0.00193076397649208,1.0247950886038,0.00339778880056393,0.0428520754348007,0.0234211815229253,1.38015165209025,0.0506072421071567,0,0.00570199422030785,1.07915055674134,0.119677757185697,0.82537963619476,0.252002996877919,0,0.00613430937446127,0.0104753371230911,0.266505369771883,3.32089026075028,0.0686198500587104,0.145632113693949,0.000730763032531211,0,0.014214690145174,0.0441889005784915,0.00148107805775832
0,0.0223595527090558,0,0,0,0,0,0,0.00164344037492624,0,0.0207978365931629,0,0.111531055942403,0,0,0.000289090802093779,0.001085336650716,0.00214916141868795,0.000559644381718349,0,0,0.011745106104782,0,0.000614938295416406,0.33276707060286,0.0132643508191938,0.109742620884716,0,0,0,0.125153126329228,0,0,0.000580402057951658,8.0604707736043e-05,0.00202975993390658,0.00561523124785341,0.00615708617345172,0.00285962940823716,0,0,0,0.00178620428522008,1.66529182236108,0.155822346931415,0.0164426111313596,0,0,0.510174658125929,0,0.849620932564641,0.00011548100112943,0,0,0,0.000107193625870045,0,0.102175610799961,0,0.505017503923086,0,0.75679002390885,0,0,0.0139683486188229,0.000432401347347637,0.00483743074952392,0.00393608070928803,0,0.000283242823364942,0.379169543860751,0.000150757497994493,0.00613430937446127,0,0.0462029945084074,0.497963063897519,0,0.000245283097443664,0.00138419857675616,0.166873570466269,0,0.000558330760600575,0.00375983236021806,0
0,0.00386350272629272,0,0,0,0,0,6.84703983399879e-05,0.000896185686958526,0,0.00341911885498821,1.66806510030411e-05,0.0264514267326335,2.15398839290152e-05,0.00116934599856104,0.00110799681173009,0.000136990669739217,0.00288647554147511,3.65988602214393e-05,0,0,0.00233873476512788,0.000344044119733581,0.000518957385369964,0.157653789956277,0.023616780609882,0.196324431878544,0.000211826541445023,4.3030801514239e-05,0,0.0311509399774337,0,0,0.000487178167553581,0.00247246347672009,0.00432196722716346,0.00405440924607813,0.0044659921535146,0.00309572701744222,0,0,2.86593483740426e-05,0.112469604933222,0.359577988353127,0.635252966875472,0.0919240044544739,0,4.09500472988594e-05,0.000200173552950987,0.046948117642475,0.0251395658852111,1.59937765144584,2.50209124585629e-05,0,0.000986416299409665,0.132003209377817,0.0102697904048972,0.0069107910858097,0.00252489056250894,0.406856813080578,0.000325840602703248,0.143529652203827,0.025564384958274,0,0.0077390823780971,1.15573814705538,0.637619193342356,1.76653881791242,0,0.0643100166414912,0.00917652004788631,0.313660583595513,0.0104753371230911,0.0462029945084074,0,1.44683587072301,0.0132203723344268,0.00999317020755281,0.0310859871525479,1.01327254622469,0,0.000852338601793849,0.144486379084399,0.00227462497324569
7.1657775858722e-05,0.0714595819313079,0.00993360846677842,0,2.01345148115144e-05,0.000515008075775009,3.22403378216337e-05,3.3298914202725e-05,0.00532815208515689,0,0.00518595107142368,2.88496150845142e-05,0.0164430319284919,3.41725847132306e-05,0.00503280968979498,0.222588173002669,0.0132321999222698,0.000891424702906568,0.00240981790024835,0,0.00321045936824758,0.0629701111594652,0.0684674923753994,0.0107971373341682,0.111373736498683,0.031286141564935,0.983732135500851,0.00385888221077101,9.42117949712716e-05,0.000850365809582774,0.0150180151671745,0,0.00011547330191122,0.00887471641567128,0.022417974528022,0.0909593306796919,0.0384546245039332,0.0524146871337801,0.0267375315197956,0,4.49036643864007e-05,0.000162478627627713,0.59193668521245,0.407264565946063,0.982321005529883,0.298019399124839,0,0,0.00157995134747512,0.0170545938557459,1.36316010216145,1.50033235433555,0.000121632771933264,2.5202627723769e-05,0.000987273276886094,0.0517240486319272,0.00164993578941202,0.17790216208381,0.00136440509833847,0.0940101137920778,0.00017777445189409,0.234212508045621,0.00660868418015357,5.29260147608382e-05,0.913477306060529,0.669793385710359,0.0601545035065592,0.165660675593337,0,0.0731809392059822,0.547970790893491,0.766253183207319,0.266505369771883,0.497963063897519,1.44683587072301,0,0.0915471644247289,0.00795875486444123,0.0174256039971194,0.444638998508972,0,0.00171643207230068,0.158780827072918,0.0262186839074126
0.000966875809054298,7.96908225998948e-05,3.29400080137793e-05,0,0,0,0.000108962313196065,0.00082462181373937,0.00465393423932517,0,0,0,0,0.000442096677789735,0.000734494361104072,0.0156409788664083,0.000130801123038815,0,8.5909097357683e-05,0,0.00865147341495309,0.00411951228451667,0.001278644944762,0.00971938366532451,0,0,0.00182524891371013,0.0115750991440055,0.00777584277025097,0.0138277253220601,0,0,0.00164169708388622,0.00398359754078266,0.00112177438029037,0.0125707068429613,0.000766434414929302,0.00797487059154658,0.00438393678779743,0,0,0,0.0585977577316692,0.037023730481916,0.083786497574191,0.0161352194733782,0.000385681717493171,6.70305910649145e-05,4.38286570197434e-05,0.0542225496869466,0.00182737857559666,0.171791724276173,0.868275986426005,0.000394441900036319,0.0861725681686508,2.63541499018237,0.0172834456732865,0.054098581389925,0.842774945129942,0.000821308876262092,0.0173642370657463,4.01262498258247e-05,0.0315656057569327,0,0.648304286653234,0.0246053192108415,3.47741679167424e-05,0.00946716326813417,0.209834688466784,2.23963265483517,0.04454293037169,0.66323401768662,3.32089026075028,0,0.0132203723344268,0.0915471644247289,0,0.0630365504457191,0.599231143053666,5.46891643318295e-05,0,0.023337788922078,0.089072013652934,0.00109075019551484
0.00152985791315255,0.00029604015566545,0.000790713518618964,0,0,0,4.99124678568956e-05,0.00118257530788902,0.0139522820844525,0,0,0,3.11863909248115e-05,0.0014617682190233,0.000550782723304615,0.00387850608773327,0,0,5.57380245975016e-05,0,0.00630255920428879,0.000874463422252331,0.000335824862160231,0.0199484252360377,0,0,0.000752665645596406,0.0239960286317447,0.0121590154526666,0.0150782271613024,0,0,0.00220624547235863,0.00330403525462928,0.000240664226532074,0.00223771751610991,0,0.00269093738425791,0.000859933698013386,0,0,0,0.0616094352771585,0.0281175055409882,1.54902420030455,0.0261788848807961,0.819285984848427,0.92375875611125,0.00965537889690337,1.50743503112991,0.00134070335977824,0.00969155071631455,0.0146921634864991,0,0.176893267920961,0.196092231116561,0.272339568204786,0.0922827388834513,0.0128091505240158,0.043747859262219,0.231261585586732,0.00205418799750105,2.67925702867604,0.00556502051975747,0.00592972491251463,0.010421478905818,0.000129678326982199,0.0183975200312402,0.0897286673821701,0.0725834314533545,0.0169647509832329,0.0255107011619921,0.0686198500587104,0.000245283097443664,0.00999317020755281,0.00795875486444123,0.0630365504457191,0,1.37216657063001,4.58343391061431e-05,0.385396011575056,1.95254558273292,2.14258496503317,0.000443808661782634
0.00854954541703838,0.00037599777212436,0.000463070135055081,0,0,1.68742545685746e-05,0.000924957591802849,0.00234472574045456,0.0308122424787825,0,0.0001951527469985,0.000153408961208967,0,0.00217241382243393,0.000107643310283811,0.031733768716559,0.000604451437919024,0,0.000227460962113351,0,0.0223762516909207,0.0120345985641026,0.00158224666832558,0.0514417296759665,8.52351404664001e-05,0.000283723865365616,0.00171868182725768,0.039511096419832,0.0264951491199057,0.033147157585384,0,0,0.00525608154352136,0.0101663218343302,0.00034063925936052,0.011398249826687,0.00112577594313387,0.0105436772858558,0.00402161372051115,0,0.000116803195945787,0,0.0311107342173707,0.00842070881561219,0.14337602892094,0.010894478241493,0,0,8.6502843661023e-05,0.840137698314037,0.003936724837149,0.0421929126111131,9.47225795541588e-05,0,0.00015218133714822,1.96229120943725,0.00336397868514756,0.229850471479413,0.000393036780628215,0.00201418472872374,0,0.000459580442705845,0.0255446518729007,0,0.0872568902182428,0.0413219908472844,0,0.0362239875121251,0,2.44602626532285,0.105683256646739,0.129255150448258,0.145632113693949,0.00138419857675616,0.0310859871525479,0.0174256039971194,0.599231143053666,1.37216657063001,0,0,0,0.424502816375797,0.466001007765995,0.00073489115352642
0,0.00240286116919284,0,0,0,0,0,0,0.00213994208010451,0,0.0194738525195996,0,0.122756953293674,0,0,0,0,0.00777284155940969,0,0,0,0.00421960721242749,0,0.000278633028378987,0.497092002721856,0.030468565348612,0.133293159047914,0,0,0,0.285768478227207,0,0,4.87873223020713e-05,2.50744889408588e-05,0.000542825809621502,0.00164860669085253,0.00163085591733641,0.00305130667207273,0,0,0,0.00191764962250518,0.303912438259077,0.185407392554969,0.00615761943336709,0,0,0.000682474785920302,0,0.0511719268038219,0,0,0,0,0,0,0.0107145729295595,0,1.55366651017866,0,0.709795275505415,0,0,0.00485284708931912,0,0.356362872520459,0.00416897320907741,0,0,0.0804080259698206,0,0.000730763032531211,0.166873570466269,1.01327254622469,0.444638998508972,5.46891643318295e-05,4.58343391061431e-05,0,0,0,0,0.00139534118526026,1.45469710496179e-05
0,0,0,0,0,0,0,0,0,0,0,0,0,0,0,0,0,0,0,0,0,0,0,0,0,0,0,0,0,0,0,0,0,0,0,0,0,0,0,0,0,0,4.86819384512855e-05,0,0.00748233926745998,0,0.558080331988,4.40843690222739,0,0,0,0,0,0.0871349815804304,0.140756800079143,0,0.00560314530660115,0,0,0.00111090784055693,8.35070932720646e-05,0,0.005467468571266,0.000412640659039858,0,0,0,0,0,0,0,0,0,0,0,0,0,0.385396011575056,0,0,0,0,0.277671437300685,0
0,0,0,0,0,0,0,0.000110599091653861,0.0050750635316709,0,0,0,0,0.000222998984899863,0,0.00459973375186977,0,0,0,0,0.00371474744284981,0.000583551297344489,2.84042686020929e-05,0.00562891295450835,0,0,0.000102616998995491,0.00278488338038719,0.000725618697872951,0.00395751973335544,0.000405294859605883,0,0.00386072996398373,0.000178856276913309,4.6628920747046e-05,0.00269172001514463,0,0,0,0,0,0,0.137569265676492,0.0105268197655445,0.200889191358891,0.0196350632931943,0.000156177543200312,0,0.00381717804854212,0.0210462788548383,0.000994632425228884,0.00294084093109635,0.00128115952480394,0,0.000230968691318958,0.0108179780187653,7.20102294494156e-05,0.0313364804772673,0.000752191750560586,0.00107538956572279,0.00355942056520843,0.000216496841966616,0.00565074618140075,0,0.00565251828081232,0.00278472785084041,0,0.00370508076236427,0.00796791777030893,0.0349996747156391,0.0182034669221976,0.015874854846543,0.014214690145174,0.000558330760600575,0.000852338601793849,0.00171643207230068,0.023337788922078,1.95254558273292,0.424502816375797,0,0,0,1.45291272225079,0
0.000106865137636978,0.00141171318213611,0.000171441670896982,0,0,0,0,9.63449792805698e-05,0.00560265247064279,0,0,0,0.00021800158958039,0.000224645894874587,0.000552631534632357,0.0186843546376416,0.000540385831006858,0.000124732303262962,9.9473528559671e-05,0,0.0104747616456703,0.00891924269376336,0.000909532714605987,0.0186747341067721,0.000954210682685537,0,0.00852904936197193,0.0132305113248055,0.00284655402973793,0.00884678581631345,0,0,0.00100530018762834,0.00188829082677284,0.00125170600105551,0.00486023820519013,0.00138922504136011,0.00197360307580234,0.000858766379208322,0,0,0,0.407858445467482,0.216435966096178,3.51357615499369,0.101905687602469,0.359185046143356,2.27354546507422,0.0352370224073347,0.120178569192156,0.0131955449881954,0.0615105614078123,0.00191961899978703,0.00857902721997229,0.0144203271803837,0.0695887793756537,0.00360850219945693,0.0331286897153346,0.00168053884286082,1.01744755998694,0.0236482464539889,0.00383674855921423,0.0969626633654016,0.00227875971378063,0.0637321081962858,1.16056016140518,0.00223804745425034,1.34718412195612,0.00896916150896803,0.392143722335042,0.0465933709671636,0.268453046445812,0.0441889005784915,0.00375983236021806,0.144486379084399,0.158780827072918,0.089072013652934,2.14258496503317,0.466001007765995,0.00139534118526026,0.277671437300685,1.45291272225079,0,0.00098486410618888
0,0.000468386737728624,0.00116430993814544,0,0.000449059494675474,0.0280590405705622,4.51411704462625e-05,8.43838389777787e-05,0.000412342870852051,0,8.60328962546192e-05,0.00882343212688615,0,5.18183457043217e-05,0.0771954297233272,0.00259237444492859,0.000104780552009096,7.2191886012938e-05,6.21679150091198e-05,0,0.00767556094544261,0.000389111727731486,0.0193161805210909,0.00044940896158101,3.62848633056432e-05,0.00103981323370896,0.0144810078130532,0.0014240940946808,4.61424841113312e-05,0.000211696586892404,7.64865648921246e-06,0,0,0.00083749271131375,2.74552502753162,0.0407803414167471,0.0398741259116149,0.0118670774479169,0.0144484637696304,0,0.000173637043563342,4.7168746145829e-05,0.173002428101538,0.0949710493598358,0.0331964097992772,0.0262314268798551,0.057727886870251,0,7.05437638809868e-05,0.000505279444885185,0.00100787336634649,0.00413576857403533,0,0.122492796728669,0.726340499842612,0.00119166950104666,9.20819500857366e-05,0.000107612138620633,0.110309840313728,0.000125676537444421,0.625920509159986,5.30848553132813e-06,0.000250910400934834,0.212691445125922,0.00487147097468224,0.000991258456265247,5.73267347741082e-05,0.00027868897727806,0,0.00884400966604885,0.000388643332301157,0.0323026213845613,0.00148107805775832,0,0.00227462497324569,0.0262186839074126,0.00109075019551484,0.000443808661782634,0.00073489115352642,1.45469710496179e-05,0,0,0.00098486410618888,0
