0,0,0.00593482693409478,0.00191080590851811,0,0.00961977017766911,0.851958273386449,0.299403880000143,0,0.0214828502105197,4.68061918252709e-05,0.0090970463968822,0,2.81560286064493,0,0,0.0132668456932513,0,0.000243402765506329,0.0392196957319032,0.00433046391867863,0,0.0147027160336013,0.0109780936957621,0,0.00304425899004466,0.000621566158101835,0.00927839423624136,1.29984082918995,0.349412733496585,0,0.000148131240510506,0.160769272840188,0.0576547322840779,0.000450652216375602,0.0161860959310599,0.00127053921003686,0.0295620124563284,0.0106762858640188,0.00728988694892322,0,0,5.83777109857027e-05,0.000210200196447604,0,0.000235907229166974,0,0,0,0,0,0,0,0,0,0,0,0,0,0,0,0,0,0,0,0,0,0,0,0,0,0,0,0,0,0,0,0,0,0,0,0,0,0.000179479191243633
0,0,0.0110642791955476,0,0,0,0.000445682139335961,0,0.169008479247656,0,0.00830952318929586,0,0.0849238981088128,0,0,0.0423129102970761,0.000532876128613571,0.00182374155690193,0.00120533916364279,0,0.000251747906788025,1.30465511270657,0.000252306917370474,0.0200261270082683,2.29368323728155,0.0420781107588338,1.65739674578608,0.00106668311611596,0,0,0.0084205591381443,0,0,0.000999862250351993,0,0.000366164325263667,0.00823351510458364,0.00280566079128291,0,0,0,0,0,0.00501833882939662,0.000268346650512908,0,0,0,0.00109169607057042,0,0.81317634128265,0,0,0,0,0,0,0.0839772752465455,0,0.000576064276158783,0,0.0119901873064445,0,0,0.00290838907016496,0.00025396715508222,0,0.00182446886565109,0,0,0.151747442599809,0,0.00483230657209427,0.362357351875606,0.00512538163130704,0.125718480753225,0.000150913812250812,0,0,0.00067341770709242,0,0,0,0
0.00593482693409478,0.0110642791955476,0,0.000138117656323962,0,0.00113601170145686,0.0377176787059267,0.0104316856834108,0.00279724088647084,0.00486156961031147,0,0,0,0.00296881161933204,0,0.0415098169119024,0.869719658189027,0.000245135737000697,0.0144503357171831,0.000498853491362125,0.122884762434629,0.0207609355138751,2.99653007238976,0.0276838755352567,0.000473094196634639,1.67823268844303,1.17550799608571,0.123749969748052,0.00208424254729347,0.0213128181156468,0,0,0.000105256707228164,0.193394775899358,0.00128225890886369,0.0291972653718867,0.223252877589687,0.311875432304958,0.0614903871725613,0.000786391404170153,0,0.000453822710879914,0.000718764436062155,0.000419761496767476,7.85773099000091e-05,0.000732218215803693,0,0,0,0,0.000407739754088334,0,0,0,0,2.98244277469268e-05,0,0.00078647342250128,0,0,0,0.000106724863071596,0,0,0.0021930165332599,0,0,5.7698455654516e-05,0,0,0.0017908733671156,3.38725351821181e-05,0.000731694350645935,0.000319623589562404,0,0.000146631685185084,0,0,0.000134094973348049,0,0,0,0,0.000744204727991672
0.00191080590851811,0,0.000138117656323962,0,0,0.00207350843545289,0.0289901114128738,0.00286398941730963,0.056596479024644,0.714716389946721,0,0.782414186836167,0,0.000330161670521198,0,0,0.000134204149177657,0,0,5.46000782707442,5.44019535582835e-05,0,0.000456994296506004,3.83434890492756,0,3.77034731458854e-05,0,2.08206652575819,0,6.1717531686452e-05,0,0,0,5.45872933459465e-05,0,0,0.000221446101409534,0,0,0,0,0,0,0,0,0,0,0,0,0,0,0,0.577434892873322,0,0,0,0,0.000451788227091368,0.000204011636266454,0,0.015298208202261,0,0,0,0,0,0,0,0.130733884749959,0,0,0,0.010361312024158,0,0,0,7.74887089436691e-05,0,0,0,0,0,0,0
0,0,0,0,0,0,0,0.188924344188446,0,0,0,0,0,0.000580967933954982,0.0557919796779064,0,0,0,0,0,0,0,0,0,0,0,0,0,0.0137796501466852,0,0,0.471885032046929,0,0.0452597866106782,0,0,0,0,0,0.261669061432312,0.784579362503049,0,0,0,0,0,0,0,0,0,0,0,0,0,0,0,0,0,0,0,0,0,0,0,0,0,0,0,0,0,0,0,0,0,0,0,0,0,0,0,0,0,0,0
0.00961977017766911,0,0.00113601170145686,0.00207350843545289,0,0,0.114219052909866,1.3123690631216,0.000589088783744428,0.932426928643843,0.000588511637314906,1.7795594001538,0,0.255180785165415,2.7383958216487,0,0.000527620231679852,6.39292004291779e-05,0.000608274032833964,0.0938681679145643,0.00241502944727267,0,0.00282812847307145,0.104448231218307,0,0.000229499122862381,0.000186818107097792,0.0188151690310261,0.118138346733252,0.00334496052167845,0,0.0183340459047053,0.000389717122595279,0.016196249984715,0.476386379799415,0.000349982493286846,0.000881355473977073,0.00300323789333376,0.000538979096025849,0.0362544213691293,0.00886512918195024,0,0,0,0,0,0,0,0,0,0,0,0,0,0,0,0,0,0,0,0,0,0,0,0,0,0,0,0,0,0,0,8.23006733746104e-05,0,0,0,0,0,0,0,0,0,0,0.00173829007020576
0.851958273386449,0.000445682139335961,0.0377176787059267,0.0289901114128738,0,0.114219052909866,0,0.557977314656478,0.0289080496792758,2.20166930762575,0,0.00278540468800393,0,0.561256154619272,0,0.00129864281961016,0.0189489843508828,0,0.00142361208062169,0.0513110715605037,0.0953302359705231,0.000916970713351685,0.101025961504039,0.343375622835385,3.76011754289578e-05,0.0141887814521804,0.00377337537781379,2.53047413884313,0.0643863128275872,1.89137050897664,0,0,0.0173075775400218,0.0357768852322236,0.000814204888112569,0.0164794832518803,0.00747246658525123,0.0319239921245787,0.00933980550708469,0.00255019267727333,0,0.000231116418268229,0.000229931576777274,2.76793337616422e-05,0,0,0.000116630971436686,0,0,0,0,0.000154227847253811,0,0,0,4.64711825583913e-05,0,0.000622117777691292,0,0,0.000122419141098202,0,0,0,0.00147175359093532,0,0,0,0.000318991532768022,0,0.00145461148162927,0,0.00461950557131352,0,0,0,0.000598312311443822,0,0.000111956486910422,0,0,0,0.000106626913962545,0.000329235299063979
0.299403880000143,0,0.0104316856834108,0.00286398941730963,0.188924344188446,1.3123690631216,0.557977314656478,0,0.000691347192576662,0.638111538988871,0.000924759349314299,0.0221649046529022,0,3.19682729364205,0.044058798869825,0,0.0069761601848343,4.15568012843079e-05,0.00141747967526008,0.0847186823709962,0.0177360145557239,0,0.0275052250755198,0.0507770523813123,0.000214740538374133,0.00420681733586204,0.00079104414724626,0.0216025698158955,0.206476851415272,0.0511884734654299,0,0.187299264889324,0.0067032830993411,0.03460571761335,0.000161646320849758,0.00629669048113187,0.00324691509251345,0.0160261513977432,0.00351340489010291,0.0176631047031426,0.0249545854413917,0,0,0,0,0,0,0,3.60796399729267e-05,0,0,0,0,0,0,0,0,0,0,0,0,0,0,0,0,0,0,0,0,0,0,0,0,0,0,0,0,0,0,0,0,0,0,8.92171800905729e-05
0,0.169008479247656,0.00279724088647084,0.056596479024644,0,0.000589088783744428,0.0289080496792758,0.000691347192576662,0,0.00174877851211898,0.00578799259833593,2.13063719725763,0.0166066873910312,0.000395981079611578,0.158847307573054,0.0707887915266362,0.000203162437818934,0.000808157746619246,8.64117427343911e-05,0.0697678105929513,0.00120478740047115,1.61206871817491,0.00120156406472538,4.55211868477147,0.155731867655518,0.00913986055731595,0.0999317423927759,0.105886043514009,0.000119314847584359,0.00653066388178037,0.00268739238891527,0,0.000708489927554221,0.00107576196899051,0,0.028288919298843,0.00449463428255529,0.00228180862686054,0,1.32186265048893,0,0.000189791999472218,0.00136699910660096,0.000547938804201288,0.000792152291571934,0,0.00651328127405599,0,0,0.000819479995812163,0.00846975579144066,9.8843071879599e-05,0.000139542504030807,0,0.000770139961692516,0.00313747932666657,0.000760934409115249,0.520773454713489,0.00116231903557396,0,0.00621814593023126,0.000484069306786471,0.000543400204155779,0,0.145773048599933,0,0,0,0.00221329309133028,0.00117123026892472,0.170254797745135,0.000903558359120074,0.242724082383344,0.00911981328778599,0.000194356490990656,0.00281389751037555,0.0137491137455233,0.000311071997313784,0.000731786836100753,0,0,0.000973664071289189,0.00239048844712095,3.54149103166381e-05
0.0214828502105197,0,0.00486156961031147,0.714716389946721,0,0.932426928643843,2.20166930762575,0.638111538988871,0.00174877851211898,0,0,0.703065683044776,0,0.133337113672378,0.00153984805694452,0.000128067995778314,0.00304924123078349,0,0,3.75317969648598,0.0130139740388832,0,0.0139662587773562,0.353504773861582,0,0.00181932273856248,0.000420559941114316,1.30730999263537,0.00216382276025817,0.0114418775415754,0,0,0.000572584642907757,0.0028400537121645,4.52464858582437e-05,0.00120595472154915,0.000606935615164116,0.00375963083373277,0.000889055279777288,0.0079264759929394,0,0,0,0,0,0,0,0,0,0,0,0,0,0,0,0,0,0,0,0,0,0,0,0,0,0,0,0,0,0,0,0,3.08690894225577e-05,0,0,0,0,0,0,0,0,0,0,5.76268821830764e-05
4.68061918252709e-05,0.00830952318929586,0,0,0,0.000588511637314906,0,0.000924759349314299,0.00578799259833593,0,0,0,1.74677095158171,0.00164648633733119,0,0.000320424640830527,0.037250363187527,1.25595776666874,0.767728012083016,0,5.47413583803813e-05,0.00838078022233051,0.000297341898599724,0.000817269198898878,1.18320178837465,0.507642769409747,0.0754651299292205,0,0.0221520047108235,3.89782105724729e-05,0.507833479142003,0.00184559228262041,0.000616986665652388,0.713002256128744,3.6582483959461e-05,0.029818075722248,1.39910583045285,0.696773249975855,0.0116222479982583,0,0.00235800075088975,0.35714647400238,0.000114205888956424,5.30924444393645e-05,0,3.86274488655336e-05,0,0,0,0,0.000590095983621551,0,0,0,0,0,0,7.51224759804481e-05,0,0,0,0.000434138516940622,0,0,9.77922861378721e-05,0,0,0.000329386717516384,0,0,0.000113521439562321,0,4.81020287073572e-05,0.00612708229856372,0.00176573069222048,0.00458042311711006,0,0,0,0,0,0,0,7.6684733689852e-05
0.0090970463968822,0,0,0.782414186836167,0,1.7795594001538,0.00278540468800393,0.0221649046529022,2.13063719725763,0.703065683044776,0,0,0,0.00390283479264059,0.325325271651067,0,6.89744158072509e-05,0,0,8.05393392182268,0,7.09301822777791e-05,0,1.86138045288043,0,0,0,0.00360205247010229,0.00290217966900442,0,0,0,0,0.000393908261834295,0.278217421828629,0.000369336392576147,4.89905836254384e-05,0.000229229693169472,0,0.267489423598545,0,0,0.000221728806261134,7.68666473045156e-05,0,5.35029257623769e-05,0,0,0,0,0,0,0.000355739219871541,0,0,0,0,0,0,0,0.064084553324315,0,0,0,0,0,0,0,0.031417611223403,0,0,0,0.000100405210378384,0,0,0,0,0,0,0,0,0,0,0.00252962804256426
0,0.0849238981088128,0,0,0,0,0,0,0.0166066873910312,0,1.74677095158171,0,0,0,0,0.00190694717652198,0.000153560647242874,0.000416206821943141,0.000271739283635615,0,3.61772082302361e-05,0.0342389418389746,0.000186042854603597,0.00192882296132506,2.72571785975963,0.220977680115658,0.410061432066961,0.000221859013358027,0.00064165191960942,0.000246745763394424,1.29309486237131,0,0,0.0120302013063541,0,0.135942576416204,0.522370941189898,0.083319817579645,0.028556367885652,0,0.000185902825127465,0.40586709656642,0.000813206729452579,0.000526238428911281,0,0,0,0,0,0,0.00519819067036705,0,0,0,0,0,0,0.000240051010986687,0,0,0,0.000926540305548522,0,0,0.000104540238343102,0.000146736684312176,0.00025547720256329,0.00106688904210723,0,0,0.000732484649624499,0,6.35113489505148e-05,0.0196232060750096,0.00212759736567626,0.00742830832607642,0,0,0,0.000301703686965638,0,0,0.00015504960022103,0
2.81560286064493,0,0.00296881161933204,0.000330161670521198,0.000580967933954982,0.255180785165415,0.561256154619272,3.19682729364205,0.000395981079611578,0.133337113672378,0.00164648633733119,0.00390283479264059,0,0,0.000682882149305342,3.63595385887176e-05,0.00395611040341544,8.09965218988157e-05,0.00159934531157518,0.010347357362213,0.00671112644208768,5.29374938231797e-05,0.0115513054012751,0.00441540907667397,3.76158924250969e-05,0.00259165796646547,0.000300886485504295,0.00395444354421748,3.93836653500483,0.040387012670129,0,0.0322861951409909,0.0465902585817566,0.107575978483529,8.14993335379358e-05,0.00380377053870904,0.00193350918721949,0.0199382498456628,0.00249163641749472,0.0370380483106912,0.0165904010443005,0.000168905997327468,0,0,0,0,0,0,0,0,0,0,0,0,0,0,0,0,0,0,0,0,0,0,0,0,0,0,0,0,0,0,2.79930453961491e-05,6.40761746272997e-05,0,2.53110699553749e-05,0,0,0,0,0,0,0,4.62984191076531e-05
0,0,0,0,0.0557919796779064,2.7383958216487,0,0.044058798869825,0.158847307573054,0.00153984805694452,0,0.325325271651067,0,0.000682882149305342,0,0,0,0,0,0.0111203644555529,0,0,0,0.00339685820120221,0,0,0,0,0.00151463872982102,0.000178352097014044,0,0,0,7.28003695134073e-05,0.0618644030514656,0,0.00136497698384497,0,0,0.101221825018796,0,0,0.000180393699473442,0,0.000215154390393858,0,0,0,0,0,0,0,0,0,0,0,0,0,0,0,0,0,0,0,0,0,0,0,0,0,0,0,0,0,0,0,0,0,0,0,0,0,0,0.00428262004080419
0,0.0423129102970761,0.0415098169119024,0,0,0,0.00129864281961016,0,0.0707887915266362,0.000128067995778314,0.000320424640830527,0,0.00190694717652198,3.63595385887176e-05,0,0,0.00202623225461393,0.00015547489945833,7.47681046109443e-05,0,1.13523164674241,3.68304227673446,1.47573969675965,0.981524582810691,0.00968788027025253,0.00140109161964701,0.884939630607724,0.457051240585998,0.000748336119450563,0.0141883960131578,8.71549982634553e-05,0,0.00078176971141402,0.0452830920715919,0.00351784868348047,0.148420867067307,0.0389751061640294,0.0786638844936468,0.0447299588763023,0.000795284514545719,0,0.00165535515264928,0.00232769798607512,0.00276033560198263,0.000467657830129687,0.0021467348058407,0,0,0,0,0.00363693246789423,6.24365004243902e-05,0,0,0,0,0,0.0355295286122724,0,0,0,0,0,0,0.111795782936821,0,0,0.000135679120763288,0,0.00286098802672844,0.0459761188140046,0.000474950705602051,0.00998069204951115,0.00127497369777812,0,0.00065920898811049,0.000826103556303162,0.000139417906404073,6.63784675644478e-05,0,0,0,0,0.00106433395565662
0.0132668456932513,0.000532876128613571,0.869719658189027,0.000134204149177657,0,0.000527620231679852,0.0189489843508828,0.0069761601848343,0.000203162437818934,0.00304924123078349,0.037250363187527,6.89744158072509e-05,0.000153560647242874,0.00395611040341544,0,0.00202623225461393,0,0.00337748555369363,1.14711813147167,9.23551746000589e-05,0.0367217864993369,0.000626427821799225,1.1024095271138,0.00116281985353305,0.000208789726247396,1.09069222436875,0.0965615512756089,0.014536763458794,0.00711753636172618,0.0174068009451816,0.000269666002340129,0.00023253495149695,0,1.43967875724744,3.87729333548902e-05,0.00399641409963613,0.568686836487799,0.117501036601831,0.00854064335762903,0,0,0,0,7.85060929896775e-05,8.44555492228918e-05,0,0,0,0,0,0,0,0,0,0,0,0,0,0,0,0,0,0,0,0,0,0,0,0,0,0,0,0,0,0,0,0.000124641722555681,0,0,0,0,0,0,9.51368597092499e-05
0,0.00182374155690193,0.000245135737000697,0,0,6.39292004291779e-05,0,4.15568012843079e-05,0.000808157746619246,0,1.25595776666874,0,0.000416206821943141,8.09965218988157e-05,0,0.00015547489945833,0.00337748555369363,0,1.93614955942718,0,8.02938101134229e-05,0.000682168766048045,0.000255542912753937,0,0.0410701055480816,0.63256823282907,0.0080097247138297,0,0.00184615480320323,0.000185202904330795,0.00123190748992422,0.000581068234022063,0.000129328059897604,0.0399020358228573,0,0.000513747261718374,0.0261175403293931,0.0252669932641901,0.000720337457437701,0,0,0,0,0.000255887547239459,0,0,0,0,0,0,0,0,0,0,0,0,0,0,0,0,0,0.000333394120142017,0,0,0,0,0.000880739953377856,0.00041324181682012,0,0,0,0,0,0.00273218026303928,0.000979367445176729,0.00161189421251729,0,0,0,0,0,0,6.02900235155226e-05,0
0.000243402765506329,0.00120533916364279,0.0144503357171831,0,0,0.000608274032833964,0.00142361208062169,0.00141747967526008,8.64117427343911e-05,0,0.767728012083016,0,0.000271739283635615,0.00159934531157518,0,7.47681046109443e-05,1.14711813147167,1.93614955942718,0,0,0.00131250959896702,0.00153461492212343,0.00583214735686452,4.66395115841052e-05,0.0110429930879872,2.2598309895866,0.0315173049616675,0.000831999980275197,0.0112529983019679,0.00152280625858045,0.00204549002633589,0.00136363509313563,0.000394129574420346,1.00032853856421,0.000158326287980686,0.00425693807885984,0.54546265478749,0.206440478412127,0.022856084219013,0,0.000876182576851972,0,0,0,0.000157177492333624,0,0,0,0,0,0.000666221277880255,0,0,0,0,0,0,0,0,0,0,0.000580616376476639,0,0,0,0,0.000101793185389231,0.000573662686102288,0,0,0.000207324962843916,0,0,0.00492920519221624,0.00200073580095395,0.00306518488218989,0,0,0,0,0,0,0.000101630550878768,0.000103951568055052
0.0392196957319032,0,0.000498853491362125,5.46000782707442,0,0.0938681679145643,0.0513110715605037,0.0847186823709962,0.0697678105929513,3.75317969648598,0,8.05393392182268,0,0.010347357362213,0.0111203644555529,0,9.23551746000589e-05,0,0,0,0.00148509846664707,0,0.000297095947960072,0.85991242595239,0,2.74445764879127e-05,3.6922360157799e-05,0.595393371878022,0.00359336210141505,4.98052543816511e-05,0,0,0,0.000426879893466361,0,0.000582483993031003,0,0.000954329454843346,0,0.0359030179324897,0,0,0,0,0,0,0,0,0,0,0,0,0,0,0,0,0,0,0,0,0,0,0,0,0,0,0,0,0,0,0,0,0,0,0,0,0,0,0,0,0,0,0,0
0.00433046391867863,0.000251747906788025,0.122884762434629,5.44019535582835e-05,0,0.00241502944727267,0.0953302359705231,0.0177360145557239,0.00120478740047115,0.0130139740388832,5.47413583803813e-05,0,3.61772082302361e-05,0.00671112644208768,0,1.13523164674241,0.0367217864993369,8.02938101134229e-05,0.00131250959896702,0.00148509846664707,0,0.0108348959029031,4.53512238657465,0.126883883676469,0.000166491939935306,0.0184333961291355,0.0238187294659108,1.50729830055178,0.306386498145652,2.72710591026638,0,4.57112534206494e-05,0.136496465132014,0.385716190706627,0.0112300012562014,0.207954975167749,0.0405572644627565,0.328746254309667,0.0744474822701354,0.00286795176164445,0,0.000789656503671494,0.00299720189615071,0.00228972828696499,0.000566689782082246,0.00175738697121467,0.000317796423747942,0,0,0,0,0,0,0,0,0,0,0.00137364897728604,0,0,0,0,0,0,0.00386820098908408,0,0,0,0,0.00017616489386551,0.00248923371024869,0.000112191928498151,0.00129767136964838,0,0,2.38954310576153e-05,0.000262085038962957,0,0.000231102172777128,0,0,0,0.000202602253108097,0.00430484100144865
0,1.30465511270657,0.0207609355138751,0,0,0,0.000916970713351685,0,1.61206871817491,0,0.00838078022233051,7.09301822777791e-05,0.0342389418389746,5.29374938231797e-05,0,3.68304227673446,0.000626427821799225,0.000682168766048045,0.00153461492212343,0,0.0108348959029031,0,0.00823373279871237,1.11782546776616,0.382105607710077,0.0170249455696739,1.22489101520885,0.0295908470503968,0.000244174608392276,0.00151824876473677,0.00535993919278345,0,0.000359569681342022,0.00268959816632839,0.000152165057744147,0.00424364874477376,0.00541908116800318,0.00557951661903028,0.00344560954700763,0.000269115328200422,0,0.000208810788336507,0.000943179643395789,0.000813528395415299,0,0,0,0,0.000138528534693661,0,0.0761506273330321,0.000486560626672768,0,0,0,0,0,0.189423053215137,0,0.000143961836863485,0,0.00144219318785755,0,0,0.156529360820533,0,0,0,0,0.00229828918193908,0.255612231749035,0.000731854222392776,0.0229476751761021,0.0307706117528221,0.000572998811069383,0.0489168161144078,0.00172985417185366,7.85022441166221e-05,0,0.000140545381430893,0,0,0,3.70944913956938e-05
0.0147027160336013,0.000252306917370474,2.99653007238976,0.000456994296506004,0,0.00282812847307145,0.101025961504039,0.0275052250755198,0.00120156406472538,0.0139662587773562,0.000297341898599724,0,0.000186042854603597,0.0115513054012751,0,1.47573969675965,1.1024095271138,0.000255542912753937,0.00583214735686452,0.000297095947960072,4.53512238657465,0.00823373279871237,0,0.0257031859711798,5.43053881546197e-05,0.188184354880459,0.912814164723908,0.338258012989086,0.0109817355639961,0.0801298372929046,0,0.000114639064580967,0.000917915047867296,0.312548871543056,0.0141970777883263,0.187311927229391,0.340719993720661,0.758400348050433,0.100501153671877,0.00320904507361863,0.000187230275464466,0.000923474085469147,0.00544120219470315,0.00256420312075624,0.000470818785025038,0.00328587443908695,4.23844964554014e-05,0,0.000171207233588683,0,0,0,0,0,0,0,0,0.000692220153994807,0,0.000196989162401602,0,7.06162278801218e-05,0,0,0.00147061899201234,0,0,0,0,0.000208978325516883,0.000796776697512777,6.36035128375998e-05,0.000194800021337838,0,0,7.70020922651981e-05,6.92132770116474e-05,0,2.06162505895688e-05,0,0,0,6.01356434242785e-05,0.00714701595439555
0.0109780936957621,0.0200261270082683,0.0276838755352567,3.83434890492756,0,0.104448231218307,0.343375622835385,0.0507770523813123,4.55211868477147,0.353504773861582,0.000817269198898878,1.86138045288043,0.00192882296132506,0.00441540907667397,0.00339685820120221,0.981524582810691,0.00116281985353305,0,4.66395115841052e-05,0.85991242595239,0.126883883676469,1.11782546776616,0.0257031859711798,0,0.010668403045912,0.00286546199289227,0.0747158420157882,2.72319601884092,0.00267735962699479,0.0247234787529477,0.000199977482246377,0,0.000782383433997186,0.00921980476985084,0.000302497562427751,0.00884980032301565,0.00225972079569252,0.00845856470150128,0.00359785546928273,0.00975126263388718,0,0.000114158091290527,0.00276668083152014,0.00167747483352306,0.000599590982158211,0.000459242270259834,0.0017614123932905,0,0,0.000254732116533919,0.000414916750708945,0.000561709982813314,0.143611521848833,0,0.000296313003218662,0.000454274213322183,0.000113849692664712,0.0457709308834387,0.00031555753295717,0,0.0367663324304253,0,0.000110452815387609,0,0.149237790348177,7.71319001503104e-05,0,0,0.0350400502120646,0.00211100173141545,0.143040663118736,0.000982290969705298,0.295354333621387,0.00025266701354644,1.35237469095703e-05,0.00073246921376021,0.00508486782232998,0.000159544686116141,0.000644163090604394,0,0,0,0.00101264791055973,4.36057404560087e-05
0,2.29368323728155,0.000473094196634639,0,0,0,3.76011754289578e-05,0.000214740538374133,0.155731867655518,0,1.18320178837465,0,2.72571785975963,3.76158924250969e-05,0,0.00968788027025253,0.000208789726247396,0.0410701055480816,0.0110429930879872,0,0.000166491939935306,0.382105607710077,5.43053881546197e-05,0.010668403045912,0,0.340598724242909,1.00525524037269,0.00110325871009637,0.00113507899503745,4.55402380786806e-05,0.226578401649823,0,0.000695558116805245,0.0282021850716934,0,0.0158381120918667,0.739921117609681,0.135416885552186,0.00745948964506853,8.55477556237858e-05,0,0.35104824052495,0.00294480625382365,0.0417508285541813,0.00241406706705519,0,0,0,0.0267498708920683,0,0.126030720019778,0,0,0,0,0,0,0.00599207127051124,0,0.00449716489303791,0,0.0301982594074619,0,0,0.00287240003690943,0,0.00283299059717915,0.00973942891806067,0,0,0.0109635372582614,6.53347542127975e-05,0.000862591145384616,0.526311350274192,0.0266019470422422,0.112678981862552,0,0.000130697092497255,0,0.000876477280974727,0,0,0.000546574860920489,0
0.00304425899004466,0.0420781107588338,1.67823268844303,3.77034731458854e-05,0,0.000229499122862381,0.0141887814521804,0.00420681733586204,0.00913986055731595,0.00181932273856248,0.507642769409747,0,0.220977680115658,0.00259165796646547,0,0.00140109161964701,1.09069222436875,0.63256823282907,2.2598309895866,2.74445764879127e-05,0.0184333961291355,0.0170249455696739,0.188184354880459,0.00286546199289227,0.340598724242909,0,2.64394084209626,0.0105694133425706,0.00475455256488392,0.0113636086898197,0.457029633937123,0.00032443429954076,0.000129685824603166,0.131041956968634,0.000193229446093776,0.00844052318747437,0.246804930280449,0.120814799978366,0.00818359114217675,3.42902217685779e-05,0.000695772926767753,0.000317233766526557,5.15862537793454e-05,0.00382284294413981,0.00172048965316285,8.01437564808029e-05,7.22554013975977e-05,0,0.000277998938668966,0.000130582734499521,0.00545856062181017,5.98009526694056e-05,0,0,0,0,0,0.000754024414824539,0,0.00144748537403308,0,0.00414487182573444,2.01677032415919e-05,0,0.00013117493407463,5.99673151032917e-05,0.00120467200031497,0.00267189945082094,0,2.56324578817803e-05,0.000282782213872995,2.48569463504153e-05,0.000214383226495382,0.0380238230023635,0.0164439695374042,0.0356288414109785,0,0.000115670741099522,1.30313180565786e-05,0.000340671166576438,4.36444926883357e-05,0,0.000273351670540198,0.000175041773471051
0.000621566158101835,1.65739674578608,1.17550799608571,0,0,0.000186818107097792,0.00377337537781379,0.00079104414724626,0.0999317423927759,0.000420559941114316,0.0754651299292205,0,0.410061432066961,0.000300886485504295,0,0.884939630607724,0.0965615512756089,0.0080097247138297,0.0315173049616675,3.6922360157799e-05,0.0238187294659108,1.22489101520885,0.912814164723908,0.0747158420157882,1.00525524037269,2.64394084209626,0,0.0260504114137912,0.0028761619536725,0.00380968723514592,0.245971071438352,1.70805106974063e-05,0.000137001069767148,0.11080462441476,0.00247649236875751,0.0309842178898939,0.0734169523984242,0.197513939312451,0.0297736057740955,5.29265393117758e-05,0.000165111722156753,0.000180304536081069,0.000854683264226322,0.00513512951249236,0.00150456373250154,0.00112443923285105,0.000174443138768533,0,2.36061527741894e-05,0,0.05086711295974,4.38718951788685e-05,0,0,0,0,3.44711782287862e-05,0.00619252887811115,0,0.000995419556489748,0,0.00558289090869519,0,0,0.00329863284687841,0,0.000899445365369827,0.00345228788475708,0,0.000150004367871742,0.0137672136179943,0.000110666489758121,0.0014255611846382,0.0736303568033842,0.0180834508631531,0.0743085826938029,4.61588396184131e-05,0.000154909557094023,5.97431659062554e-05,0.000178225509357809,0,5.14985661200255e-05,0.000211841680333898,0.00152808802969705
0.00927839423624136,0.00106668311611596,0.123749969748052,2.08206652575819,0,0.0188151690310261,2.53047413884313,0.0216025698158955,0.105886043514009,1.30730999263537,0,0.00360205247010229,0.000221859013358027,0.00395444354421748,0,0.457051240585998,0.014536763458794,0,0.000831999980275197,0.595393371878022,1.50729830055178,0.0295908470503968,0.338258012989086,2.72319601884092,0.00110325871009637,0.0105694133425706,0.0260504114137912,0,0.00478918890609974,1.12715537940172,0,0,0.0071815663046321,0.0889043803857148,0.00274004438995267,0.0643315508323711,0.0165478357267189,0.0808691973310414,0.0237539192343506,0.000502258062627069,0,0.000164094562973197,0.000847039869805023,0.000839864695383881,0.000228205011946678,0.00028424854596192,6.16457749909455e-05,0,0,0.000128048959782207,0.000269845591969139,0.000410593196291857,6.16061927660953e-05,0,0,0.000341335631667425,0,0.0100053389271701,2.72085950028859e-05,1.82601152553426e-05,0.00037962573364345,0,0,0,0.0213819876964049,0,0,0,0.00016609985791349,0.000485859135032183,0.0247606541501729,6.71453671940666e-05,0.0368742891393106,0,2.29233659358782e-05,0.000187791471012732,0.00150106547007182,0,8.71126339468953e-05,0,0,0,0,0.00134817922187916
1.29984082918995,0,0.00208424254729347,0,0.0137796501466852,0.118138346733252,0.0643863128275872,0.206476851415272,0.000119314847584359,0.00216382276025817,0.0221520047108235,0.00290217966900442,0.00064165191960942,3.93836653500483,0.00151463872982102,0.000748336119450563,0.00711753636172618,0.00184615480320323,0.0112529983019679,0.00359336210141505,0.306386498145652,0.000244174608392276,0.0109817355639961,0.00267735962699479,0.00113507899503745,0.00475455256488392,0.0028761619536725,0.00478918890609974,0,2.47525096385751,0.000107050925545456,0.86457717432353,2.09107320768126,1.73416271958577,0.000382413158239583,0.0209540522174535,0.0148570065686153,0.208843322456842,0.00940121497934115,0.129154617396806,0.221235828009749,0.000113201397389691,7.24813456689469e-05,4.60109648577544e-05,0,0,0,0,0,0,0,0,0,0,0,0,0,0,0,0,0,0,0,0,0,0,0,0,0,0,0,0,0,0,0.000101017345943125,0.00018152776957192,0,0,0,0,0,0,0,0.000218733700374481
0.349412733496585,0,0.0213128181156468,6.1717531686452e-05,0,0.00334496052167845,1.89137050897664,0.0511884734654299,0.00653066388178037,0.0114418775415754,3.89782105724729e-05,0,0.000246745763394424,0.040387012670129,0.000178352097014044,0.0141883960131578,0.0174068009451816,0.000185202904330795,0.00152280625858045,4.98052543816511e-05,2.72710591026638,0.00151824876473677,0.0801298372929046,0.0247234787529477,4.55402380786806e-05,0.0113636086898197,0.00380968723514592,1.12715537940172,2.47525096385751,0,0,0.000108545377337649,0.815146319456259,0.295862738835669,0.00304060328716198,0.0766379112359551,0.0102466743099712,0.10336104291038,0.0519385065694929,0.000496593434719995,0,5.66532960516669e-05,0.000596168509393587,0.000603700382364692,0.000106389169765603,0.000523088938674748,8.92094916018337e-05,0,0,0,0,2.36158069365101e-05,0,0,0,0,0,0.000295512334965407,0,0,0,0,0,0,0.000578002256897296,0,0,0,0,4.73191873289929e-05,0.000246011482249309,0,0.00102638554227937,0,0,2.85495678725863e-05,9.86516052114989e-05,0,0.00011087607970617,0,0,0,0,0.000833160651754601
0,0.0084205591381443,0,0,0,0,0,0,0.00268739238891527,0,0.507833479142003,0,1.29309486237131,0,0,8.71549982634553e-05,0.000269666002340129,0.00123190748992422,0.00204549002633589,0,0,0.00535993919278345,0,0.000199977482246377,0.226578401649823,0.457029633937123,0.245971071438352,0,0.000107050925545456,0,0,0,0,0.00378900121506935,0,0.000736689092255397,0.0483523428469669,0.0153293701369833,0,0,0,0,0,0,0.000347375786106947,0,0,0,0,0,0.000575080356017121,0,0,0,0,0,0,0.000160757033680375,0,0.000128683818179761,0,0,0,0,0,0,0,0.000446166198027106,0,0,0,0,0.000310717609716292,0.00436925427629885,0.000394749971832009,0.000507304301002555,0,0,0,0,0,0,0,0
0.000148131240510506,0,0,0,0.471885032046929,0.0183340459047053,0,0.187299264889324,0,0,0.00184559228262041,0,0,0.0322861951409909,0,0,0.00023253495149695,0.000581068234022063,0.00136363509313563,0,4.57112534206494e-05,0,0.000114639064580967,0,0,0.00032443429954076,1.70805106974063e-05,0,0.86457717432353,0.000108545377337649,0,0,0.00335202927659669,0.626239699081934,0,0,0.000998576807149786,0.010038194489217,0.000224290899675803,0.0870392845104535,1.68335432114545,0,0,0,0,0,0,0,0,0,0,0,0,0,0,0,0,0,0,0,0,0,0,0,0,0,0,0,0,0,0,0,0,0,0,0,0,0,0,0,0,0,0,0
0.160769272840188,0,0.000105256707228164,0,0,0.000389717122595279,0.0173075775400218,0.0067032830993411,0.000708489927554221,0.000572584642907757,0.000616986665652388,0,0,0.0465902585817566,0,0.00078176971141402,0,0.000129328059897604,0.000394129574420346,0,0.136496465132014,0.000359569681342022,0.000917915047867296,0.000782383433997186,0.000695558116805245,0.000129685824603166,0.000137001069767148,0.0071815663046321,2.09107320768126,0.815146319456259,0,0.00335202927659669,0,0.913085774274696,0.000385218669891926,0.0214501507938467,0.00268463580979019,0.161442847345432,0.0736592428776573,0.00167050401325475,0.00321891066699956,0,0,0,0,0,0,0,0,0,0,0,0,0,0,0,0,0,0,0,0,0,0,0,0,0,0,0,0,0,0,0,7.0653966868972e-05,0,0,0,0,0,0,0,0,0,0,4.00115306198327e-05
0.0576547322840779,0.000999862250351993,0.193394775899358,5.45872933459465e-05,0.0452597866106782,0.016196249984715,0.0357768852322236,0.03460571761335,0.00107576196899051,0.0028400537121645,0.713002256128744,0.000393908261834295,0.0120302013063541,0.107575978483529,7.28003695134073e-05,0.0452830920715919,1.43967875724744,0.0399020358228573,1.00032853856421,0.000426879893466361,0.385716190706627,0.00268959816632839,0.312548871543056,0.00921980476985084,0.0282021850716934,0.131041956968634,0.11080462441476,0.0889043803857148,1.73416271958577,0.295862738835669,0.00378900121506935,0.626239699081934,0.913085774274696,0,0.00654513576526033,0.172591213580367,1.33317066587484,3.46086093528786,0.193027771581393,0.0296677106740422,0.407573576015406,0.00384871344200398,0.00152321015540492,0.00189754335611365,0.000502356276381294,0.00106653933236053,0,0,0,0,0.000246609518081309,0,0,0,0,0,0,0.000205560465161268,0,0,0,0.000527961613494107,0,0,0.000133211879560511,0,0,0,0,0.000299662679884296,0,0.00012907477684029,9.0321752735299e-05,0.00204480401419394,0.00120924407033036,0.0013862947712151,0,0,6.05645202872299e-05,0.000253714793029934,0,0,0,0.001780551037724
0.000450652216375602,0,0.00128225890886369,0,0,0.476386379799415,0.000814204888112569,0.000161646320849758,0,4.52464858582437e-05,3.6582483959461e-05,0.278217421828629,0,8.14993335379358e-05,0.0618644030514656,0.00351784868348047,3.87729333548902e-05,0,0.000158326287980686,0,0.0112300012562014,0.000152165057744147,0.0141970777883263,0.000302497562427751,0,0.000193229446093776,0.00247649236875751,0.00274004438995267,0.000382413158239583,0.00304060328716198,0,0,0.000385218669891926,0.00654513576526033,0,0.0819516683659225,0.0745753793594858,0.0443891837264057,0.026190892901479,0,0,0.00032098797890036,0.0230578730263417,0.0355409762293681,0.0143874166004746,0.0329812043028197,0.00322810242679244,0,0,0,0,0.000190636576854037,0,0,0.000744188942545264,8.79285069556703e-05,0,0,9.1050718314565e-06,0.000155375319751592,0.00214769432615216,7.63613146724002e-05,0,0.0015065845337893,0.000835763416897824,0,2.0186489931192e-05,0,0,0.0010117281944724,0,0.00189279263786624,5.68259377087253e-05,5.55747287942373e-05,0.000126043080605228,0.000201948924606081,0.000437101958079097,1.64087421894016e-05,0.000208337967776424,0,0,0,0.000290805474213078,1.36866921149512
0.0161860959310599,0.000366164325263667,0.0291972653718867,0,0,0.000349982493286846,0.0164794832518803,0.00629669048113187,0.028288919298843,0.00120595472154915,0.029818075722248,0.000369336392576147,0.135942576416204,0.00380377053870904,0,0.148420867067307,0.00399641409963613,0.000513747261718374,0.00425693807885984,0.000582483993031003,0.207954975167749,0.00424364874477376,0.187311927229391,0.00884980032301565,0.0158381120918667,0.00844052318747437,0.0309842178898939,0.0643315508323711,0.0209540522174535,0.0766379112359551,0.000736689092255397,0,0.0214501507938467,0.172591213580367,0.0819516683659225,0,4.87598985874114,1.23274184329522,0.898458168596987,0.638169550690026,0.000653000448965,0.400107952125478,0.082254597447399,0.0583524710608248,0.0152023409338657,0.036195389502941,0.000535809911106495,0,0.00177350229927436,0,0,0.000477272310206233,0,0,0,0,0,0,0,0.00126263846066833,0,0.00920840566890642,0,0,0.00243728801339035,0,0,0,0,0.00104974278261162,0.000557278687777443,0.0017093930118183,2.60734728168162e-05,0,9.89408473646227e-05,0.000594667021411145,0.000325107563217077,0,8.4444278678318e-05,0,0,0,0.000197157606198657,0.0328933660664285
0.00127053921003686,0.00823351510458364,0.223252877589687,0.000221446101409534,0,0.000881355473977073,0.00747246658525123,0.00324691509251345,0.00449463428255529,0.000606935615164116,1.39910583045285,4.89905836254384e-05,0.522370941189898,0.00193350918721949,0.00136497698384497,0.0389751061640294,0.568686836487799,0.0261175403293931,0.54546265478749,0,0.0405572644627565,0.00541908116800318,0.340719993720661,0.00225972079569252,0.739921117609681,0.246804930280449,0.0734169523984242,0.0165478357267189,0.0148570065686153,0.0102466743099712,0.0483523428469669,0.000998576807149786,0.00268463580979019,1.33317066587484,0.0745753793594858,4.87598985874114,0,5.53795268824871,1.9599433798439,0.00526527473052132,0.00245541742737212,2.45895139630025,0.0470982594105802,0.0218655550118534,0.00661452355970895,0.0347863806510308,0.00226552335279774,0,0.00119484395091366,0,0.000862220002873816,0.000157673570348517,0,0,0,0,0,0,0,0.00100622144504789,0,0.00354860186920755,0,0,0.000272995622188549,0,0,0.000346921312456377,0,0.000631633675423822,0.000342817874236648,0.000732355452611697,0,0.00549562233510477,0.00143500816377271,0.00397516121875886,0.000233760904851448,0,0.000124913492255253,0,0,0,0.000331037417543071,0.0366851812480318
0.0295620124563284,0.00280566079128291,0.311875432304958,0,0,0.00300323789333376,0.0319239921245787,0.0160261513977432,0.00228180862686054,0.00375963083373277,0.696773249975855,0.000229229693169472,0.083319817579645,0.0199382498456628,0,0.0786638844936468,0.117501036601831,0.0252669932641901,0.206440478412127,0.000954329454843346,0.328746254309667,0.00557951661903028,0.758400348050433,0.00845856470150128,0.135416885552186,0.120814799978366,0.197513939312451,0.0808691973310414,0.208843322456842,0.10336104291038,0.0153293701369833,0.010038194489217,0.161442847345432,3.46086093528786,0.0443891837264057,1.23274184329522,5.53795268824871,0,2.17658668474873,0.212124118955742,0.0389553704063967,0.396082623277432,0.023867512517018,0.0143790855553133,0.0043161300461947,0.0195817568682055,0.000524706533294771,0,0.000196454291515242,0,0.000643681442237861,0.000236759794866783,0,0,0,0,0,0.000422141608786432,0,0.000698195327048678,0,0.000301911602963054,0,0,0.00230130405732335,0,0.000405673399494447,0.00025241512400663,0,0.000403312282679507,0.000624544459953702,0.000444224263603252,0.000257602250992968,0.00212474847819847,0.000739627993863933,0.00216124356294276,6.572717547167e-05,0,4.93054273478719e-05,0,0,0,0,0.0281596014664517
0.0106762858640188,0,0.0614903871725613,0,0,0.000538979096025849,0.00933980550708469,0.00351340489010291,0,0.000889055279777288,0.0116222479982583,0,0.028556367885652,0.00249163641749472,0,0.0447299588763023,0.00854064335762903,0.000720337457437701,0.022856084219013,0,0.0744474822701354,0.00344560954700763,0.100501153671877,0.00359785546928273,0.00745948964506853,0.00818359114217675,0.0297736057740955,0.0237539192343506,0.00940121497934115,0.0519385065694929,0,0.000224290899675803,0.0736592428776573,0.193027771581393,0.026190892901479,0.898458168596987,1.9599433798439,2.17658668474873,0,0.00220277982727919,0.0108219660382056,0.314861373851999,0.0158392528818903,0.0147980030944409,0.00421806323779105,0.0186411509842077,0.000197594261750627,0,0,0,0,0.000272743467906775,0,0,0,0,0,0,0,0.000591906704283904,0.000245900365634932,0,0,0,0.000480568596402245,0,0,0,0,0.000146324664831213,0,0.000486565262597682,0,0,0,6.90661404136439e-05,6.40820823246519e-05,0,0,0,0,0,0,0.0169856397962204
0.00728988694892322,0,0.000786391404170153,0,0.261669061432312,0.0362544213691293,0.00255019267727333,0.0176631047031426,1.32186265048893,0.0079264759929394,0,0.267489423598545,0,0.0370380483106912,0.101221825018796,0.000795284514545719,0,0,0,0.0359030179324897,0.00286795176164445,0.000269115328200422,0.00320904507361863,0.00975126263388718,8.55477556237858e-05,3.42902217685779e-05,5.29265393117758e-05,0.000502258062627069,0.129154617396806,0.000496593434719995,0,0.0870392845104535,0.00167050401325475,0.0296677106740422,0,0.638169550690026,0.00526527473052132,0.212124118955742,0.00220277982727919,0,3.57354691183078,0,0,0,0,0,0,0,0,0,0,0,0,0,0,0,0,0,0,0,0,0,0,0,0,0,0,0,0,0,0,0,0,0,0,0,0,0,0,0,0,0,0,0
0,0,0,0,0.784579362503049,0.00886512918195024,0,0.0249545854413917,0,0,0.00235800075088975,0,0.000185902825127465,0.0165904010443005,0,0,0,0,0.000876182576851972,0,0,0,0.000187230275464466,0,0,0.000695772926767753,0.000165111722156753,0,0.221235828009749,0,0,1.68335432114545,0.00321891066699956,0.407573576015406,0,0.000653000448965,0.00245541742737212,0.0389553704063967,0.0108219660382056,3.57354691183078,0,0,0,0,0,0,0,0,0,0,0,0,0,0,0,0,0,0,0,0,0,0,0,0,0,0,0,0,0,0,0,0,0,0,0,0,0,0,0,0,0,0,0,0
0,0,0.000453822710879914,0,0,0,0.000231116418268229,0,0.000189791999472218,0,0.35714647400238,0,0.40586709656642,0.000168905997327468,0,0.00165535515264928,0,0,0,0,0.000789656503671494,0.000208810788336507,0.000923474085469147,0.000114158091290527,0.35104824052495,0.000317233766526557,0.000180304536081069,0.000164094562973197,0.000113201397389691,5.66532960516669e-05,0,0,0,0.00384871344200398,0.00032098797890036,0.400107952125478,2.45895139630025,0.396082623277432,0.314861373851999,0,0,0,0.00231086562160511,0.000152232180614807,0,0.000570449425627631,0,0,0,0,0,0,0,0,0,0,0,0,0,0,0,0.081856271645559,0,0,0,0,0,0,0,0,0,0,0,0,0,0,0,0,0,0,0,0,0,3.89390669737113e-05
5.83777109857027e-05,0,0.000718764436062155,0,0,0,0.000229931576777274,0,0.00136699910660096,0,0.000114205888956424,0.000221728806261134,0.000813206729452579,0,0.000180393699473442,0.00232769798607512,0,0,0,0,0.00299720189615071,0.000943179643395789,0.00544120219470315,0.00276668083152014,0.00294480625382365,5.15862537793454e-05,0.000854683264226322,0.000847039869805023,7.24813456689469e-05,0.000596168509393587,0,0,0,0.00152321015540492,0.0230578730263417,0.082254597447399,0.0470982594105802,0.023867512517018,0.0158392528818903,0,0,0.00231086562160511,0,4.75509421210619,0.649885579150546,0.790100857218879,0.125041896757459,0,0.243475519612935,0.00688226138714198,8.41204722541108e-05,0.0101023305243936,0.000700513071216389,0,0.00112187747213182,0.0121008045568352,0.00241109110654477,0.146766781282971,0.00426071815953077,0.122807134538338,0.000415459631282394,0.0627841294752122,0.00276018267279403,0,0.113085752355271,0.00116660375957338,0.000121533773543878,0.000414513324127098,0.000530123173473684,0.0608332637745499,0.00578720498162196,0.0610246027249207,0.0116609998696934,0.00887372205114876,0.00308868686247284,0.0120097726990629,0.0337882073797521,0.0141146679047271,0.0386353610992051,0.000362997614953151,0.000141603787233702,0.029888674388042,0.0908769822258869,0.0396307800677583
0.000210200196447604,0.00501833882939662,0.000419761496767476,0,0,0,2.76793337616422e-05,0,0.000547938804201288,0,5.30924444393645e-05,7.68666473045156e-05,0.000526238428911281,0,0,0.00276033560198263,7.85060929896775e-05,0.000255887547239459,0,0,0.00228972828696499,0.000813528395415299,0.00256420312075624,0.00167747483352306,0.0417508285541813,0.00382284294413981,0.00513512951249236,0.000839864695383881,4.60109648577544e-05,0.000603700382364692,0,0,0,0.00189754335611365,0.0355409762293681,0.0583524710608248,0.0218655550118534,0.0143790855553133,0.0147980030944409,0,0,0.000152232180614807,4.75509421210619,0,3.42926006384061,3.54098098837659,0.0149280295041818,0.00267701347194036,1.50511376447004,0.0262784554577663,0.0176924496530141,0.238328604733626,0.00023026143021964,0.000464112934700854,0.00450042669320064,0.031349991325667,0.0134393948228686,0.003351154850612,0.00289917636950053,0.920821820741354,0.000604867488010287,0.849083845277291,0.0113210505172783,0,0.0629699965029749,0.262691909313169,0.0517369106532699,0.55347168131887,0.000735427119150937,0.0466681603161581,0.00865838827002279,0.404671336738495,0.00518974217924183,0.788355969374332,0.349880897200534,0.362470823175469,0.0234166061740261,0.0313467554716334,0.0365761155229379,0.0297301513295641,0.0144765747624731,0.0200949321817944,0.345086351123301,0.0546779413110409
0,0.000268346650512908,7.85773099000091e-05,0,0,0,0,0,0.000792152291571934,0,0,0,0,0,0.000215154390393858,0.000467657830129687,8.44555492228918e-05,0,0.000157177492333624,0,0.000566689782082246,0,0.000470818785025038,0.000599590982158211,0.00241406706705519,0.00172048965316285,0.00150456373250154,0.000228205011946678,0,0.000106389169765603,0.000347375786106947,0,0,0.000502356276381294,0.0143874166004746,0.0152023409338657,0.00661452355970895,0.0043161300461947,0.00421806323779105,0,0,0,0.649885579150546,3.42926006384061,0,3.26451683437093,0.103700964062312,0.289412293285127,0.896847753806048,0.0306022320452093,0.00285503894772437,0.283385367015896,0.00265157113177453,0.00415303865436643,0.0460918315621541,0.0491412775594175,0.0591980041885765,0.00282227876892281,0.012351432541327,0.756512811570722,0.00629773118639051,0.0877886002783214,0.0765421175461403,0.00207748437151392,0.181938151953554,0.260133994189634,0.0318746783591819,0.0760458525782004,0.00930175322681867,0.34751615411518,0.00416142444082232,0.802975949834129,0.0196407578237466,0.100576921159393,0.133163448766741,0.224162259200753,0.0884032886445425,0.445036208058449,0.0874848310736548,0.00572682141074963,0.106480788480355,0.210737486906309,4.59640454808932,0.0189920226716778
0.000235907229166974,0,0.000732218215803693,0,0,0,0,0,0,0,3.86274488655336e-05,5.35029257623769e-05,0,0,0,0.0021467348058407,0,0,0,0,0.00175738697121467,0,0.00328587443908695,0.000459242270259834,0,8.01437564808029e-05,0.00112443923285105,0.00028424854596192,0,0.000523088938674748,0,0,0,0.00106653933236053,0.0329812043028197,0.036195389502941,0.0347863806510308,0.0195817568682055,0.0186411509842077,0,0,0.000570449425627631,0.790100857218879,3.54098098837659,3.26451683437093,0,0.0220707831110742,0.325121217888897,0.0872327791828345,0.00754515549890844,0.000343494220700694,0.0190949162000964,0.00185360736568152,0,0.00724437253853829,0.00796853116691859,0.00539269379101959,0,0.0045751373899122,0.105450403329694,7.67954345259241e-05,0.0383546843448856,0.00371192626795818,0.00011311077728865,0.062852936334902,0.0112269673822233,0.00246762157388317,0.0072814588421215,0.00255728618915096,0.0722643725699641,0.00286035303183721,0.126788331353917,0.00778606673200421,0.00483843381744081,0.0114031515130753,0.023569239221792,0.0255767645143832,0.0184530617907,0.033820946665063,0.000358684841407844,0.00912461512880222,0.096259578533587,0.215242505527371,0.0381781618795537
0,0,0,0,0,0,0.000116630971436686,0,0.00651328127405599,0,0,0,0,0,0,0,0,0,0,0,0.000317796423747942,0,4.23844964554014e-05,0.0017614123932905,0,7.22554013975977e-05,0.000174443138768533,6.16457749909455e-05,0,8.92094916018337e-05,0,0,0,0,0.00322810242679244,0.000535809911106495,0.00226552335279774,0.000524706533294771,0.000197594261750627,0,0,0,0.125041896757459,0.0149280295041818,0.103700964062312,0.0220707831110742,0,2.84223786189208,0.0006289347875284,0.0197636073162889,4.29452934074068e-05,0.000377614147246677,0.00341813762762315,1.10967359921798,1.47170101150248,0.008129978579551,0.278814464464602,1.84949087835299,0.0232942587210607,0.0267255765618099,0.216311131614981,0.000654490152798166,0.062395817172955,1.50893156138031,0.000279723955039666,0.000184982861902709,0.000729677179956876,0.000576847035115452,0.0544272271459616,0.000218782519410887,0,0.00036156049516695,0.0224956820636496,0.000703813864179413,0.00196816193070612,0.000833869780481282,0.00627096407522013,0.143685646111124,0.00088680080958674,0,0.14054711362484,0.00258844270715821,0.129260407446742,0.0031952952256495
0,0,0,0,0,0,0,0,0,0,0,0,0,0,0,0,0,0,0,0,0,0,0,0,0,0,0,0,0,0,0,0,0,0,0,0,0,0,0,0,0,0,0,0.00267701347194036,0.289412293285127,0.325121217888897,2.84223786189208,0,0,0.000537194518241153,0,0,0.00017423708586557,3.20080155398309,0.363367138295639,5.88856792494838e-05,0.0959576367693531,0,6.81510236360031e-05,0.187787228749548,0.000491662929924697,0.000179941107853939,0.0052512713360522,0.0137841556505363,0,0,0,0,0.000321948825539192,6.41797388087426e-05,0,0,7.44183791084908e-05,0.000294372459724423,0.000273567801514818,0.000198876232706365,0.000185504864203757,0.0911730739923165,0.000195851530732072,0,1.33388043929607,0.00121341632401484,0.36726601204123,0
0,0.00109169607057042,0,0,0,0,0,3.60796399729267e-05,0,0,0,0,0,0,0,0,0,0,0,0,0,0.000138528534693661,0.000171207233588683,0,0.0267498708920683,0.000277998938668966,2.36061527741894e-05,0,0,0,0,0,0,0,0,0.00177350229927436,0.00119484395091366,0.000196454291515242,0,0,0,0,0.243475519612935,1.50511376447004,0.896847753806048,0.0872327791828345,0.0006289347875284,0,0,0.000467154761732941,0.00152434724646574,0.000159504765229468,0,0,0.00030030147410802,4.07596572019209e-05,0.000387724882127401,0.000758811105878804,0,0.181639071729578,0,2.00592898033588,0.000561178085606944,0,0.00185662376405393,0,0.000433119523037609,0.000374519781248597,0,0.00019947615420036,0.000131692053532159,0.000358268488406734,0,0.734207562574053,0.00288844916352739,0.00146007450647064,3.85399304492808e-05,0.00133530775329628,0.000104465555299355,0.00406105127013731,0.00240978523207216,0,0.0130639218091004,0.000886623525508043
0,0,0,0,0,0,0,0,0.000819479995812163,0,0,0,0,0,0,0,0,0,0,0,0,0,0,0.000254732116533919,0,0.000130582734499521,0,0.000128048959782207,0,0,0,0,0,0,0,0,0,0,0,0,0,0,0.00688226138714198,0.0262784554577663,0.0306022320452093,0.00754515549890844,0.0197636073162889,0.000537194518241153,0.000467154761732941,0,0,0.00524586949916985,0.00598099209550053,0,0.015909217321336,1.62652719787635,0.144425028142787,0.00535557314951945,0.0639782077914128,0.00167188645736331,0.0120612609046778,0.000285318966499489,1.92999966677135,0,0.00325351794306249,0.0186813883415993,0,0.00205067983364756,0.040486488639147,0.00413005505574355,0.000263457825258454,0.0119356428730217,0.0349191381224346,0,0.00581850681460224,0.000331375546759561,0.0320226528117606,0.423159195136081,0.127962483738861,0,0.000561484441959374,0.0245770993223297,0.0876491017336527,2.70089128348216e-05
0,0.81317634128265,0.000407739754088334,0,0,0,0,0,0.00846975579144066,0,0.000590095983621551,0,0.00519819067036705,0,0,0.00363693246789423,0,0,0.000666221277880255,0,0,0.0761506273330321,0,0.000414916750708945,0.126030720019778,0.00545856062181017,0.05086711295974,0.000269845591969139,0,0,0.000575080356017121,0,0,0.000246609518081309,0,0,0.000862220002873816,0.000643681442237861,0,0,0,0,8.41204722541108e-05,0.0176924496530141,0.00285503894772437,0.000343494220700694,4.29452934074068e-05,0,0.00152434724646574,0,0,0.00116829746014418,0,0,0,0,0,0.369801166876777,0,0.00514584715797016,0,0.0745630134374926,4.16811213014173e-05,0,0.0505362834803352,0.000804006690934231,0.00142180719880359,0.00517525279728838,0,0.000134616670307262,1.13672336673309,0.000174906035505513,0.0508782077873419,2.72356243260817,0.0280431035171872,2.51639134774778,0.000399858660785663,8.16862386597301e-05,0,0.00420564402317835,0,0,0.000498228514206808,0
0,0,0,0,0,0,0.000154227847253811,0,9.8843071879599e-05,0,0,0,0,0,0,6.24365004243902e-05,0,0,0,0,0,0.000486560626672768,0,0.000561709982813314,0,5.98009526694056e-05,4.38718951788685e-05,0.000410593196291857,0,2.36158069365101e-05,0,0,0,0,0.000190636576854037,0.000477272310206233,0.000157673570348517,0.000236759794866783,0.000272743467906775,0,0,0,0.0101023305243936,0.238328604733626,0.283385367015896,0.0190949162000964,0.000377614147246677,0,0.000159504765229468,0.00524586949916985,0.00116829746014418,0,0.000220870414716856,0,0.000955732045495629,0.0206257565096883,0.00265241271057327,0.000103033381791743,0.00134613482630694,0.000414412722028823,0,5.21917292693784e-05,0.00239743949954992,0,0.0637004106862097,0.927827577495065,0.000807248326877984,0.0561481420073402,0,0.0376801414636411,0.00114821142590955,3.26612319379881,0.00649161518902783,0.000494054970182106,1.193783285296,1.34238637321881,0.0416028877606415,0.000189307784635629,0.0195048693671434,0,0,0.0010729954048168,0.0101214377785944,0.000298017412089689
0,0,0,0.577434892873322,0,0,0,0,0.000139542504030807,0,0,0.000355739219871541,0,0,0,0,0,0,0,0,0,0,0,0.143611521848833,0,0,0,6.16061927660953e-05,0,0,0,0,0,0,0,0,0,0,0,0,0,0,0.000700513071216389,0.00023026143021964,0.00265157113177453,0.00185360736568152,0.00341813762762315,0.00017423708586557,0,0.00598099209550053,0,0.000220870414716856,0,0,0.00530421879089068,0.0045343883288083,0.00291258409102267,0.0359993675418842,1.44335215482324,9.33694517188215e-05,0.698557529221072,0,0.00407007575255174,0.00224355752580438,0,6.46191891269217e-05,0,0,5.90035177611553,6.30511947806167e-05,0,0.000371605729024059,4.05097161499032,0,3.60511115950722e-05,0,0.534281944582258,0.00252008891717513,0.000394083230086215,0,0,0.00110645019992522,0.0213732704783646,0
0,0,0,0,0,0,0,0,0,0,0,0,0,0,0,0,0,0,0,0,0,0,0,0,0,0,0,0,0,0,0,0,0,0,0,0,0,0,0,0,0,0,0,0.000464112934700854,0.00415303865436643,0,1.10967359921798,3.20080155398309,0,0,0,0,0,0,0.503319737293022,0,0.298000811740542,0,0,0.00168136844922144,3.7506187756903e-05,0,0,0.163600755643113,0,0,0,0,0,0,0,0,0,0,5.22842928277235e-05,7.90769179722598e-05,3.01816991777053e-05,0.00898628056273503,0,0,1.56823481629291,0,0.10324654951533,0
0,0,0,0,0,0,0,0,0.000770139961692516,0,0,0,0,0,0,0,0,0,0,0,0,0,0,0.000296313003218662,0,0,0,0,0,0,0,0,0,0,0.000744188942545264,0,0,0,0,0,0,0,0.00112187747213182,0.00450042669320064,0.0460918315621541,0.00724437253853829,1.47170101150248,0.363367138295639,0.00030030147410802,0.015909217321336,0,0.000955732045495629,0.00530421879089068,0.503319737293022,0,0.0399409612263118,2.11576852655005,0.0067002948918166,1.15082275907804,0.0344062706526472,2.04881697330594,0.000185805208322981,0.0469811217317436,4.29375134400674,0.000196375968739048,0.00211884308090623,0.000165761770308143,0.000418358971980301,0.136083465656194,0.00117509110176324,0,0.0028732804774675,0.0460160362414532,0.000663573318998708,0.00181912335413184,0.000292483909461734,0.0116622790787881,0.0706131283720202,0.00197062983263543,7.66940254688375e-05,0.175853822281153,0.00252372388141805,0.0923066480257996,0.288629837202259
0,0,2.98244277469268e-05,0,0,0,4.64711825583913e-05,0,0.00313747932666657,0,0,0,0,0,0,0,0,0,0,0,0,0,0,0.000454274213322183,0,0,0,0.000341335631667425,0,0,0,0,0,0,8.79285069556703e-05,0,0,0,0,0,0,0,0.0121008045568352,0.031349991325667,0.0491412775594175,0.00796853116691859,0.008129978579551,5.88856792494838e-05,4.07596572019209e-05,1.62652719787635,0,0.0206257565096883,0.0045343883288083,0,0.0399409612263118,0,0.0944396961604363,0.00501689338419713,1.1974332193692,0.000515580697539995,0.00251828087123429,0,1.48359490808838,0,0.00883542542947647,0.0500374949168607,0.000140162568607428,0.00400230404953089,0.00680007737962382,0.0916868953654723,0.000253979330645719,0.0999263462392833,0.245555279972882,0.000117503452517268,0.0165846247570352,0.00201175496552447,2.02594397571069,0.0313652794222069,0.962651419555133,0,0.000155946041003607,0.0137990328492062,0.0613166035435827,0.000163427063383667
0,0,0,0,0,0,0,0,0.000760934409115249,0,0,0,0,0,0,0,0,0,0,0,0,0,0,0.000113849692664712,0,0,3.44711782287862e-05,0,0,0,0,0,0,0,0,0,0,0,0,0,0,0,0.00241109110654477,0.0134393948228686,0.0591980041885765,0.00539269379101959,0.278814464464602,0.0959576367693531,0.000387724882127401,0.144425028142787,0,0.00265241271057327,0.00291258409102267,0.298000811740542,2.11576852655005,0.0944396961604363,0,0.00296825292014655,0.348115764546946,0.0242033003021734,0.0186010871519413,0.000342760573496251,2.00831209642097,0.025229372425225,0.000599781808532858,0.0067783916994776,0.00033673231546251,0.000985118844858842,0.0306535189194349,0.00315286022656896,9.5272537692097e-05,0.00591525304546593,0.0151252639192095,0.000296542588392899,0.00371507025588065,0.00099060929040438,0.0119130593476987,0.173688016086061,0.00651115918555834,4.15182463609047e-05,0.463283992639725,0.00779901573083953,0.143284849274338,0
0,0.0839772752465455,0.00078647342250128,0.000451788227091368,0,0,0.000622117777691292,0,0.520773454713489,0,7.51224759804481e-05,0,0.000240051010986687,0,0,0.0355295286122724,0,0,0,0,0.00137364897728604,0.189423053215137,0.000692220153994807,0.0457709308834387,0.00599207127051124,0.000754024414824539,0.00619252887811115,0.0100053389271701,0,0.000295512334965407,0.000160757033680375,0,0,0.000205560465161268,0,0,0,0.000422141608786432,0,0,0,0,0.146766781282971,0.003351154850612,0.00282227876892281,0,1.84949087835299,0,0.000758811105878804,0.00535557314951945,0.369801166876777,0.000103033381791743,0.0359993675418842,0,0.0067002948918166,0.00501689338419713,0.00296825292014655,0,0.00818316519483196,0.000452586378392002,2.15103245756552,0.0121543079342163,0.00168916764240528,0.899715783007091,0.11712460809599,7.63332050872471e-05,0.000767610882583951,0.00036150880554274,0.0796335403533505,0.000385876958752973,1.5939338906977,0.00108204147756722,3.8685637420489,0.211038983298176,0.00264963122185989,0.089650790887486,0.0256265746773494,0.000854009134152975,0.000960010577383911,0.00144445269790933,0.000391346939052881,0,0.00565959139042232,0
0,0,0,0.000204011636266454,0,0,0,0,0.00116231903557396,0,0,0,0,0,0,0,0,0,0,0,0,0,0,0.00031555753295717,0,0,0,2.72085950028859e-05,0,0,0,0,0,0,9.1050718314565e-06,0,0,0,0,0,0,0,0.00426071815953077,0.00289917636950053,0.012351432541327,0.0045751373899122,0.0232942587210607,6.81510236360031e-05,0,0.0639782077914128,0,0.00134613482630694,1.44335215482324,0,1.15082275907804,1.1974332193692,0.348115764546946,0.00818316519483196,0,0.000297767392717738,0.801174252512032,8.05050076602455e-05,0.48698134360955,5.58425113530319e-05,0.000397703740458589,0.00225360971304689,0,2.797875857306e-05,3.16301722424613,0.00350154288823193,5.5787027955433e-05,0.00400702464926641,0.34510990748789,0,0.000641535164055034,0.000114879034824049,0.750467168518119,0.018074520895351,0.00379189391242736,0,0.000503321625232059,0.00404019395295841,0.126766478817134,0.00889934335637407
0,0.000576064276158783,0,0,0,0,0,0,0,0,0,0,0,0,0,0,0,0,0,0,0,0.000143961836863485,0.000196989162401602,0,0.00449716489303791,0.00144748537403308,0.000995419556489748,1.82601152553426e-05,0,0,0.000128683818179761,0,0,0,0.000155375319751592,0.00126263846066833,0.00100622144504789,0.000698195327048678,0.000591906704283904,0,0,0,0.122807134538338,0.920821820741354,0.756512811570722,0.105450403329694,0.0267255765618099,0.187787228749548,0.181639071729578,0.00167188645736331,0.00514584715797016,0.000414412722028823,9.33694517188215e-05,0.00168136844922144,0.0344062706526472,0.000515580697539995,0.0242033003021734,0.000452586378392002,0.000297767392717738,0,0.000579744788453181,0.549750607522992,0.0112688486798412,0.00064216403218474,0.00061989934014367,0.00171241919845053,0.77723386804885,0.280290177431031,0.000623118777574589,0.000560491056641067,0.00110317468993417,0.000717385192567921,0.000820653379900635,0.344805062773935,0.136549072687486,0.0310886654861038,0.000456404245073842,0.0659127630023101,0.000500463982722899,0.0209220388842192,0.0550936748083768,0.00301981728488859,0.698110813407714,0.00046374708281644
0,0,0,0.015298208202261,0,0,0.000122419141098202,0,0.00621814593023126,0,0,0.064084553324315,0,0,0,0,0,0,0,0,0,0,0,0.0367663324304253,0,0,0,0.00037962573364345,0,0,0,0,0,0,0.00214769432615216,0,0,0,0.000245900365634932,0,0,0,0.000415459631282394,0.000604867488010287,0.00629773118639051,7.67954345259241e-05,0.216311131614981,0.000491662929924697,0,0.0120612609046778,0,0,0.698557529221072,3.7506187756903e-05,2.04881697330594,0.00251828087123429,0.0186010871519413,2.15103245756552,0.801174252512032,0.000579744788453181,0,2.7989143223903e-05,0.0224879671626832,0.19803445404426,0,0,0,0,6.57679156654473,0,0,7.8644440199574e-05,1.3062582366691,0,5.00786212642556e-05,4.16951476013831e-05,0.0089023535030976,0.0109419869470709,0.000294768579907134,0,0.000210541892966228,0.00232865834243501,0.064465660028702,0.105444325120666
0,0.0119901873064445,0.000106724863071596,0,0,0,0,0,0.000484069306786471,0,0.000434138516940622,0,0.000926540305548522,0,0,0,0,0.000333394120142017,0.000580616376476639,0,0,0.00144219318785755,7.06162278801218e-05,0,0.0301982594074619,0.00414487182573444,0.00558289090869519,0,0,0,0,0,0,0.000527961613494107,7.63613146724002e-05,0.00920840566890642,0.00354860186920755,0.000301911602963054,0,0,0,0.081856271645559,0.0627841294752122,0.849083845277291,0.0877886002783214,0.0383546843448856,0.000654490152798166,0.000179941107853939,2.00592898033588,0.000285318966499489,0.0745630134374926,5.21917292693784e-05,0,0,0.000185805208322981,0,0.000342760573496251,0.0121543079342163,8.05050076602455e-05,0.549750607522992,2.7989143223903e-05,0,0.00059930661394188,5.94793060590348e-05,0.000769866585174943,0,0.00393219025888396,0.00265398565268961,0.000120467933036727,0.000147582549426462,0.0140806820614123,0.000327113169088732,0.00197918280250339,5.36693571342961,0.354652863636919,0.675496400333515,0,0.00301478946020037,0.000171823193779403,3.29980706883038,0.0011450242803839,0.000121057565660887,0.00626502132508305,1.82824786034048e-05
0,0,0,0,0,0,0,0,0.000543400204155779,0,0,0,0,0,0,0,0,0,0,0,0,0,0,0.000110452815387609,0,2.01677032415919e-05,0,0,0,0,0,0,0,0,0,0,0,0,0,0,0,0,0.00276018267279403,0.0113210505172783,0.0765421175461403,0.00371192626795818,0.062395817172955,0.0052512713360522,0.000561178085606944,1.92999966677135,4.16811213014173e-05,0.00239743949954992,0.00407007575255174,0,0.0469811217317436,1.48359490808838,2.00831209642097,0.00168916764240528,0.48698134360955,0.0112688486798412,0.0224879671626832,0.00059930661394188,0,0.00042185212806165,0.000995535696980077,0.00525249243086723,0.000301250691930424,0.00100760599766626,0.0441914968351518,0.00418777542808269,0.000101308885385321,0.00813235862608199,0.0273253074484692,0.000583603671329529,0.0041493599052315,0.000894995442188638,0.0206029554465085,5.19939053247524,0.0475265181979514,6.57223090116154e-05,0.0223333875676493,0.0954808611856753,0.282749399909853,6.05258169366065e-05
0,0,0,0,0,0,0,0,0,0,0,0,0,0,0,0,0,0,0,0,0,0,0,0,0,0,0,0,0,0,0,0,0,0,0.0015065845337893,0,0,0,0,0,0,0,0,0,0.00207748437151392,0.00011311077728865,1.50893156138031,0.0137841556505363,0,0,0,0,0.00224355752580438,0.163600755643113,4.29375134400674,0,0.025229372425225,0.899715783007091,5.58425113530319e-05,0.00064216403218474,0.19803445404426,5.94793060590348e-05,0.00042185212806165,0,0,0,0,0,0.00380297642832329,0,0,0,0.00630462069933115,0,4.05151714156261e-05,0,0.000130984422764492,0.00321492920140011,0,0,0.00355226250796632,0,0.00310404774334277,0.0753494796450283
0,0.00290838907016496,0.0021930165332599,0,0,0,0.00147175359093532,0,0.145773048599933,0,9.77922861378721e-05,0,0.000104540238343102,0,0,0.111795782936821,0,0,0,0,0.00386820098908408,0.156529360820533,0.00147061899201234,0.149237790348177,0.00287240003690943,0.00013117493407463,0.00329863284687841,0.0213819876964049,0,0.000578002256897296,0,0,0,0.000133211879560511,0.000835763416897824,0.00243728801339035,0.000272995622188549,0.00230130405732335,0.000480568596402245,0,0,0,0.113085752355271,0.0629699965029749,0.181938151953554,0.062852936334902,0.000279723955039666,0,0.00185662376405393,0.00325351794306249,0.0505362834803352,0.0637004106862097,0,0,0.000196375968739048,0.00883542542947647,0.000599781808532858,0.11712460809599,0.000397703740458589,0.00061989934014367,0,0.000769866585174943,0.000995535696980077,0,0,0.00968073343706921,0,0.00127197779271698,0.000353394772807229,0.687613104155554,3.72205099732796,2.06162666675536,1.90917190712028,0.00753487294592458,0.002826283969318,1.26968208422386,0.560835790311193,0.00305806300255298,0.0224951271473629,6.14860215941314e-05,0,0.00512960791104723,0.025258387416331,0.00110445032866387
0,0.00025396715508222,0,0,0,0,0,0,0,0,0,0,0.000146736684312176,0,0,0,0,0,0,0,0,0,0,7.71319001503104e-05,0,5.99673151032917e-05,0,0,0,0,0,0,0,0,0,0,0,0,0,0,0,0,0.00116660375957338,0.262691909313169,0.260133994189634,0.0112269673822233,0.000184982861902709,0,0,0.0186813883415993,0.000804006690934231,0.927827577495065,6.46191891269217e-05,0,0.00211884308090623,0.0500374949168607,0.0067783916994776,7.63332050872471e-05,0.00225360971304689,0.00171241919845053,0,0,0.00525249243086723,0,0.00968073343706921,0,0.00184339215403778,2.15655030158341,0,0.0497160774517588,0.00178703267200736,1.76734157685996,0.00287770711481936,0.000252314699418273,0.682684397774484,0.121189531269382,0.0347627686654113,0.117966974756812,0.0360197738391408,0.000397462645059288,0,0.00122151910957338,0.118675093692319,8.70617489234749e-05
0,0,0,0,0,0,0,0,0,0,0,0,0.00025547720256329,0,0,0,0,0.000880739953377856,0.000101793185389231,0,0,0,0,0,0.00283299059717915,0.00120467200031497,0.000899445365369827,0,0,0,0,0,0,0,2.0186489931192e-05,0,0,0.000405673399494447,0,0,0,0,0.000121533773543878,0.0517369106532699,0.0318746783591819,0.00246762157388317,0.000729677179956876,0,0.000433119523037609,0,0.00142180719880359,0.000807248326877984,0,0,0.000165761770308143,0.000140162568607428,0.00033673231546251,0.000767610882583951,0,0.77723386804885,0,0.00393219025888396,0.000301250691930424,0,0,0.00184339215403778,0,1.79527804868643,0,0,7.67168807945182e-05,0.000705130390956533,0.000139650227497833,0.0473883801678888,0.455142438337322,0.0202884497410872,4.33463907690817e-05,0.00178489237104924,3.28168542558273e-05,0.000725452336306122,0.000307829814112318,0.000562514576859449,0.0121763740888521,0
0,0.00182446886565109,5.7698455654516e-05,0,0,0,0,0,0,0,0.000329386717516384,0,0.00106688904210723,0,0,0.000135679120763288,0,0.00041324181682012,0.000573662686102288,0,0,0,0,0,0.00973942891806067,0.00267189945082094,0.00345228788475708,0,0,0,0.000446166198027106,0,0,0,0,0,0.000346921312456377,0.00025241512400663,0,0,0,0,0.000414513324127098,0.55347168131887,0.0760458525782004,0.0072814588421215,0.000576847035115452,0,0.000374519781248597,0.00205067983364756,0.00517525279728838,0.0561481420073402,0,0,0.000418358971980301,0.00400230404953089,0.000985118844858842,0.00036150880554274,2.797875857306e-05,0.280290177431031,0,0.00265398565268961,0.00100760599766626,0,0.00127197779271698,2.15655030158341,1.79527804868643,0,0,0.0011571271621792,0.00133535645047022,0.0213928051107475,0.000240860912478744,0.0244282852776798,2.995017108299,0.129505543853473,0.0027173186121561,0.0022423869077581,0.00207970738709472,0.00231542023622353,0.00148172344965979,0.000263013118085363,0.0933595240523243,0
0,0,0,0.130733884749959,0,0,0.000318991532768022,0,0.00221329309133028,0,0,0.031417611223403,0,0,0,0,0,0,0,0,0,0,0,0.0350400502120646,0,0,0,0.00016609985791349,0,0,0,0,0,0,0,0,0,0,0,0,0,0,0.000530123173473684,0.000735427119150937,0.00930175322681867,0.00255728618915096,0.0544272271459616,0.000321948825539192,0,0.040486488639147,0,0,5.90035177611553,0,0.136083465656194,0.00680007737962382,0.0306535189194349,0.0796335403533505,3.16301722424613,0.000623118777574589,6.57679156654473,0.000120467933036727,0.0441914968351518,0.00380297642832329,0.000353394772807229,0,0,0,0,0.000195896748898802,0,6.86658023640136e-05,1.00991737966584,0,8.74404751362232e-05,0,0.0561430847747294,0.0109785440346567,0.000660028961694164,0,0.000227609476980125,0.00300365722646335,0.121032936694384,0
0,0,0,0,0,0,0,0,0.00117123026892472,0,0,0,0,0,0,0.00286098802672844,0,0,0,0,0.00017616489386551,0.00229828918193908,0.000208978325516883,0.00211100173141545,0,2.56324578817803e-05,0.000150004367871742,0.000485859135032183,0,4.73191873289929e-05,0,0,0,0.000299662679884296,0.0010117281944724,0.00104974278261162,0.000631633675423822,0.000403312282679507,0.000146324664831213,0,0,0,0.0608332637745499,0.0466681603161581,0.34751615411518,0.0722643725699641,0.000218782519410887,6.41797388087426e-05,0.00019947615420036,0.00413005505574355,0.000134616670307262,0.0376801414636411,6.30511947806167e-05,0,0.00117509110176324,0.0916868953654723,0.00315286022656896,0.000385876958752973,0.00350154288823193,0.000560491056641067,0,0.000147582549426462,0.00418777542808269,0,0.687613104155554,0.0497160774517588,0,0.0011571271621792,0.000195896748898802,0,0.0066797202745976,5.45117361417648,0.0434363891441245,0,0.00465879665452126,0.00894063474338048,1.16139459447648,0.0548189106232553,2.2409576245372,0,0.000122634123124887,0.0889234301908864,0.101676371483028,0.00203287606934653
0,0.151747442599809,0.0017908733671156,0,0,0,0.00145461148162927,0,0.170254797745135,0,0.000113521439562321,0,0.000732484649624499,0,0,0.0459761188140046,0,0,0.000207324962843916,0,0.00248923371024869,0.255612231749035,0.000796776697512777,0.143040663118736,0.0109635372582614,0.000282782213872995,0.0137672136179943,0.0247606541501729,0,0.000246011482249309,0,0,0,0,0,0.000557278687777443,0.000342817874236648,0.000624544459953702,0,0,0,0,0.00578720498162196,0.00865838827002279,0.00416142444082232,0.00286035303183721,0,0,0.000131692053532159,0.000263457825258454,1.13672336673309,0.00114821142590955,0,0,0,0.000253979330645719,9.5272537692097e-05,1.5939338906977,5.5787027955433e-05,0.00110317468993417,0,0.0140806820614123,0.000101308885385321,0,3.72205099732796,0.00178703267200736,7.67168807945182e-05,0.00133535645047022,0,0.0066797202745976,0,0.00301609212168032,1.1689513990703,0.238837413569831,0.00316929171384996,1.36831206076645,0.021613059390937,0.000415749026364572,0.00107638222969809,0.000490470249787718,0,0.000506826444613456,0.000886025592557999,5.38423275284888e-05
0,0,3.38725351821181e-05,0,0,0,0,0,0.000903558359120074,0,0,0,0,0,0,0.000474950705602051,0,0,0,0,0.000112191928498151,0.000731854222392776,6.36035128375998e-05,0.000982290969705298,6.53347542127975e-05,2.48569463504153e-05,0.000110666489758121,6.71453671940666e-05,0,0,0,0,0,0.00012907477684029,0.00189279263786624,0.0017093930118183,0.000732355452611697,0.000444224263603252,0.000486565262597682,0,0,0,0.0610246027249207,0.404671336738495,0.802975949834129,0.126788331353917,0.00036156049516695,0,0.000358268488406734,0.0119356428730217,0.000174906035505513,3.26612319379881,0.000371605729024059,0,0.0028732804774675,0.0999263462392833,0.00591525304546593,0.00108204147756722,0.00400702464926641,0.000717385192567921,7.8644440199574e-05,0.000327113169088732,0.00813235862608199,0,2.06162666675536,1.76734157685996,0.000705130390956533,0.0213928051107475,6.86658023640136e-05,5.45117361417648,0.00301609212168032,0,0.0308130354900429,0,0.352210382681824,0.778685844411939,0.278650253742489,0.121886902191069,0.191415484347462,0,0,0.0256173719274965,0.030948055372375,0.0035293146118355
0,0.00483230657209427,0.000731694350645935,0.010361312024158,0,8.23006733746104e-05,0.00461950557131352,0,0.242724082383344,3.08690894225577e-05,4.81020287073572e-05,0.000100405210378384,6.35113489505148e-05,2.79930453961491e-05,0,0.00998069204951115,0,0,0,0,0.00129767136964838,0.0229476751761021,0.000194800021337838,0.295354333621387,0.000862591145384616,0.000214383226495382,0.0014255611846382,0.0368742891393106,0,0.00102638554227937,0.000310717609716292,0,7.0653966868972e-05,9.0321752735299e-05,5.68259377087253e-05,2.60734728168162e-05,0,0.000257602250992968,0,0,0,0,0.0116609998696934,0.00518974217924183,0.0196407578237466,0.00778606673200421,0.0224956820636496,7.44183791084908e-05,0,0.0349191381224346,0.0508782077873419,0.00649161518902783,4.05097161499032,0,0.0460160362414532,0.245555279972882,0.0151252639192095,3.8685637420489,0.34510990748789,0.000820653379900635,1.3062582366691,0.00197918280250339,0.0273253074484692,0.00630462069933115,1.90917190712028,0.00287770711481936,0.000139650227497833,0.000240860912478744,1.00991737966584,0.0434363891441245,1.1689513990703,0.0308130354900429,0,0.0206587262632715,0.00150367866356544,0.0470897801269597,2.68744582212547,0.0201478777328447,0.0138770785682591,4.30499339893493e-05,9.84472080596643e-05,0.0059831578873575,0.0778788186826752,0.000146368184349264
0,0.362357351875606,0.000319623589562404,0,0,0,0,0,0.00911981328778599,0,0.00612708229856372,0,0.0196232060750096,6.40761746272997e-05,0,0.00127497369777812,0,0.00273218026303928,0.00492920519221624,0,0,0.0307706117528221,0,0.00025266701354644,0.526311350274192,0.0380238230023635,0.0736303568033842,0,0,0,0.00436925427629885,0,0,0.00204480401419394,5.55747287942373e-05,0,0.00549562233510477,0.00212474847819847,0,0,0,0,0.00887372205114876,0.788355969374332,0.100576921159393,0.00483843381744081,0.000703813864179413,0.000294372459724423,0.734207562574053,0,2.72356243260817,0.000494054970182106,0,0,0.000663573318998708,0.000117503452517268,0.000296542588392899,0.211038983298176,0,0.344805062773935,0,5.36693571342961,0.000583603671329529,0,0.00753487294592458,0.000252314699418273,0.0473883801678888,0.0244282852776798,0,0,0.238837413569831,0,0.0206587262632715,0,0.26776026932308,1.41024250856255,8.03165349462396e-05,0.00425948573226682,6.72468655002413e-05,0.161444508654385,0.00225837510496167,0.000535216194453517,0.00734475478037724,1.22687613540551e-05
0,0.00512538163130704,0,0,0,0,0,0,0.000194356490990656,0,0.00176573069222048,0,0.00212759736567626,0,0,0,0,0.000979367445176729,0.00200073580095395,0,0,0.000572998811069383,0,1.35237469095703e-05,0.0266019470422422,0.0164439695374042,0.0180834508631531,2.29233659358782e-05,0.000101017345943125,0,0.000394749971832009,0,0,0.00120924407033036,0.000126043080605228,9.89408473646227e-05,0.00143500816377271,0.000739627993863933,0,0,0,0,0.00308868686247284,0.349880897200534,0.133163448766741,0.0114031515130753,0.00196816193070612,0.000273567801514818,0.00288844916352739,0.00581850681460224,0.0280431035171872,1.193783285296,3.60511115950722e-05,5.22842928277235e-05,0.00181912335413184,0.0165846247570352,0.00371507025588065,0.00264963122185989,0.000641535164055034,0.136549072687486,5.00786212642556e-05,0.354652863636919,0.0041493599052315,4.05151714156261e-05,0.002826283969318,0.682684397774484,0.455142438337322,2.995017108299,8.74404751362232e-05,0.00465879665452126,0.00316929171384996,0.352210382681824,0.00150367866356544,0.26776026932308,0,2.10111182599957,0.0100885449831005,0.00716185311001377,0.00721612744832308,0.354258829390905,0.00189450718559101,0.000469788295307475,0.0300092390878025,2.63191175306246e-05
0,0.125718480753225,0.000146631685185084,0,0,0,0,0,0.00281389751037555,0,0.00458042311711006,0,0.00742830832607642,2.53110699553749e-05,0,0.00065920898811049,0,0.00161189421251729,0.00306518488218989,0,2.38954310576153e-05,0.0489168161144078,7.70020922651981e-05,0.00073246921376021,0.112678981862552,0.0356288414109785,0.0743085826938029,0.000187791471012732,0.00018152776957192,2.85495678725863e-05,0.000507304301002555,0,0,0.0013862947712151,0.000201948924606081,0.000594667021411145,0.00397516121875886,0.00216124356294276,6.90661404136439e-05,0,0,0,0.0120097726990629,0.362470823175469,0.224162259200753,0.023569239221792,0.000833869780481282,0.000198876232706365,0.00146007450647064,0.000331375546759561,2.51639134774778,1.34238637321881,0,7.90769179722598e-05,0.000292483909461734,0.00201175496552447,0.00099060929040438,0.089650790887486,0.000114879034824049,0.0310886654861038,4.16951476013831e-05,0.675496400333515,0.000894995442188638,0,1.26968208422386,0.121189531269382,0.0202884497410872,0.129505543853473,0,0.00894063474338048,1.36831206076645,0.778685844411939,0.0470897801269597,1.41024250856255,2.10111182599957,0,0.0162030785894421,0.00439524784107452,0.00258950912300327,0.351174842022652,0.000628580703247731,0.000413942991806856,0.0241936574034138,0.000423347437558597
0,0.000150913812250812,0,7.74887089436691e-05,0,0,0.000598312311443822,0,0.0137491137455233,0,0,0,0,0,0,0.000826103556303162,0.000124641722555681,0,0,0,0.000262085038962957,0.00172985417185366,6.92132770116474e-05,0.00508486782232998,0,0,4.61588396184131e-05,0.00150106547007182,0,9.86516052114989e-05,0,0,0,0,0.000437101958079097,0.000325107563217077,0.000233760904851448,6.572717547167e-05,6.40820823246519e-05,0,0,0,0.0337882073797521,0.0234166061740261,0.0884032886445425,0.0255767645143832,0.00627096407522013,0.000185504864203757,3.85399304492808e-05,0.0320226528117606,0.000399858660785663,0.0416028877606415,0.534281944582258,3.01816991777053e-05,0.0116622790787881,2.02594397571069,0.0119130593476987,0.0256265746773494,0.750467168518119,0.000456404245073842,0.0089023535030976,0,0.0206029554465085,0.000130984422764492,0.560835790311193,0.0347627686654113,4.33463907690817e-05,0.0027173186121561,0.0561430847747294,1.16139459447648,0.021613059390937,0.278650253742489,2.68744582212547,8.03165349462396e-05,0.0100885449831005,0.0162030785894421,0,0.018579929806543,1.10370065974091,0,0.000268377548331977,0.0117804109353001,0.114535352508444,0.000483732438843804
0,0,0,0,0,0,0,0,0.000311071997313784,0,0,0,0,0,0,0.000139417906404073,0,0,0,0,0,7.85022441166221e-05,0,0.000159544686116141,0.000130697092497255,0.000115670741099522,0.000154909557094023,0,0,0,0,0,0,0,1.64087421894016e-05,0,0,0,0,0,0,0,0.0141146679047271,0.0313467554716334,0.445036208058449,0.0184530617907,0.143685646111124,0.0911730739923165,0.00133530775329628,0.423159195136081,8.16862386597301e-05,0.000189307784635629,0.00252008891717513,0.00898628056273503,0.0706131283720202,0.0313652794222069,0.173688016086061,0.000854009134152975,0.018074520895351,0.0659127630023101,0.0109419869470709,0.00301478946020037,5.19939053247524,0.00321492920140011,0.00305806300255298,0.117966974756812,0.00178489237104924,0.0022423869077581,0.0109785440346567,0.0548189106232553,0.000415749026364572,0.121886902191069,0.0201478777328447,0.00425948573226682,0.00716185311001377,0.00439524784107452,0.018579929806543,0,1.63794109741499,0.000289272160909813,1.33382503845007,2.25239747922613,2.07349829925896,0
0,0,0.000134094973348049,0,0,0,0.000111956486910422,0,0.000731786836100753,0,0,0,0,0,0,6.63784675644478e-05,0,0,0,0,0.000231102172777128,0,2.06162505895688e-05,0.000644163090604394,0,1.30313180565786e-05,5.97431659062554e-05,8.71126339468953e-05,0,0.00011087607970617,0,0,0,6.05645202872299e-05,0.000208337967776424,8.4444278678318e-05,0.000124913492255253,4.93054273478719e-05,0,0,0,0,0.0386353610992051,0.0365761155229379,0.0874848310736548,0.033820946665063,0.00088680080958674,0.000195851530732072,0.000104465555299355,0.127962483738861,0,0.0195048693671434,0.000394083230086215,0,0.00197062983263543,0.962651419555133,0.00651115918555834,0.000960010577383911,0.00379189391242736,0.000500463982722899,0.000294768579907134,0.000171823193779403,0.0475265181979514,0,0.0224951271473629,0.0360197738391408,3.28168542558273e-05,0.00207970738709472,0.000660028961694164,2.2409576245372,0.00107638222969809,0.191415484347462,0.0138770785682591,6.72468655002413e-05,0.00721612744832308,0.00258950912300327,1.10370065974091,1.63794109741499,0,0,0.000389131519438334,0.663150050168383,0.247460362031721,7.55120348867654e-05
0,0.00067341770709242,0,0,0,0,0,0,0,0,0,0,0.000301703686965638,0,0,0,0,0,0,0,0,0.000140545381430893,0,0,0.000876477280974727,0.000340671166576438,0.000178225509357809,0,0,0,0,0,0,0.000253714793029934,0,0,0,0,0,0,0,0,0.000362997614953151,0.0297301513295641,0.00572682141074963,0.000358684841407844,0,0,0.00406105127013731,0,0.00420564402317835,0,0,0,7.66940254688375e-05,0,4.15182463609047e-05,0.00144445269790933,0,0.0209220388842192,0,3.29980706883038,6.57223090116154e-05,0,6.14860215941314e-05,0.000397462645059288,0.000725452336306122,0.00231542023622353,0,0,0.000490470249787718,0,4.30499339893493e-05,0.161444508654385,0.354258829390905,0.351174842022652,0,0.000289272160909813,0,0,0,0,0.000459138653779584,0
0,0,0,0,0,0,0,0,0,0,0,0,0,0,0,0,0,0,0,0,0,0,0,0,0,4.36444926883357e-05,0,0,0,0,0,0,0,0,0,0,0,0,0,0,0,0,0.000141603787233702,0.0144765747624731,0.106480788480355,0.00912461512880222,0.14054711362484,1.33388043929607,0.00240978523207216,0.000561484441959374,0,0,0,1.56823481629291,0.175853822281153,0.000155946041003607,0.463283992639725,0.000391346939052881,0.000503321625232059,0.0550936748083768,0.000210541892966228,0.0011450242803839,0.0223333875676493,0.00355226250796632,0,0,0.000307829814112318,0.00148172344965979,0.000227609476980125,0.000122634123124887,0,0,9.84472080596643e-05,0.00225837510496167,0.00189450718559101,0.000628580703247731,0.000268377548331977,1.33382503845007,0.000389131519438334,0,0,0.0031235195716881,2.05456740487499,0
0,0,0,0,0,0,0,0,0.000973664071289189,0,0,0,0,0,0,0,0,0,0,0,0,0,0,0,0,0,5.14985661200255e-05,0,0,0,0,0,0,0,0,0,0,0,0,0,0,0,0.029888674388042,0.0200949321817944,0.210737486906309,0.096259578533587,0.00258844270715821,0.00121341632401484,0,0.0245770993223297,0,0.0010729954048168,0.00110645019992522,0,0.00252372388141805,0.0137990328492062,0.00779901573083953,0,0.00404019395295841,0.00301981728488859,0.00232865834243501,0.000121057565660887,0.0954808611856753,0,0.00512960791104723,0.00122151910957338,0.000562514576859449,0.000263013118085363,0.00300365722646335,0.0889234301908864,0.000506826444613456,0.0256173719274965,0.0059831578873575,0.000535216194453517,0.000469788295307475,0.000413942991806856,0.0117804109353001,2.25239747922613,0.663150050168383,0,0.0031235195716881,0,1.49169028707124,3.90125166747544e-05
0,0,0,0,0,0,0.000106626913962545,0,0.00239048844712095,0,0,0,0.00015504960022103,0,0,0,0,6.02900235155226e-05,0.000101630550878768,0,0.000202602253108097,0,6.01356434242785e-05,0.00101264791055973,0.000546574860920489,0.000273351670540198,0.000211841680333898,0,0,0,0,0,0,0,0.000290805474213078,0.000197157606198657,0.000331037417543071,0,0,0,0,0,0.0908769822258869,0.345086351123301,4.59640454808932,0.215242505527371,0.129260407446742,0.36726601204123,0.0130639218091004,0.0876491017336527,0.000498228514206808,0.0101214377785944,0.0213732704783646,0.10324654951533,0.0923066480257996,0.0613166035435827,0.143284849274338,0.00565959139042232,0.126766478817134,0.698110813407714,0.064465660028702,0.00626502132508305,0.282749399909853,0.00310404774334277,0.025258387416331,0.118675093692319,0.0121763740888521,0.0933595240523243,0.121032936694384,0.101676371483028,0.000886025592557999,0.030948055372375,0.0778788186826752,0.00734475478037724,0.0300092390878025,0.0241936574034138,0.114535352508444,2.07349829925896,0.247460362031721,0.000459138653779584,2.05456740487499,1.49169028707124,0,0.00062423593209239
0.000179479191243633,0,0.000744204727991672,0,0,0.00173829007020576,0.000329235299063979,8.92171800905729e-05,3.54149103166381e-05,5.76268821830764e-05,7.6684733689852e-05,0.00252962804256426,0,4.62984191076531e-05,0.00428262004080419,0.00106433395565662,9.51368597092499e-05,0,0.000103951568055052,0,0.00430484100144865,3.70944913956938e-05,0.00714701595439555,4.36057404560087e-05,0,0.000175041773471051,0.00152808802969705,0.00134817922187916,0.000218733700374481,0.000833160651754601,0,0,4.00115306198327e-05,0.001780551037724,1.36866921149512,0.0328933660664285,0.0366851812480318,0.0281596014664517,0.0169856397962204,0,0,3.89390669737113e-05,0.0396307800677583,0.0546779413110409,0.0189920226716778,0.0381781618795537,0.0031952952256495,0,0.000886623525508043,2.70089128348216e-05,0,0.000298017412089689,0,0,0.288629837202259,0.000163427063383667,0,0,0.00889934335637407,0.00046374708281644,0.105444325120666,1.82824786034048e-05,6.05258169366065e-05,0.0753494796450283,0.00110445032866387,8.70617489234749e-05,0,0,0,0.00203287606934653,5.38423275284888e-05,0.0035293146118355,0.000146368184349264,1.22687613540551e-05,2.63191175306246e-05,0.000423347437558597,0.000483732438843804,0,7.55120348867654e-05,0,0,3.90125166747544e-05,0.00062423593209239,0
